ISO-10303-21;
HEADER;
FILE_DESCRIPTION((''),'1');
FILE_NAME('outfile.stp','2026-08-08T16:52:59',(''),(''),'','','');
FILE_SCHEMA(('CONFIG_CONTROL_DESIGN'));
ENDSEC;
DATA;
#1=CALENDAR_DATE(2000,1,1);
#2=COORDINATED_UNIVERSAL_TIME_OFFSET(0,0,.BEHIND.);
#3=LOCAL_TIME(12,0,0.,#2);
#4=DATE_AND_TIME(#1,#3);
#5=DIMENSIONAL_EXPONENTS(0.,0.,0.,0.,0.,0.,0.);
#6=(
LENGTH_UNIT()
NAMED_UNIT(*)
SI_UNIT(.MILLI.,.METRE.)
);
#7=LENGTH_MEASURE_WITH_UNIT(LENGTH_MEASURE(304.8),#6);
#8=DIMENSIONAL_EXPONENTS(1.,0.,0.,0.,0.,0.,0.);
#9=(
CONVERSION_BASED_UNIT('FOOT',#7)
LENGTH_UNIT()
NAMED_UNIT(#8)
);
#10=UNCERTAINTY_MEASURE_WITH_UNIT(LENGTH_MEASURE(1.E-06),#9,'closure','Threshold below which geometry imperfections (such as overlaps) are not considered errors.');
#11=(
NAMED_UNIT(*)
PLANE_ANGLE_UNIT()
SI_UNIT($,.RADIAN.)
);
#12=PLANE_ANGLE_MEASURE_WITH_UNIT(PLANE_ANGLE_MEASURE(0.0174532925199433),#11);
#13=(
CONVERSION_BASED_UNIT('DEGREES',#12)
NAMED_UNIT(#5)
PLANE_ANGLE_UNIT()
);
#14=(
NAMED_UNIT(*)
SI_UNIT($,.STERADIAN.)
SOLID_ANGLE_UNIT()
);
#15=(
GEOMETRIC_REPRESENTATION_CONTEXT(3)
GLOBAL_UNCERTAINTY_ASSIGNED_CONTEXT((#10))
GLOBAL_UNIT_ASSIGNED_CONTEXT((#9,#13,#14))
REPRESENTATION_CONTEXT('STANDARD','3D')
);
#16=CARTESIAN_POINT('',(0.,0.,0.));
#17=DIRECTION('',(0.,0.,1.));
#18=DIRECTION('',(1.,0.,0.));
#19=AXIS2_PLACEMENT_3D('',#16,#17,#18);
#20=APPLICATION_CONTEXT('configuration controlled 3d designs of mechanical parts and assemblies');
#21=MECHANICAL_CONTEXT('',#20,'mechanical');
#22=APPLICATION_PROTOCOL_DEFINITION('international standard','config_control_design',1994,#20);
#23=DESIGN_CONTEXT('',#20,'design');
#24=PRODUCT('','prodname','',(#21));
#25=PRODUCT_RELATED_PRODUCT_CATEGORY('assembly','',(#24));
#26=PRODUCT_DEFINITION_FORMATION_WITH_SPECIFIED_SOURCE('','',#24,.MADE.);
#27=PRODUCT_DEFINITION('','',#26,#23);
#28=PRODUCT_DEFINITION_SHAPE('','ProductShapeDescription',#27);
#29=SHAPE_REPRESENTATION('',(#19),#15);
#30=SHAPE_DEFINITION_REPRESENTATION(#28,#29);
#31=PERSON('','Doe','John',$,$,$);
#32=ORGANIZATION('','','');
#33=PERSON_AND_ORGANIZATION(#31,#32);
#34=PERSON_AND_ORGANIZATION_ROLE('creator');
#35=PERSON_AND_ORGANIZATION_ROLE('design_owner');
#36=PERSON_AND_ORGANIZATION_ROLE('design_supplier');
#37=APPROVAL_STATUS('approved');
#38=APPROVAL(#37,'');
#39=APPROVAL_DATE_TIME(#4,#38);
#40=APPROVAL_ROLE('approver');
#41=APPROVAL_PERSON_ORGANIZATION(#33,#38,#40);
#42=SECURITY_CLASSIFICATION_LEVEL('unclassified');
#43=SECURITY_CLASSIFICATION('','',#42);
#44=CC_DESIGN_SECURITY_CLASSIFICATION(#43,(#26));
#45=PERSON_AND_ORGANIZATION_ROLE('classification_officer');
#46=CC_DESIGN_PERSON_AND_ORGANIZATION_ASSIGNMENT(#33,#45,(#43));
#47=DATE_TIME_ROLE('classification_date');
#48=CC_DESIGN_DATE_AND_TIME_ASSIGNMENT(#4,#47,(#43));
#49=CC_DESIGN_APPROVAL(#38,(#27,#26,#43));
#50=CC_DESIGN_PERSON_AND_ORGANIZATION_ASSIGNMENT(#33,#34,(#27,#26));
#51=CC_DESIGN_PERSON_AND_ORGANIZATION_ASSIGNMENT(#33,#36,(#26));
#52=DATE_TIME_ROLE('creation_date');
#53=CC_DESIGN_DATE_AND_TIME_ASSIGNMENT(#4,#52,(#27));
#54=CC_DESIGN_PERSON_AND_ORGANIZATION_ASSIGNMENT(#33,#35,(#24));
#55=B_SPLINE_SURFACE_WITH_KNOTS('Surf_YQAQDGAXIA, MainWing, 0, 1, lower',1,3,((#56, #57, #58, #62, #63, #64, #68, #69, #70, #74, #75, #76, #80, #81, #82, #86, #87, #88, #92, #93, #94, #98, #99, #100, #104, #105, #106, #110, #111, #112, #116, #117, #118, #122, #123, #124, #128, #129, #130, #134, #135, #136, #140, #141, #142, #146, #147, #148, #152, #153, #154, #158, #159, #160, #164, #165, #166, #170, #171, #172, #176, #177, #178, #182, #183, #184, #188, #189, #190, #194, #195, #196, #200, #201, #202, #206, #207, #208, #212, #213, #214, #218, #219, #220, #224, #225, #226, #230, #231, #232, #236, #237, #238, #242, #243, #244, #248, #249, #250, #254, #255, #256, #260, #261, #262, #266, #267, #268, #272, #273, #274, #278, #279, #280, #284, #285, #286, #290, #291, #292, #296, #297, #298, #302, #303, #304, #308, #309, #310, #314, #315, #316, #320, #321, #322, #326, #327, #328, #332, #333, #334, #338, #339, #340, #344, #345, #346, #350, #351, #352, #356, #357, #358, #362, #363, #364, #368, #369, #370, #374, #375, #376, #380, #381, #382, #386, #387, #388, #392, #393, #394, #398, #399, #400, #404, #405, #406, #410, #411, #412, #416, #417, #418, #422, #423, #424, #428, #429, #430, #434, #435, #436, #440, #441, #442, #446, #447, #448, #452, #453, #454, #458, #459, #460, #464, #465, #466, #470, #471, #472, #476, #477, #478, #482, #483, #484, #488, #489, #490, #494, #495, #496, #500, #501, #502, #506, #507, #508, #512, #513, #514, #518, #519, #520, #524, #525, #526, #530, #531, #532, #536, #537, #538, #542, #543, #544, #548, #549, #550, #554, #555, #556, #560, #561, #562, #566, #567, #568, #572, #573, #574, #578, #579, #580, #584, #585, #586, #590, #591, #592, #596, #597, #598, #602, #603, #604, #608, #609, #610, #614, #615, #616, #620, #621, #622, #626, #627, #628, #632, #633, #634, #638, #639, #640, #644, #645, #646, #650, #651, #652, #656, #657, #658, #662, #663, #664, #668, #669, #670, #674, #675, #676, #680, #681, #682, #686, #687, #688, #692, #693, #694, #698, #699, #700, #704, #705, #706, #710, #711, #712, #716, #717, #718, #722, #723, #724, #728, #729, #730, #734, #735, #736, #740, #741, #742, #746, #747, #748, #752, #753, #754, #758, #759, #760, #764, #765, #766, #770, #771, #772, #776, #777, #778, #782, #783, #784, #788, #789, #790, #794, #795, #796, #800, #801, #802, #806, #807, #808, #812, #813, #814, #818, #819, #820, #824, #825, #826, #830, #831, #832, #836, #837, #838, #842, #843, #844, #848, #849, #850, #854, #855, #856, #860, #861, #862, #866, #867, #868, #872, #873, #874, #878, #879, #880, #884, #885, #886, #890, #891, #892, #896, #897, #898, #902, #903, #904, #908, #909, #910, #914, #915, #916, #920, #921, #922, #926, #927, #928, #932, #933, #934, #938, #939, #940, #944, #945, #946, #950, #951, #952, #956, #957, #958, #962, #963, #964, #968, #969, #970, #974, #975, #976, #980, #981, #982, #986, #987, #988, #992, #993, #994, #998, #999, #1000, #1004, #1005, #1006, #1010, #1011, #1012, #1016, #1017, #1018, #1022, #1023, #1024, #1028, #1029, #1030, #1034, #1035, #1036, #1040, #1041, #1042, #1046, #1047, #1048, #1052, #1053, #1054, #1058, #1059, #1060, #1064, #1065, #1066, #1070, #1071, #1072, #1076, #1077, #1078, #1082, #1083, #1084, #1088, #1089, #1090, #1094, #1095, #1096, #1100, #1101, #1102, #1106, #1107, #1108, #1112, #1113, #1114, #1118, #1119, #1120, #1124, #1125, #1126, #1130, #1131, #1132, #1136, #1137, #1138, #1142, #1143, #1144, #1148, #1149, #1150, #1154, #1155, #1156, #1160, #1161, #1162, #1166, #1167, #1168, #1172, #1173, #1174, #1178, #1179, #1180, #1184, #1185, #1186, #1190, #1191, #1192, #1193),(#59, #60, #61, #65, #66, #67, #71, #72, #73, #77, #78, #79, #83, #84, #85, #89, #90, #91, #95, #96, #97, #101, #102, #103, #107, #108, #109, #113, #114, #115, #119, #120, #121, #125, #126, #127, #131, #132, #133, #137, #138, #139, #143, #144, #145, #149, #150, #151, #155, #156, #157, #161, #162, #163, #167, #168, #169, #173, #174, #175, #179, #180, #181, #185, #186, #187, #191, #192, #193, #197, #198, #199, #203, #204, #205, #209, #210, #211, #215, #216, #217, #221, #222, #223, #227, #228, #229, #233, #234, #235, #239, #240, #241, #245, #246, #247, #251, #252, #253, #257, #258, #259, #263, #264, #265, #269, #270, #271, #275, #276, #277, #281, #282, #283, #287, #288, #289, #293, #294, #295, #299, #300, #301, #305, #306, #307, #311, #312, #313, #317, #318, #319, #323, #324, #325, #329, #330, #331, #335, #336, #337, #341, #342, #343, #347, #348, #349, #353, #354, #355, #359, #360, #361, #365, #366, #367, #371, #372, #373, #377, #378, #379, #383, #384, #385, #389, #390, #391, #395, #396, #397, #401, #402, #403, #407, #408, #409, #413, #414, #415, #419, #420, #421, #425, #426, #427, #431, #432, #433, #437, #438, #439, #443, #444, #445, #449, #450, #451, #455, #456, #457, #461, #462, #463, #467, #468, #469, #473, #474, #475, #479, #480, #481, #485, #486, #487, #491, #492, #493, #497, #498, #499, #503, #504, #505, #509, #510, #511, #515, #516, #517, #521, #522, #523, #527, #528, #529, #533, #534, #535, #539, #540, #541, #545, #546, #547, #551, #552, #553, #557, #558, #559, #563, #564, #565, #569, #570, #571, #575, #576, #577, #581, #582, #583, #587, #588, #589, #593, #594, #595, #599, #600, #601, #605, #606, #607, #611, #612, #613, #617, #618, #619, #623, #624, #625, #629, #630, #631, #635, #636, #637, #641, #642, #643, #647, #648, #649, #653, #654, #655, #659, #660, #661, #665, #666, #667, #671, #672, #673, #677, #678, #679, #683, #684, #685, #689, #690, #691, #695, #696, #697, #701, #702, #703, #707, #708, #709, #713, #714, #715, #719, #720, #721, #725, #726, #727, #731, #732, #733, #737, #738, #739, #743, #744, #745, #749, #750, #751, #755, #756, #757, #761, #762, #763, #767, #768, #769, #773, #774, #775, #779, #780, #781, #785, #786, #787, #791, #792, #793, #797, #798, #799, #803, #804, #805, #809, #810, #811, #815, #816, #817, #821, #822, #823, #827, #828, #829, #833, #834, #835, #839, #840, #841, #845, #846, #847, #851, #852, #853, #857, #858, #859, #863, #864, #865, #869, #870, #871, #875, #876, #877, #881, #882, #883, #887, #888, #889, #893, #894, #895, #899, #900, #901, #905, #906, #907, #911, #912, #913, #917, #918, #919, #923, #924, #925, #929, #930, #931, #935, #936, #937, #941, #942, #943, #947, #948, #949, #953, #954, #955, #959, #960, #961, #965, #966, #967, #971, #972, #973, #977, #978, #979, #983, #984, #985, #989, #990, #991, #995, #996, #997, #1001, #1002, #1003, #1007, #1008, #1009, #1013, #1014, #1015, #1019, #1020, #1021, #1025, #1026, #1027, #1031, #1032, #1033, #1037, #1038, #1039, #1043, #1044, #1045, #1049, #1050, #1051, #1055, #1056, #1057, #1061, #1062, #1063, #1067, #1068, #1069, #1073, #1074, #1075, #1079, #1080, #1081, #1085, #1086, #1087, #1091, #1092, #1093, #1097, #1098, #1099, #1103, #1104, #1105, #1109, #1110, #1111, #1115, #1116, #1117, #1121, #1122, #1123, #1127, #1128, #1129, #1133, #1134, #1135, #1139, #1140, #1141, #1145, #1146, #1147, #1151, #1152, #1153, #1157, #1158, #1159, #1163, #1164, #1165, #1169, #1170, #1171, #1175, #1176, #1177, #1181, #1182, #1183, #1187, #1188, #1189, #1194, #1195, #1196, #1197)),.UNSPECIFIED.,.F.,.F.,.F.,(2,2),(4,3,3,3,3,3,3,3,3,3,3,3,3,3,3,3,3,3,3,3,3,3,3,3,3,3,3,3,3,3,3,3,3,3,3,3,3,3,3,3,3,3,3,3,3,3,3,3,3,3,3,3,3,3,3,3,3,3,3,3,3,3,3,3,3,3,3,3,3,3,3,3,3,3,3,3,3,3,3,3,3,3,3,3,3,3,3,3,3,3,3,3,3,3,3,3,3,3,3,3,3,3,3,3,3,3,3,3,3,3,3,3,3,3,3,3,3,3,3,3,3,3,3,3,3,3,3,3,3,3,3,3,3,3,3,3,3,3,3,3,3,3,3,3,3,3,3,3,3,3,3,3,3,3,3,3,3,3,3,3,3,3,3,3,3,3,3,3,3,3,3,3,3,3,3,3,3,3,3,3,3,3,3,3,3,3,3,3,3,3,4),(0.,1.),(0.,1.,2.,3.,4.,5.,6.,7.,8.,9.,10.,11.,12.,13.,14.,15.,16.,17.,18.,19.,20.,21.,22.,23.,24.,25.,26.,27.,28.,29.,30.,31.,32.,33.,34.,35.,36.,37.,38.,39.,40.,41.,42.,43.,44.,45.,46.,47.,48.,49.,50.,51.,52.,53.,54.,55.,56.,57.,58.,59.,60.,61.,62.,63.,64.,65.,66.,67.,68.,69.,70.,71.,72.,73.,74.,75.,76.,77.,78.,79.,80.,81.,82.,83.,84.,85.,86.,87.,88.,89.,90.,91.,92.,93.,94.,95.,96.,97.,98.,99.,100.,101.,102.,103.,104.,105.,106.,107.,108.,109.,110.,111.,112.,113.,114.,115.,116.,117.,118.,119.,120.,121.,122.,123.,124.,125.,126.,127.,128.,129.,130.,131.,132.,133.,134.,135.,136.,137.,138.,139.,140.,141.,142.,143.,144.,145.,146.,147.,148.,149.,150.,151.,152.,153.,154.,155.,156.,157.,158.,159.,160.,161.,162.,163.,164.,165.,166.,167.,168.,169.,170.,171.,172.,173.,174.,175.,176.,177.,178.,179.,180.,181.,182.,183.,184.,185.,186.,187.,188.,189.,190.),.PIECEWISE_BEZIER_KNOTS.);
#56=CARTESIAN_POINT('',(6.56316991764307,0.,0.0563504870924528));
#57=CARTESIAN_POINT('',(6.5457932115406,0.,0.0582515132238767));
#58=CARTESIAN_POINT('',(6.52841016454004,0.,0.0600876868967671));
#59=CARTESIAN_POINT('',(6.56316991764307,0.,0.0262738467819984));
#60=CARTESIAN_POINT('',(6.54560684446064,0.,0.0270648839884401));
#61=CARTESIAN_POINT('',(6.52804142849664,0.,0.0277889289772343));
#62=CARTESIAN_POINT('',(6.51102077664141,0.,0.0618590081111238));
#63=CARTESIAN_POINT('',(6.5023260826921,0.,0.0627446687183021));
#64=CARTESIAN_POINT('',(6.49363011247574,0.,0.0636123172793922));
#65=CARTESIAN_POINT('',(6.51047366975107,0.,0.0284459817483811));
#66=CARTESIAN_POINT('',(6.50168979037829,0.,0.0287745081339544));
#67=CARTESIAN_POINT('',(6.49290528728881,0.,0.0290787099293708));
#68=CARTESIAN_POINT('',(6.48493161462577,0.,0.0644713570225284));
#69=CARTESIAN_POINT('',(6.4762331167758,0.,0.0653303967656646));
#70=CARTESIAN_POINT('',(6.46753225751122,0.,0.0661777516679298));
#71=CARTESIAN_POINT('',(6.48412033639477,0.,0.0293936412873508));
#72=CARTESIAN_POINT('',(6.47533538550073,0.,0.0297085726453308));
#73=CARTESIAN_POINT('',(6.46654994452327,0.,0.0300258086226251));
#74=CARTESIAN_POINT('',(6.4588303909853,0.,0.0670029991027329));
#75=CARTESIAN_POINT('',(6.45012852445937,0.,0.0678282465375361));
#76=CARTESIAN_POINT('',(6.4414256506721,0.,0.0686313865048771));
#77=CARTESIAN_POINT('',(6.45776382054381,0.,0.0303069061806481));
#78=CARTESIAN_POINT('',(6.44897769656435,0.,0.0305880037386712));
#79=CARTESIAN_POINT('',(6.4401908895829,0.,0.0308329628774231));
#80=CARTESIAN_POINT('',(6.43272312377673,0.,0.0694019963781653));
#81=CARTESIAN_POINT('',(6.42402059688137,0.,0.0701726062514536));
#82=CARTESIAN_POINT('',(6.41531847832657,0.,0.0709099538669785));
#83=CARTESIAN_POINT('',(6.43140320668088,0.,0.0310033405583184));
#84=CARTESIAN_POINT('',(6.42261552377887,0.,0.0311737182392138));
#85=CARTESIAN_POINT('',(6.41382657529108,0.,0.0312649411131097));
#86=CARTESIAN_POINT('',(6.40661542149661,0.,0.0716204219343048));
#87=CARTESIAN_POINT('',(6.3892093078367,0.,0.0730413580689573));
#88=CARTESIAN_POINT('',(6.37180200717452,0.,0.0743578587137797));
#89=CARTESIAN_POINT('',(6.40503637869788,0.,0.0313062167895226));
#90=CARTESIAN_POINT('',(6.38745598551146,0.,0.0313887681423486));
#91=CARTESIAN_POINT('',(6.36987321803187,0.,0.0312624467101402));
#92=CARTESIAN_POINT('',(6.3543966054576,0.,0.0756445750353269));
#93=CARTESIAN_POINT('',(6.33699120374067,0.,0.076931291356874));
#94=CARTESIAN_POINT('',(6.3195888656611,0.,0.0782098821300369));
#95=CARTESIAN_POINT('',(6.35229424899526,0.,0.0310765600871672));
#96=CARTESIAN_POINT('',(6.33471527995866,0.,0.0308906734641942));
#97=CARTESIAN_POINT('',(6.31713286141716,0.,0.0306266985534512));
#98=CARTESIAN_POINT('',(6.30218546187372,0.,0.0793353499454528));
#99=CARTESIAN_POINT('',(6.29348375998003,0.,0.0798980838531607));
#100=CARTESIAN_POINT('',(6.28478182158046,0.,0.0804194698772389));
#101=CARTESIAN_POINT('',(6.29956000813143,0.,0.030132002956345));
#102=CARTESIAN_POINT('',(6.29077358148856,0.,0.029884655157792));
#103=CARTESIAN_POINT('',(6.28199001514386,0.,0.029576134717316));
#104=CARTESIAN_POINT('',(6.27607858204374,0.,0.0808874825349395));
#105=CARTESIAN_POINT('',(6.26737534250701,0.,0.0813554951926401));
#106=CARTESIAN_POINT('',(6.25867112742065,0.,0.0817784552236104));
#107=CARTESIAN_POINT('',(6.27320870569132,0.,0.0291922431339172));
#108=CARTESIAN_POINT('',(6.26442739623877,0.,0.0288083515505185));
#109=CARTESIAN_POINT('',(6.2556481863211,0.,0.0283605096171874));
#110=CARTESIAN_POINT('',(6.24996683030826,0.,0.082184413295363));
#111=CARTESIAN_POINT('',(6.24126253319587,0.,0.0825903713671156));
#112=CARTESIAN_POINT('',(6.23255815405744,0.,0.0829793274796506));
#113=CARTESIAN_POINT('',(6.24687011610192,0.,0.0278870820451625));
#114=CARTESIAN_POINT('',(6.23809204588275,0.,0.0274136544731375));
#115=CARTESIAN_POINT('',(6.22931511536208,0.,0.0269146412624189));
#116=CARTESIAN_POINT('',(6.22385458641658,0.,0.0833793323004808));
#117=CARTESIAN_POINT('',(6.21515101877571,0.,0.0837793371213109));
#118=CARTESIAN_POINT('',(6.20644825470717,0.,0.0841894242620542));
#119=CARTESIAN_POINT('',(6.22053836470355,0.,0.0264284071242449));
#120=CARTESIAN_POINT('',(6.21176161404503,0.,0.0259421729860709));
#121=CARTESIAN_POINT('',(6.20298447875329,0.,0.0254632425407395));
#122=CARTESIAN_POINT('',(6.19774561282009,0.,0.0845879024642586));
#123=CARTESIAN_POINT('',(6.18034032904594,0.,0.0853848588686675));
#124=CARTESIAN_POINT('',(6.16293787773731,0.,0.0861395002449748));
#125=CARTESIAN_POINT('',(6.19420816332199,0.,0.0249648101431561));
#126=CARTESIAN_POINT('',(6.17665553245938,0.,0.0239679453479892));
#127=CARTESIAN_POINT('',(6.15910856566475,0.,0.0228864447381427));
#128=CARTESIAN_POINT('',(6.14554165388259,0.,0.0868027468590779));
#129=CARTESIAN_POINT('',(6.12814543002786,0.,0.0874659934731812));
#130=CARTESIAN_POINT('',(6.1107529624551,0.,0.088062449335221));
#131=CARTESIAN_POINT('',(6.14157405442445,0.,0.0216221589174742));
#132=CARTESIAN_POINT('',(6.12403954318414,0.,0.0203578730968057));
#133=CARTESIAN_POINT('',(6.10651254472228,0.,0.0189600072033076));
#134=CARTESIAN_POINT('',(6.09336719839295,0.,0.0885930774626573));
#135=CARTESIAN_POINT('',(6.08467431636187,0.,0.0888583915263755));
#136=CARTESIAN_POINT('',(6.07598295621237,0.,0.0891042273349418));
#137=CARTESIAN_POINT('',(6.08899895305219,0.,0.017430484309827));
#138=CARTESIAN_POINT('',(6.08024215721714,0.,0.0166657228630867));
#139=CARTESIAN_POINT('',(6.07148900166321,0.,0.0158661222495065));
#140=CARTESIAN_POINT('',(6.06729430763094,0.,0.0893337424138872));
#141=CARTESIAN_POINT('',(6.05860565904951,0.,0.0895632574928327));
#142=CARTESIAN_POINT('',(6.04991942834512,0.,0.0897792882297393));
#143=CARTESIAN_POINT('',(6.06273953120015,0.,0.0150218837340937));
#144=CARTESIAN_POINT('',(6.05399006073709,0.,0.0141776452186809));
#145=CARTESIAN_POINT('',(6.04524389750832,0.,0.0132958877753796));
#146=CARTESIAN_POINT('',(6.04123361247235,0.,0.089982379947889));
#147=CARTESIAN_POINT('',(6.02386198072679,0.,0.0903885633841885));
#148=CARTESIAN_POINT('',(6.0064892610323,0.,0.0907510030987067));
#149=CARTESIAN_POINT('',(6.03649961997721,0.,0.012395541337983));
#150=CARTESIAN_POINT('',(6.01901106491499,0.,0.0105948484631897));
#151=CARTESIAN_POINT('',(6.00152736697678,0.,0.00875521198377555));
#152=CARTESIAN_POINT('',(5.98911079877337,0.,0.0910193913604719));
#153=CARTESIAN_POINT('',(5.97173233651444,0.,0.0912877796222372));
#154=CARTESIAN_POINT('',(5.95435248690178,0.,0.091475816105638));
#155=CARTESIAN_POINT('',(5.98405017669162,0.,0.00685166367579403));
#156=CARTESIAN_POINT('',(5.96657298640647,0.,0.0049481153678125));
#157=CARTESIAN_POINT('',(5.94910489814932,0.,0.00296583997298854));
#158=CARTESIAN_POINT('',(5.93697868188235,0.,0.0916777482368114));
#159=CARTESIAN_POINT('',(5.91960487686292,0.,0.091879680367985));
#160=CARTESIAN_POINT('',(5.90223229324203,0.,0.0920685861903576));
#161=CARTESIAN_POINT('',(5.93164007039399,0.,0.00095041788258338));
#162=CARTESIAN_POINT('',(5.91417524263866,0.,-0.00106500420782178));
#163=CARTESIAN_POINT('',(5.8967125393533,0.,-0.00310867614985088));
#164=CARTESIAN_POINT('',(5.88487144382132,0.,0.0921703580915453));
#165=CARTESIAN_POINT('',(5.87619101911097,0.,0.092221244042139));
#166=CARTESIAN_POINT('',(5.867514199963,0.,0.0922451868755531));
#167=CARTESIAN_POINT('',(5.87927322488398,0.,-0.00532716512846453));
#168=CARTESIAN_POINT('',(5.87055356764932,0.,-0.00643640961777135));
#169=CARTESIAN_POINT('',(5.86184110164336,0.,-0.00759967763999132));
#170=CARTESIAN_POINT('',(5.85884033222977,0.,0.0922460874405814));
#171=CARTESIAN_POINT('',(5.85016646449653,0.,0.0922469880056096));
#172=CARTESIAN_POINT('',(5.84149505423643,0.,0.0922288951341367));
#173=CARTESIAN_POINT('',(5.85313454841363,0.,-0.00880896149256049));
#174=CARTESIAN_POINT('',(5.84442799518391,0.,-0.0100182453451297));
#175=CARTESIAN_POINT('',(5.83572636684723,0.,-0.0112654473642788));
#176=CARTESIAN_POINT('',(5.83282369551163,0.,0.0922101149957046));
#177=CARTESIAN_POINT('',(5.82415233678682,0.,0.0921913348572729));
#178=CARTESIAN_POINT('',(5.8154806873303,0.,0.0921720365709242));
#179=CARTESIAN_POINT('',(5.82702488137078,0.,-0.0125137492059481));
#180=CARTESIAN_POINT('',(5.81832339589434,0.,-0.0137620510476173));
#181=CARTESIAN_POINT('',(5.80962171162866,0.,-0.0150085521803989));
#182=CARTESIAN_POINT('',(5.80680730415468,0.,0.0921691143092427));
#183=CARTESIAN_POINT('',(5.79813392097907,0.,0.0921661920475608));
#184=CARTESIAN_POINT('',(5.7894597078451,0.,0.0921721419746317));
#185=CARTESIAN_POINT('',(5.80091612073818,0.,-0.0162255571407846));
#186=CARTESIAN_POINT('',(5.79221052984771,0.,-0.0174425621011703));
#187=CARTESIAN_POINT('',(5.7835028398539,0.,-0.0186450785609892));
#188=CARTESIAN_POINT('',(5.78078639859694,0.,0.0921808794434007));
#189=CARTESIAN_POINT('',(5.77211308934877,0.,0.0921896169121699));
#190=CARTESIAN_POINT('',(5.76344036104622,0.,0.092198747806909));
#191=CARTESIAN_POINT('',(5.77479569658424,0.,-0.0198513686960111));
#192=CARTESIAN_POINT('',(5.76608855331458,0.,-0.0210576588310329));
#193=CARTESIAN_POINT('',(5.75738195676905,0.,-0.0222677226412577));
#194=CARTESIAN_POINT('',(5.75476832506864,0.,0.0921901592821753));
#195=CARTESIAN_POINT('',(5.74609628909107,0.,0.0921815707574414));
#196=CARTESIAN_POINT('',(5.73742544950801,0.,0.0921518793801847));
#197=CARTESIAN_POINT('',(5.74867855277513,0.,-0.0234998223024552));
#198=CARTESIAN_POINT('',(5.7399751487812,0.,-0.0247319219636527));
#199=CARTESIAN_POINT('',(5.73127594547796,0.,-0.0259928243419232));
#200=CARTESIAN_POINT('',(5.72875356791943,0.,0.092098633074162));
#201=CARTESIAN_POINT('',(5.71140980474225,0.,0.0919921404621167));
#202=CARTESIAN_POINT('',(5.69406198722811,0.,0.0917885973159528));
#203=CARTESIAN_POINT('',(5.72257888913404,0.,-0.0272694700746376));
#204=CARTESIAN_POINT('',(5.70518477644619,0.,-0.0298227615400663));
#205=CARTESIAN_POINT('',(5.68780005153972,0.,-0.0324404431144751));
#206=CARTESIAN_POINT('',(5.67672003341351,0.,0.0915599986101307));
#207=CARTESIAN_POINT('',(5.65937807959892,0.,0.0913313999043085));
#208=CARTESIAN_POINT('',(5.64204353668972,0.,0.0910892159397036));
#209=CARTESIAN_POINT('',(5.67042516820498,0.,-0.035122216492441));
#210=CARTESIAN_POINT('',(5.65305028487023,0.,-0.037803989870407));
#211=CARTESIAN_POINT('',(5.63568524310722,0.,-0.04054985505193));
#212=CARTESIAN_POINT('',(5.62471346829468,0.,0.0908101446649793));
#213=CARTESIAN_POINT('',(5.61604843409716,0.,0.0906706090276173));
#214=CARTESIAN_POINT('',(5.60738446486992,0.,0.0905247444316397));
#215=CARTESIAN_POINT('',(5.6183304967063,0.,-0.0433595137315871));
#216=CARTESIAN_POINT('',(5.60965312350584,0.,-0.0447643430714156));
#217=CARTESIAN_POINT('',(5.60097788024593,0.,-0.0461818303284754));
#218=CARTESIAN_POINT('',(5.5987224569376,0.,0.0903672813149292));
#219=CARTESIAN_POINT('',(5.59006044900529,0.,0.0902098181982186));
#220=CARTESIAN_POINT('',(5.58140085595941,0.,0.0900377072664786));
#221=CARTESIAN_POINT('',(5.59230655957588,0.,-0.0476225146270008));
#222=CARTESIAN_POINT('',(5.58363523890583,0.,-0.0490631989255263));
#223=CARTESIAN_POINT('',(5.57496874800865,0.,-0.0505331788541104));
#224=CARTESIAN_POINT('',(5.57274219713968,0.,0.0898599296610643));
#225=CARTESIAN_POINT('',(5.56408353831994,0.,0.0896821520556499));
#226=CARTESIAN_POINT('',(5.55542581372634,0.,0.0894987077765613));
#227=CARTESIAN_POINT('',(5.56630412556376,0.,-0.0520144921300433));
#228=CARTESIAN_POINT('',(5.55763950311887,0.,-0.0534958054059762));
#229=CARTESIAN_POINT('',(5.54897674912626,0.,-0.0549884520292579));
#230=CARTESIAN_POINT('',(5.5467675426986,0.,0.0893185779651533));
#231=CARTESIAN_POINT('',(5.53810927167086,0.,0.0891384481537452));
#232=CARTESIAN_POINT('',(5.52944992673762,0.,0.0889648322544196));
#233=CARTESIAN_POINT('',(5.54031290226535,0.,-0.0564744697171781));
#234=CARTESIAN_POINT('',(5.53164905540444,0.,-0.0579604874050983));
#235=CARTESIAN_POINT('',(5.52298306073253,0.,-0.0594334772688537));
#236=CARTESIAN_POINT('',(5.520790695633,0.,0.0887905259307016));
#237=CARTESIAN_POINT('',(5.50347223342377,0.,0.0884419132832657));
#238=CARTESIAN_POINT('',(5.4861577257833,0.,0.0881249605756786));
#239=CARTESIAN_POINT('',(5.51431729371788,0.,-0.0609078479813939));
#240=CARTESIAN_POINT('',(5.49698575968857,0.,-0.0638565894064742));
#241=CARTESIAN_POINT('',(5.4796542260825,0.,-0.0668053333232505));
#242=CARTESIAN_POINT('',(5.46883831737547,0.,0.0877687824980414));
#243=CARTESIAN_POINT('',(5.45151890896764,0.,0.0874126044204042));
#244=CARTESIAN_POINT('',(5.4341872290652,0.,0.0870217932954077));
#245=CARTESIAN_POINT('',(5.4623226905477,0.,-0.0697540658853264));
#246=CARTESIAN_POINT('',(5.4449911550129,0.,-0.0727027984474023));
#247=CARTESIAN_POINT('',(5.42765034921459,0.,-0.0755985135823228));
#248=CARTESIAN_POINT('',(5.41685709678312,0.,0.0865755320276442));
#249=CARTESIAN_POINT('',(5.40819203064208,0.,0.0863524013937624));
#250=CARTESIAN_POINT('',(5.39952799779459,0.,0.0861164050172012));
#251=CARTESIAN_POINT('',(5.41031942872635,0.,-0.0785507632380547));
#252=CARTESIAN_POINT('',(5.40165396848222,0.,-0.0800268880659206));
#253=CARTESIAN_POINT('',(5.3929915884404,0.,-0.0815206287197175));
#254=CARTESIAN_POINT('',(5.39086745351254,0.,0.0858690171413938));
#255=CARTESIAN_POINT('',(5.38220690923049,0.,0.0856216292655864));
#256=CARTESIAN_POINT('',(5.37354966004269,0.,0.0853662848377405));
#257=CARTESIAN_POINT('',(5.38433493827047,0.,-0.083047138784046));
#258=CARTESIAN_POINT('',(5.37567828810054,0.,-0.0845736488483745));
#259=CARTESIAN_POINT('',(5.36702664157503,0.,-0.0861287749719184));
#260=CARTESIAN_POINT('',(5.36489310543716,0.,0.0851035407793775));
#261=CARTESIAN_POINT('',(5.3475799962261,0.,0.0845780526626515));
#262=CARTESIAN_POINT('',(5.33026952769019,0.,0.0840378340477283));
#263=CARTESIAN_POINT('',(5.35837688361179,0.,-0.0876947018648839));
#264=CARTESIAN_POINT('',(5.34107736768531,0.,-0.0908265556508151));
#265=CARTESIAN_POINT('',(5.3237831328525,0.,-0.0939878725733118));
#266=CARTESIAN_POINT('',(5.31295301104626,0.,0.0835311879457643));
#267=CARTESIAN_POINT('',(5.29563649440234,0.,0.0830245418438004));
#268=CARTESIAN_POINT('',(5.27831748706643,0.,0.0825313740417317));
#269=CARTESIAN_POINT('',(5.30647680148936,0.,-0.0970820470913094));
#270=CARTESIAN_POINT('',(5.28917047012623,0.,-0.100176221609307));
#271=CARTESIAN_POINT('',(5.27185915680702,0.,-0.103243444298898));
#272=CARTESIAN_POINT('',(5.26100906839493,0.,0.0819809222182064));
#273=CARTESIAN_POINT('',(5.25235485905917,0.,0.0817056963064437));
#274=CARTESIAN_POINT('',(5.24370350404888,0.,0.0814118535588614));
#275=CARTESIAN_POINT('',(5.25456902089288,0.,-0.106425234395199));
#276=CARTESIAN_POINT('',(5.24592395293582,0.,-0.108016129443349));
#277=CARTESIAN_POINT('',(5.2372850436144,0.,-0.109640342025535));
#278=CARTESIAN_POINT('',(5.23505439670144,0.,0.0811163537956973));
#279=CARTESIAN_POINT('',(5.22640528935401,0.,0.0808208540325332));
#280=CARTESIAN_POINT('',(5.21775824638037,0.,0.0805221021122969));
#281=CARTESIAN_POINT('',(5.22864914123588,0.,-0.111280821834467));
#282=CARTESIAN_POINT('',(5.22001323885736,0.,-0.1129213016434));
#283=CARTESIAN_POINT('',(5.21138034342174,0.,-0.11457804867908));
#284=CARTESIAN_POINT('',(5.20911064705763,0.,0.0802195297713697));
#285=CARTESIAN_POINT('',(5.2004630477349,0.,0.0799169574304425));
#286=CARTESIAN_POINT('',(5.19181419092654,0.,0.079614357740257));
#287=CARTESIAN_POINT('',(5.20274730323629,0.,-0.116234012634219));
#288=CARTESIAN_POINT('',(5.19411426305083,0.,-0.117889976589359));
#289=CARTESIAN_POINT('',(5.18547967584245,0.,-0.119537571321092));
#290=CARTESIAN_POINT('',(5.18316348469856,0.,0.0793001869149789));
#291=CARTESIAN_POINT('',(5.17451277847058,0.,0.0789860160897008));
#292=CARTESIAN_POINT('',(5.16585991433034,0.,0.0786575893601014));
#293=CARTESIAN_POINT('',(5.17684444749619,0.,-0.121181697566564));
#294=CARTESIAN_POINT('',(5.16820921914992,0.,-0.122825823812036));
#295=CARTESIAN_POINT('',(5.15957334966577,0.,-0.124466481571246));
#296=CARTESIAN_POINT('',(5.15720591593178,0.,0.0783174231811342));
#297=CARTESIAN_POINT('',(5.13989791913468,0.,0.0776370908231999));
#298=CARTESIAN_POINT('',(5.12258553948012,0.,0.0769186155788437));
#299=CARTESIAN_POINT('',(5.15093774492875,0.,-0.126108571581338));
#300=CARTESIAN_POINT('',(5.13366653545472,0.,-0.129392751601522));
#301=CARTESIAN_POINT('',(5.11639532590592,0.,-0.132676931227947));
#302=CARTESIAN_POINT('',(5.10527674529087,0.,0.0762313482159933));
#303=CARTESIAN_POINT('',(5.08796795110161,0.,0.0755440808531428));
#304=CARTESIAN_POINT('',(5.07065915658317,0.,0.0748568152242638));
#305=CARTESIAN_POINT('',(5.0991241157748,0.,-0.135961107787021));
#306=CARTESIAN_POINT('',(5.08185290564369,0.,-0.139245284346095));
#307=CARTESIAN_POINT('',(5.06458169485419,0.,-0.142529457437227));
#308=CARTESIAN_POINT('',(5.05335036190117,0.,0.0741695504569061));
#309=CARTESIAN_POINT('',(5.04469596456017,0.,0.0738259180732273));
#310=CARTESIAN_POINT('',(5.03604137602285,0.,0.0734804638592212));
#311=CARTESIAN_POINT('',(5.04731048373758,0.,-0.145813628805316));
#312=CARTESIAN_POINT('',(5.03867487817928,0.,-0.14745571448936));
#313=CARTESIAN_POINT('',(5.0300392725392,0.,-0.149097799742643));
#314=CARTESIAN_POINT('',(5.02738748611186,0.,0.0731416690751328));
#315=CARTESIAN_POINT('',(5.01873359620087,0.,0.0728028742910443));
#316=CARTESIAN_POINT('',(5.01008019003309,0.,0.0724686907249221));
#317=CARTESIAN_POINT('',(5.02140366685874,0.,-0.150739884783279));
#318=CARTESIAN_POINT('',(5.01276806117829,0.,-0.152381969823914));
#319=CARTESIAN_POINT('',(5.00413245545746,0.,-0.154024054651901));
#320=CARTESIAN_POINT('',(5.00142630831696,0.,0.0721299743432633));
#321=CARTESIAN_POINT('',(4.99277242660083,0.,0.0717912579616045));
#322=CARTESIAN_POINT('',(4.98411806933634,0.,0.0714480087644093));
#323=CARTESIAN_POINT('',(4.99549684973768,0.,-0.155666139485353));
#324=CARTESIAN_POINT('',(4.98686124401789,0.,-0.157308224318804));
#325=CARTESIAN_POINT('',(4.97822563829914,0.,-0.15895030915772));
#326=CARTESIAN_POINT('',(4.97546227723191,0.,0.0710910827181748));
#327=CARTESIAN_POINT('',(4.96680648512749,0.,0.0707341566719403));
#328=CARTESIAN_POINT('',(4.95814898084558,0.,0.0703609102580189));
#329=CARTESIAN_POINT('',(4.96959003262284,0.,-0.160592394220212));
#330=CARTESIAN_POINT('',(4.96095442694654,0.,-0.162234479282704));
#331=CARTESIAN_POINT('',(4.95231882131268,0.,-0.163876564568773));
#332=CARTESIAN_POINT('',(4.94949037044307,0.,0.0699771199459437));
#333=CARTESIAN_POINT('',(4.93217314963803,0.,0.0692095393217932));
#334=CARTESIAN_POINT('',(4.91485216877856,0.,0.0684061163063714));
#335=CARTESIAN_POINT('',(4.94368321576267,0.,-0.165518650296531));
#336=CARTESIAN_POINT('',(4.92641200466266,0.,-0.168802821752047));
#337=CARTESIAN_POINT('',(4.90914079389807,0.,-0.17208699497432));
#338=CARTESIAN_POINT('',(4.89753436220673,0.,0.0676329450553824));
#339=CARTESIAN_POINT('',(4.86289874906307,0.,0.0660866025534043));
#340=CARTESIAN_POINT('',(4.82826313810174,0.,0.0645402618544387));
#341=CARTESIAN_POINT('',(4.89186958380015,0.,-0.175371171708249));
#342=CARTESIAN_POINT('',(4.8573271636043,0.,-0.181939525176107));
#343=CARTESIAN_POINT('',(4.82278474603201,0.,-0.188507892463287));
#344=CARTESIAN_POINT('',(4.79362752609362,0.,0.0629939328025139));
#345=CARTESIAN_POINT('',(4.77630972008956,0.,0.0622207682765515));
#346=CARTESIAN_POINT('',(4.75899154420832,0.,0.0614437032139368));
#347=CARTESIAN_POINT('',(4.78824232556311,0.,-0.195076244492874));
#348=CARTESIAN_POINT('',(4.77097111532867,0.,-0.198360420507667));
#349=CARTESIAN_POINT('',(4.7536999055918,0.,-0.20164459914341));
#350=CARTESIAN_POINT('',(4.741675078432,0.,0.0606846525358063));
#351=CARTESIAN_POINT('',(4.72435861265568,0.,0.0599256018576758));
#352=CARTESIAN_POINT('',(4.70704131185276,0.,0.0591767987111771));
#353=CARTESIAN_POINT('',(4.7364286960833,0.,-0.204928778982084));
#354=CARTESIAN_POINT('',(4.71915748657481,0.,-0.208212958820758));
#355=CARTESIAN_POINT('',(4.70188388828229,0.,-0.211484215598819));
#356=CARTESIAN_POINT('',(4.68972083517059,0.,0.0583418107921819));
#357=CARTESIAN_POINT('',(4.67240035848843,0.,0.0575068228731867));
#358=CARTESIAN_POINT('',(4.65507658603086,0.,0.0565977560968794));
#359=CARTESIAN_POINT('',(4.68461690357339,0.,-0.214791251135435));
#360=CARTESIAN_POINT('',(4.6673499188645,0.,-0.21809828667205));
#361=CARTESIAN_POINT('',(4.65008787084904,0.,-0.221432029164483));
#362=CARTESIAN_POINT('',(4.63774344593723,0.,0.0557588232616926));
#363=CARTESIAN_POINT('',(4.6204103058436,0.,0.0549198904265057));
#364=CARTESIAN_POINT('',(4.60306661802819,0.,0.054166270911538));
#365=CARTESIAN_POINT('',(4.63280464715418,0.,-0.22465121361483));
#366=CARTESIAN_POINT('',(4.61552142345932,0.,-0.227870398065177));
#367=CARTESIAN_POINT('',(4.59821356070742,0.,-0.230956288146464));
#368=CARTESIAN_POINT('',(4.58572261478506,0.,0.0534044302826281));
#369=CARTESIAN_POINT('',(4.56837861154193,0.,0.0526425896537183));
#370=CARTESIAN_POINT('',(4.55103744913192,0.,0.0518609344364066));
#371=CARTESIAN_POINT('',(4.58090631233542,0.,-0.234045501784488));
#372=CARTESIAN_POINT('',(4.56359906396343,0.,-0.237134715422512));
#373=CARTESIAN_POINT('',(4.54629801473655,0.,-0.24025746540107));
#374=CARTESIAN_POINT('',(4.5336972184692,0.,0.051099577287457));
#375=CARTESIAN_POINT('',(4.51635698780648,0.,0.0503382201385074));
#376=CARTESIAN_POINT('',(4.49901575804657,0.,0.0495848637127648));
#377=CARTESIAN_POINT('',(4.52899588000174,0.,-0.243374342675925));
#378=CARTESIAN_POINT('',(4.51169374526692,0.,-0.246491219950781));
#379=CARTESIAN_POINT('',(4.49438935089911,0.,-0.249595174299694));
#380=CARTESIAN_POINT('',(4.48167179716354,0.,0.0487440104559825));
#381=CARTESIAN_POINT('',(4.46432783628051,0.,0.0479031571992001));
#382=CARTESIAN_POINT('',(4.44698114523481,0.,0.0469901408635972));
#383=CARTESIAN_POINT('',(4.4770912833509,0.,-0.25273531154618));
#384=CARTESIAN_POINT('',(4.4597932158027,0.,-0.255875448792665));
#385=CARTESIAN_POINT('',(4.44249972328702,0.,-0.259041750594058));
#386=CARTESIAN_POINT('',(4.42962554155508,0.,0.0461501237574812));
#387=CARTESIAN_POINT('',(4.41226993787535,0.,0.0453101066513653));
#388=CARTESIAN_POINT('',(4.39491003381928,0.,0.0445447047633151));
#389=CARTESIAN_POINT('',(4.42518588713569,0.,-0.262091706705542));
#390=CARTESIAN_POINT('',(4.40787205098436,0.,-0.265141662817026));
#391=CARTESIAN_POINT('',(4.3905439457094,0.,-0.268113176569089));
#392=CARTESIAN_POINT('',(4.37754416993606,0.,0.0437904106469061));
#393=CARTESIAN_POINT('',(4.36886123799445,0.,0.0434132635887016));
#394=CARTESIAN_POINT('',(4.3601769020816,0.,0.0430362565812796));
#395=CARTESIAN_POINT('',(4.37320660942522,0.,-0.271028404370205));
#396=CARTESIAN_POINT('',(4.36453794128313,0.,-0.272486018270763));
#397=CARTESIAN_POINT('',(4.35586734872128,0.,-0.273931561999534));
#398=CARTESIAN_POINT('',(4.35148936335302,0.,0.0426568423778232));
#399=CARTESIAN_POINT('',(4.34280182462444,0.,0.0422774281743668));
#400=CARTESIAN_POINT('',(4.33411068809032,0.,0.0418951414845433));
#401=CARTESIAN_POINT('',(4.34719262315473,0.,-0.275351593370707));
#402=CARTESIAN_POINT('',(4.33851789758817,0.,-0.27677162474188));
#403=CARTESIAN_POINT('',(4.3298385210242,0.,-0.278163444849519));
#404=CARTESIAN_POINT('',(4.32541806852197,0.,0.0415094143714924));
#405=CARTESIAN_POINT('',(4.30803282938527,0.,0.0407379601453906));
#406=CARTESIAN_POINT('',(4.29064360972936,0.,0.0399529821072936));
#407=CARTESIAN_POINT('',(4.32115745978878,0.,-0.279545046362659));
#408=CARTESIAN_POINT('',(4.30379533731795,0.,-0.282308249388939));
#409=CARTESIAN_POINT('',(4.28642917503245,0.,-0.285046173777687));
#410=CARTESIAN_POINT('',(4.27326158208805,0.,0.0391607865104776));
#411=CARTESIAN_POINT('',(4.25587955444673,0.,0.0383685909136617));
#412=CARTESIAN_POINT('',(4.23849941514114,0.,0.037564198041124));
#413=CARTESIAN_POINT('',(4.26907352991297,0.,-0.287850133749881));
#414=CARTESIAN_POINT('',(4.25171788479349,0.,-0.290654093722074));
#415=CARTESIAN_POINT('',(4.23436601677047,0.,-0.293482442169204));
#416=CARTESIAN_POINT('',(4.22110994899083,0.,0.0368200318741701));
#417=CARTESIAN_POINT('',(4.21241521591567,0.,0.0364479487906931));
#418=CARTESIAN_POINT('',(4.20371789026805,0.,0.0360927084655772));
#419=CARTESIAN_POINT('',(4.21699549470858,0.,-0.296190342201259));
#420=CARTESIAN_POINT('',(4.20831023367763,0.,-0.297544292217286));
#421=CARTESIAN_POINT('',(4.19961977810376,0.,-0.298864701295138));
#422=CARTESIAN_POINT('',(4.19501975863481,0.,0.0357516320248893));
#423=CARTESIAN_POINT('',(4.18632162700158,0.,0.0354105555842014));
#424=CARTESIAN_POINT('',(4.17762246205317,0.,0.0350801427469257));
#425=CARTESIAN_POINT('',(4.19092689061278,0.,-0.300169407566204));
#426=CARTESIAN_POINT('',(4.1822340031218,0.,-0.30147411383727));
#427=CARTESIAN_POINT('',(4.1735386837137,0.,-0.302763117301551));
#428=CARTESIAN_POINT('',(4.16892304103141,0.,0.0347421733555313));
#429=CARTESIAN_POINT('',(4.16022362000964,0.,0.0344042039641369));
#430=CARTESIAN_POINT('',(4.15152410419781,0.,0.0340577709916861));
#431=CARTESIAN_POINT('',(4.1648436950143,0.,-0.304054256090437));
#432=CARTESIAN_POINT('',(4.1561487063149,0.,-0.305345394879324));
#433=CARTESIAN_POINT('',(4.14745437089079,0.,-0.30664048304669));
#434=CARTESIAN_POINT('',(4.14282480043295,0.,0.0336872034376588));
#435=CARTESIAN_POINT('',(4.13412549666808,0.,0.0333166358836316));
#436=CARTESIAN_POINT('',(4.12542593996552,0.,0.0329233923059241));
#437=CARTESIAN_POINT('',(4.13876251055822,0.,-0.307952260409906));
#438=CARTESIAN_POINT('',(4.13007065022565,0.,-0.309264037773122));
#439=CARTESIAN_POINT('',(4.12138047434805,0.,-0.31058744182534));
#440=CARTESIAN_POINT('',(4.11672539875948,0.,0.0325256632570484));
#441=CARTESIAN_POINT('',(4.10802485755344,0.,0.0321279342081727));
#442=CARTESIAN_POINT('',(4.09932339526022,0.,0.0317264607467379));
#443=CARTESIAN_POINT('',(4.11268934120754,0.,-0.311904238596615));
#444=CARTESIAN_POINT('',(4.10399820806703,0.,-0.313221035367891));
#445=CARTESIAN_POINT('',(4.09530611766363,0.,-0.314531224858222));
#446=CARTESIAN_POINT('',(4.09062020177484,0.,0.0313386127091544));
#447=CARTESIAN_POINT('',(4.08191700828947,0.,0.0309507646715709));
#448=CARTESIAN_POINT('',(4.07321174424493,0.,0.0305788639894021));
#449=CARTESIAN_POINT('',(4.08661042827945,0.,-0.315816573097666));
#450=CARTESIAN_POINT('',(4.07791473889528,0.,-0.317101921337109));
#451=CARTESIAN_POINT('',(4.06921477179634,0.,-0.318357784462537));
#452=CARTESIAN_POINT('',(4.06450607981141,0.,0.030222761108561));
#453=CARTESIAN_POINT('',(4.04709475094438,0.,0.0295105553468789));
#454=CARTESIAN_POINT('',(4.02968002639455,0.,0.0288526660006009));
#455=CARTESIAN_POINT('',(4.06051284581512,0.,-0.319600967285));
#456=CARTESIAN_POINT('',(4.04310899385269,0.,-0.322087332929925));
#457=CARTESIAN_POINT('',(4.02569592491284,0.,-0.324509204407616));
#458=CARTESIAN_POINT('',(4.01225803594741,0.,0.0281745973546615));
#459=CARTESIAN_POINT('',(3.99483604550027,0.,0.0274965287087221));
#460=CARTESIAN_POINT('',(3.97740580541177,0.,0.0267803797315098));
#461=CARTESIAN_POINT('',(4.00827410103704,0.,-0.326866313481182));
#462=CARTESIAN_POINT('',(3.99085227716124,0.,-0.329223422554749));
#463=CARTESIAN_POINT('',(3.97342169834949,0.,-0.331515769224191));
#464=CARTESIAN_POINT('',(3.95997096965397,0.,0.0260885715594483));
#465=CARTESIAN_POINT('',(3.94253613389616,0.,0.0253967633873868));
#466=CARTESIAN_POINT('',(3.92509803650117,0.,0.0247507605770961));
#467=CARTESIAN_POINT('',(3.95598282664324,0.,-0.33374308525262));
#468=CARTESIAN_POINT('',(3.93854395493699,0.,-0.335970401281049));
#469=CARTESIAN_POINT('',(3.92109710840195,0.,-0.338132520067173));
#470=CARTESIAN_POINT('',(3.90765587566769,0.,0.0241383040966325));
#471=CARTESIAN_POINT('',(3.89021371483421,0.,0.0235258476161688));
#472=CARTESIAN_POINT('',(3.87276810663528,0.,0.0229340784321431));
#473=CARTESIAN_POINT('',(3.90364202253083,0.,-0.340229592196489));
#474=CARTESIAN_POINT('',(3.88618693665971,0.,-0.342326664325806));
#475=CARTESIAN_POINT('',(3.86872555650619,0.,-0.344369007563564));
#476=CARTESIAN_POINT('',(3.85531739611571,0.,0.0224101074030905));
#477=CARTESIAN_POINT('',(3.83786668559614,0.,0.0218861363740379));
#478=CARTESIAN_POINT('',(3.82041221588013,0.,0.0214220443502067));
#479=CARTESIAN_POINT('',(3.85125252065917,0.,-0.346308026096135));
#480=CARTESIAN_POINT('',(3.83377948481216,0.,-0.348247044628705));
#481=CARTESIAN_POINT('',(3.81629718099612,0.,-0.350105216452988));
#482=CARTESIAN_POINT('',(3.80295913194255,0.,0.0208686642985352));
#483=CARTESIAN_POINT('',(3.78550604800496,0.,0.0203152842468637));
#484=CARTESIAN_POINT('',(3.76805308567097,0.,0.0196594163873985));
#485=CARTESIAN_POINT('',(3.79882262790448,0.,-0.352031224523888));
#486=CARTESIAN_POINT('',(3.78134807481284,0.,-0.353957232594789));
#487=CARTESIAN_POINT('',(3.7638801433442,0.,-0.355946356317914));
#488=CARTESIAN_POINT('',(3.75059540159364,0.,0.0190426338922409));
#489=CARTESIAN_POINT('',(3.7331377175163,0.,0.0184258513970833));
#490=CARTESIAN_POINT('',(3.71567513949691,0.,0.0178762284800887));
#491=CARTESIAN_POINT('',(3.74640314110374,0.,-0.357849019715655));
#492=CARTESIAN_POINT('',(3.72892613886328,0.,-0.359751683113397));
#493=CARTESIAN_POINT('',(3.71143797770084,0.,-0.361550519831806));
#494=CARTESIAN_POINT('',(3.69820976000959,0.,0.0173525763234523));
#495=CARTESIAN_POINT('',(3.68074438052227,0.,0.0168289241668159));
#496=CARTESIAN_POINT('',(3.66327570760091,0.,0.0163313817111562));
#497=CARTESIAN_POINT('',(3.69394428339466,0.,-0.363295862436055));
#498=CARTESIAN_POINT('',(3.67645058908849,0.,-0.365041205040305));
#499=CARTESIAN_POINT('',(3.65895079038213,0.,-0.366720531877189));
#500=CARTESIAN_POINT('',(3.64580442448254,0.,0.0158845050381627));
#501=CARTESIAN_POINT('',(3.62833314136417,0.,0.0154376283651692));
#502=CARTESIAN_POINT('',(3.61085962796573,0.,0.0150367008421838));
#503=CARTESIAN_POINT('',(3.64144453151932,0.,-0.368333976964578));
#504=CARTESIAN_POINT('',(3.6239382726565,0.,-0.369947422051968));
#505=CARTESIAN_POINT('',(3.60642638659996,0.,-0.371502328004598));
#506=CARTESIAN_POINT('',(3.59338087773655,0.,0.0146185251167597));
#507=CARTESIAN_POINT('',(3.57590212750737,0.,0.0142003493913356));
#508=CARTESIAN_POINT('',(3.5584157170548,0.,0.0137725270675705));
#509=CARTESIAN_POINT('',(3.58890810478372,0.,-0.372975122697334));
#510=CARTESIAN_POINT('',(3.57138982296749,0.,-0.37444791739007));
#511=CARTESIAN_POINT('',(3.55386116708731,0.,-0.375798562758427));
#512=CARTESIAN_POINT('',(3.54093053207681,0.,0.0133300667283459));
#513=CARTESIAN_POINT('',(3.52344534709882,0.,0.0128876063891213));
#514=CARTESIAN_POINT('',(3.50596361524976,0.,0.0124264221779934));
#515=CARTESIAN_POINT('',(3.53633497249529,0.,-0.377178188722027));
#516=CARTESIAN_POINT('',(3.51880877790326,0.,-0.378557814685627));
#517=CARTESIAN_POINT('',(3.50128830296993,0.,-0.380008819990013));
#518=CARTESIAN_POINT('',(3.48848045715307,0.,0.0119797552887068));
#519=CARTESIAN_POINT('',(3.47973887810473,0.,0.0117564218440636));
#520=CARTESIAN_POINT('',(3.4709968085847,0.,0.0115373818286054));
#521=CARTESIAN_POINT('',(3.48376514746689,0.,-0.3814258749079));
#522=CARTESIAN_POINT('',(3.47500356971537,0.,-0.382134402366844));
#523=CARTESIAN_POINT('',(3.46624109538672,0.,-0.382830965552398));
#524=CARTESIAN_POINT('',(3.46225361819436,0.,0.0113353013490706));
#525=CARTESIAN_POINT('',(3.45351042780402,0.,0.0111332208695357));
#526=CARTESIAN_POINT('',(3.44476634464566,0.,0.0109443154325852));
#527=CARTESIAN_POINT('',(3.45747630429892,0.,-0.383496613069805));
#528=CARTESIAN_POINT('',(3.44871151321112,0.,-0.384162260587213));
#529=CARTESIAN_POINT('',(3.43994486156876,0.,-0.38480456142315));
#530=CARTESIAN_POINT('',(3.43602185362381,0.,0.010766877753237));
#531=CARTESIAN_POINT('',(3.41853287158011,0.,0.0104120023945405));
#532=CARTESIAN_POINT('',(3.40104185900623,0.,0.0101041374456642));
#533=CARTESIAN_POINT('',(3.43117715979614,0.,-0.385433310966301));
#534=CARTESIAN_POINT('',(3.41364175625091,0.,-0.386690810052602));
#535=CARTESIAN_POINT('',(3.39610160393769,0.,-0.387881820139354));
#536=CARTESIAN_POINT('',(3.38354720573236,0.,0.00976826429249347));
#537=CARTESIAN_POINT('',(3.36605255245849,0.,0.0094323911393227));
#538=CARTESIAN_POINT('',(3.34855404955176,0.,0.00906014587392873));
#539=CARTESIAN_POINT('',(3.37855723358622,0.,-0.389006210105711));
#540=CARTESIAN_POINT('',(3.36101286323475,0.,-0.390130600072068));
#541=CARTESIAN_POINT('',(3.34346427484503,0.,-0.391188369918031));
#542=CARTESIAN_POINT('',(3.33105379494995,0.,0.00872495746549248));
#543=CARTESIAN_POINT('',(3.32230366764905,0.,0.00855736326127438));
#544=CARTESIAN_POINT('',(3.31355321889143,0.,0.008403490470027));
#545=CARTESIAN_POINT('',(3.32591199914678,0.,-0.392179388522753));
#546=CARTESIAN_POINT('',(3.31713586129766,0.,-0.392674897825114));
#547=CARTESIAN_POINT('',(3.30835885253341,0.,-0.393152091749007));
#548=CARTESIAN_POINT('',(3.30480201207339,0.,0.00826566335112028));
#549=CARTESIAN_POINT('',(3.29605080525536,0.,0.0081278362322135));
#550=CARTESIAN_POINT('',(3.2872990555663,0.,0.00800248674215656));
#551=CARTESIAN_POINT('',(3.29958023837782,0.,-0.39360076796535));
#552=CARTESIAN_POINT('',(3.29080162422224,0.,-0.394049444181694));
#553=CARTESIAN_POINT('',(3.28202183505411,0.,-0.394476738777469));
#554=CARTESIAN_POINT('',(3.27854721802403,0.,0.00787729583322247));
#555=CARTESIAN_POINT('',(3.26979538048176,0.,0.00775210492428843));
#556=CARTESIAN_POINT('',(3.26104345734208,0.,0.00762650322166339));
#557=CARTESIAN_POINT('',(3.27324191964023,0.,-0.394901736037788));
#558=CARTESIAN_POINT('',(3.26446200422636,0.,-0.395326733298107));
#559=CARTESIAN_POINT('',(3.25568196435194,0.,-0.3957494339358));
#560=CARTESIAN_POINT('',(3.25229201804199,0.,0.00749413486476297));
#561=CARTESIAN_POINT('',(3.24354057874191,0.,0.00736176650786258));
#562=CARTESIAN_POINT('',(3.23478953741103,0.,0.00722271511202804));
#563=CARTESIAN_POINT('',(3.24690284341405,0.,-0.396188920094633));
#564=CARTESIAN_POINT('',(3.23812372247616,0.,-0.396628406253467));
#565=CARTESIAN_POINT('',(3.22934534873404,0.,-0.397084510702757));
#566=CARTESIAN_POINT('',(3.22603851189626,0.,0.00708972701496632));
#567=CARTESIAN_POINT('',(3.2085364608667,0.,0.00682375082084294));
#568=CARTESIAN_POINT('',(3.19103414282105,0.,0.00657806807107778));
#569=CARTESIAN_POINT('',(3.22056686240456,0.,-0.397538111189688));
#570=CARTESIAN_POINT('',(3.20300988974561,0.,-0.39844531216355));
#571=CARTESIAN_POINT('',(3.18545206034002,0.,-0.399333458600554));
#572=CARTESIAN_POINT('',(3.17352764959928,0.,0.00633937099589427));
#573=CARTESIAN_POINT('',(3.1560211563775,0.,0.00610067392071073));
#574=CARTESIAN_POINT('',(3.13851129841922,0.,0.00584650896286926));
#575=CARTESIAN_POINT('',(3.16788781111242,0.,-0.400078823662065));
#576=CARTESIAN_POINT('',(3.15032356188483,0.,-0.400824188723576));
#577=CARTESIAN_POINT('',(3.13275461326785,0.,-0.401465036210835));
#578=CARTESIAN_POINT('',(3.12100263970779,0.,0.00557529930289141));
#579=CARTESIAN_POINT('',(3.10349398099636,0.,0.00530408964291357));
#580=CARTESIAN_POINT('',(3.08598708006599,0.,0.00501341003974642));
#581=CARTESIAN_POINT('',(3.11518784672511,0.,-0.402154414217877));
#582=CARTESIAN_POINT('',(3.09762108018237,0.,-0.402843792224919));
#583=CARTESIAN_POINT('',(3.08005725817626,0.,-0.403610212373243));
#584=CARTESIAN_POINT('',(3.06847892533986,0.,0.00474954188495799));
#585=CARTESIAN_POINT('',(3.0597248479768,0.,0.00461760780756379));
#586=CARTESIAN_POINT('',(3.05097046260524,0.,0.00449448104670264));
#587=CARTESIAN_POINT('',(3.06249108467036,0.,-0.404312595548549));
#588=CARTESIAN_POINT('',(3.05370799791742,0.,-0.404663787136202));
#589=CARTESIAN_POINT('',(3.04492429515172,0.,-0.404997363667566));
#590=CARTESIAN_POINT('',(3.04221546905248,0.,0.00438874474027967));
#591=CARTESIAN_POINT('',(3.03346047549972,0.,0.00428300843385668));
#592=CARTESIAN_POINT('',(3.02470494258686,0.,0.00419269461750355));
#593=CARTESIAN_POINT('',(3.03613937603432,0.,-0.405296158218068));
#594=CARTESIAN_POINT('',(3.02735445691692,0.,-0.405594952768569));
#595=CARTESIAN_POINT('',(3.01856845909004,0.,-0.405862901266944));
#596=CARTESIAN_POINT('',(3.01594920551519,0.,0.00410821766230371));
#597=CARTESIAN_POINT('',(2.99843773137184,0.,0.00393926375190404));
#598=CARTESIAN_POINT('',(2.98092576873598,0.,0.00378493812053268));
#599=CARTESIAN_POINT('',(3.00978205296273,0.,-0.406119174322263));
#600=CARTESIAN_POINT('',(2.9922092407081,0.,-0.406631720432901));
#601=CARTESIAN_POINT('',(2.97463546272685,0.,-0.407112759938609));
#602=CARTESIAN_POINT('',(2.96341486853531,0.,0.00359740417477347));
#603=CARTESIAN_POINT('',(2.94590396833464,0.,0.00340987022901429));
#604=CARTESIAN_POINT('',(2.92839356853127,0.,0.00324040270371087));
#605=CARTESIAN_POINT('',(2.95706378678842,0.,-0.407664778305915));
#606=CARTESIAN_POINT('',(2.93949211084999,0.,-0.408216796673221));
#607=CARTESIAN_POINT('',(2.92192111845854,0.,-0.408796179080516));
#608=CARTESIAN_POINT('',(2.91088137559323,0.,0.00309056054456061));
#609=CARTESIAN_POINT('',(2.89336918265518,0.,0.00294071838541032));
#610=CARTESIAN_POINT('',(2.87585490714918,0.,0.00279552965436425));
#611=CARTESIAN_POINT('',(2.90434697410674,0.,-0.40924937875506));
#612=CARTESIAN_POINT('',(2.88677282975493,0.,-0.409702578429603));
#613=CARTESIAN_POINT('',(2.86919517572281,0.,-0.410015274431757));
#614=CARTESIAN_POINT('',(2.85834064902577,0.,0.00262176738635631));
#615=CARTESIAN_POINT('',(2.84958351996406,0.,0.00253488625235232));
#616=CARTESIAN_POINT('',(2.84082649181959,0.,0.00243986671275379));
#617=CARTESIAN_POINT('',(2.85161778857802,0.,-0.4103386547547));
#618=CARTESIAN_POINT('',(2.84282909500563,0.,-0.410500344916172));
#619=CARTESIAN_POINT('',(2.8340406373928,0.,-0.410671481300369));
#620=CARTESIAN_POINT('',(2.8320695379793,0.,0.00234905657777926));
#621=CARTESIAN_POINT('',(2.82331258413901,0.,0.0022582464428047));
#622=CARTESIAN_POINT('',(2.81455570266612,0.,0.00217125804120386));
#623=CARTESIAN_POINT('',(2.82525226857029,0.,-0.410846172248877));
#624=CARTESIAN_POINT('',(2.81646389974778,0.,-0.411020863197386));
#625=CARTESIAN_POINT('',(2.80767561971559,0.,-0.411199108710206));
#626=CARTESIAN_POINT('',(2.8057987813407,0.,0.00208330383184449));
#627=CARTESIAN_POINT('',(2.78828493868986,0.,0.00190739541312576));
#628=CARTESIAN_POINT('',(2.7707710115881,0.,0.00173712166359907));
#629=CARTESIAN_POINT('',(2.79888728130448,0.,-0.411375017128924));
#630=CARTESIAN_POINT('',(2.78131060448226,0.,-0.411726833966362));
#631=CARTESIAN_POINT('',(2.76373375875818,0.,-0.412067381465415));
#632=CARTESIAN_POINT('',(2.75325737493192,0.,0.00154746871859052));
#633=CARTESIAN_POINT('',(2.73574373827574,0.,0.00135781577358199));
#634=CARTESIAN_POINT('',(2.71823022642373,0.,0.00115983559558397));
#635=CARTESIAN_POINT('',(2.74615749392527,0.,-0.412446687355432));
#636=CARTESIAN_POINT('',(2.72858122909235,0.,-0.412825993245449));
#637=CARTESIAN_POINT('',(2.71100521386779,0.,-0.413221953601445));
#638=CARTESIAN_POINT('',(2.70071568971098,0.,0.00103023606132552));
#639=CARTESIAN_POINT('',(2.69195842135461,0.,0.000965436294196292));
#640=CARTESIAN_POINT('',(2.68320091210578,0.,0.000915968354888025));
#641=CARTESIAN_POINT('',(2.69342714892175,0.,-0.413481152669962));
#642=CARTESIAN_POINT('',(2.68463811644872,0.,-0.413610752204221));
#643=CARTESIAN_POINT('',(2.67584859108679,0.,-0.413707465477304));
#644=CARTESIAN_POINT('',(2.67444326605936,0.,0.000880210797936043));
#645=CARTESIAN_POINT('',(2.66568562001295,0.,0.000844453240984089));
#646=CARTESIAN_POINT('',(2.65692785266765,0.,0.000819303805767613));
#647=CARTESIAN_POINT('',(2.66705886081894,0.,-0.413790507009448));
#648=CARTESIAN_POINT('',(2.65826913055108,0.,-0.413873548541591));
#649=CARTESIAN_POINT('',(2.64947919537732,0.,-0.413942918332795));
#650=CARTESIAN_POINT('',(2.64817015498687,0.,0.000785753209130602));
#651=CARTESIAN_POINT('',(2.63941245730609,0.,0.000752202612493591));
#652=CARTESIAN_POINT('',(2.6306548782295,0.,0.00070462320679332));
#653=CARTESIAN_POINT('',(2.64068934328063,0.,-0.414017830903295));
#654=CARTESIAN_POINT('',(2.63189949118394,0.,-0.414092743473794));
#655=CARTESIAN_POINT('',(2.62310982004366,0.,-0.414184454118875));
#656=CARTESIAN_POINT('',(2.62189740433746,0.,0.000639253254005351));
#657=CARTESIAN_POINT('',(2.61313993044542,0.,0.000573883301217354));
#658=CARTESIAN_POINT('',(2.60438257237419,0.,0.000488593994027287));
#659=CARTESIAN_POINT('',(2.61432020907671,0.,-0.41428168226851));
#660=CARTESIAN_POINT('',(2.60553059810976,0.,-0.414378910418145));
#661=CARTESIAN_POINT('',(2.59674104731614,0.,-0.414481656072333));
#662=CARTESIAN_POINT('',(2.59562522926064,0.,0.000397126445434465));
#663=CARTESIAN_POINT('',(2.58686788614708,0.,0.000305658896841671));
#664=CARTESIAN_POINT('',(2.57811055237223,0.,0.000212322206673304));
#665=CARTESIAN_POINT('',(2.58795143591278,0.,-0.414578638661047));
#666=CARTESIAN_POINT('',(2.57916182450942,0.,-0.414675621249761));
#667=CARTESIAN_POINT('',(2.57037216106753,0.,-0.414762187515677));
#668=CARTESIAN_POINT('',(2.56935314541728,0.,0.000133633879484202));
#669=CARTESIAN_POINT('',(2.56059573846232,0.,5.49455522950715E-05));
#670=CARTESIAN_POINT('',(2.55183824588991,0.,-6.60487547338162E-06));
#671=CARTESIAN_POINT('',(2.56158234956062,0.,-0.414819115108883));
#672=CARTESIAN_POINT('',(2.55279253805371,0.,-0.414876042702089));
#673=CARTESIAN_POINT('',(2.54400255360709,0.,-0.414898352549703));
#674=CARTESIAN_POINT('',(2.54308067077737,0.,-5.16343133322439E-05));
#675=CARTESIAN_POINT('',(2.52556552055228,0.,-0.000141693189049885));
#676=CARTESIAN_POINT('',(2.50805023865658,0.,-0.000196250034342926));
#677=CARTESIAN_POINT('',(2.53521247138653,0.,-0.414901091129943));
#678=CARTESIAN_POINT('',(2.51763230694541,0.,-0.414906568290424));
#679=CARTESIAN_POINT('',(2.50005187922424,0.,-0.414841047511629));
#680=CARTESIAN_POINT('',(2.49053504828095,0.,-0.000288866459452586));
#681=CARTESIAN_POINT('',(2.47301985790532,0.,-0.000381482884562218));
#682=CARTESIAN_POINT('',(2.45550453351367,0.,-0.00050093641809823));
#683=CARTESIAN_POINT('',(2.4824716344969,0.,-0.414851641256359));
#684=CARTESIAN_POINT('',(2.46489138976956,0.,-0.414862235001089));
#685=CARTESIAN_POINT('',(2.4473108769362,0.,-0.414926495560791));
#686=CARTESIAN_POINT('',(2.43798945921853,0.,-0.000570327341614135));
#687=CARTESIAN_POINT('',(2.42047438492339,0.,-0.000639718265130013));
#688=CARTESIAN_POINT('',(2.40295967618458,0.,-0.000639185013334514));
#689=CARTESIAN_POINT('',(2.42973086430092,0.,-0.41489063140661));
#690=CARTESIAN_POINT('',(2.41215085166564,0.,-0.414854767252429));
#691=CARTESIAN_POINT('',(2.39457154578415,0.,-0.414677430679742));
#692=CARTESIAN_POINT('',(2.38544480389788,0.,-0.000610063617867779));
#693=CARTESIAN_POINT('',(2.36792993161118,0.,-0.000580942222401015));
#694=CARTESIAN_POINT('',(2.35041506625325,0.,-0.000566917331214417));
#695=CARTESIAN_POINT('',(2.376992372358,0.,-0.414473581497315));
#696=CARTESIAN_POINT('',(2.35941319893185,0.,-0.414269732314888));
#697=CARTESIAN_POINT('',(2.34183391585248,0.,-0.414087835686642));
#698=CARTESIAN_POINT('',(2.33290125296986,0.,-0.000627060460227591));
#699=CARTESIAN_POINT('',(2.31538743968646,0.,-0.000687203589240792));
#700=CARTESIAN_POINT('',(2.29787455601259,0.,-0.000796425085759417));
#701=CARTESIAN_POINT('',(2.32425460303716,0.,-0.413911896354684));
#702=CARTESIAN_POINT('',(2.30667529022185,0.,-0.413735957022726));
#703=CARTESIAN_POINT('',(2.28909617145348,0.,-0.413547069988889));
#704=CARTESIAN_POINT('',(2.28036115117401,0.,-0.00090118257678673));
#705=CARTESIAN_POINT('',(2.26284774633544,0.,-0.0010059400678141));
#706=CARTESIAN_POINT('',(2.24533377868876,0.,-0.00111602071734834));
#707=CARTESIAN_POINT('',(2.27151659844509,0.,-0.413388493557028));
#708=CARTESIAN_POINT('',(2.2539370254367,0.,-0.413229917125166));
#709=CARTESIAN_POINT('',(2.23635680985786,0.,-0.413114216149535));
#710=CARTESIAN_POINT('',(2.22782074196218,0.,-0.00117735556908419));
#711=CARTESIAN_POINT('',(2.21030770523561,0.,-0.00123869042082003));
#712=CARTESIAN_POINT('',(2.19279575132306,0.,-0.00122778196367238));
#713=CARTESIAN_POINT('',(2.21877825576484,0.,-0.412887655908512));
#714=CARTESIAN_POINT('',(2.20119970167183,0.,-0.412661095667488));
#715=CARTESIAN_POINT('',(2.18362331311997,0.,-0.412290044460454));
#716=CARTESIAN_POINT('',(2.17528387225543,0.,-0.0012118856550743));
#717=CARTESIAN_POINT('',(2.15777199318779,0.,-0.00119598934647622));
#718=CARTESIAN_POINT('',(2.14026005244944,0.,-0.00120208052202403));
#719=CARTESIAN_POINT('',(2.16604707415668,0.,-0.411909012483612));
#720=CARTESIAN_POINT('',(2.1484708351934,0.,-0.411527980506769));
#721=CARTESIAN_POINT('',(2.13089413805824,0.,-0.411177518886779));
#722=CARTESIAN_POINT('',(2.12274771678493,0.,-0.00119127740610911));
#723=CARTESIAN_POINT('',(2.10523538112043,0.,-0.00118047429019419));
#724=CARTESIAN_POINT('',(2.08772273447619,0.,-0.00114325745567936));
#725=CARTESIAN_POINT('',(2.11331746121592,0.,-0.410825703055064));
#726=CARTESIAN_POINT('',(2.09574078437359,0.,-0.410473887223349));
#727=CARTESIAN_POINT('',(2.07816445633137,0.,-0.410108107640911));
#728=CARTESIAN_POINT('',(2.07021102245883,0.,-0.00117998021469909));
#729=CARTESIAN_POINT('',(2.05269931044147,0.,-0.00121670297371881));
#730=CARTESIAN_POINT('',(2.03518897363698,0.,-0.00134061955208295));
#731=CARTESIAN_POINT('',(2.06058721596258,0.,-0.409778850509051));
#732=CARTESIAN_POINT('',(2.04300997559378,0.,-0.40944959337719));
#733=CARTESIAN_POINT('',(2.02543193241369,0.,-0.409152474711948));
#734=CARTESIAN_POINT('',(2.01768025073888,0.,-0.00140771717126975));
#735=CARTESIAN_POINT('',(2.00892588928982,0.,-0.00144126598086314));
#736=CARTESIAN_POINT('',(2.00017199092057,0.,-0.00145719806229264));
#737=CARTESIAN_POINT('',(2.00785692243528,0.,-0.408733927682395));
#738=CARTESIAN_POINT('',(1.99906941744608,0.,-0.408524654167619));
#739=CARTESIAN_POINT('',(1.99028280426955,0.,-0.408279678479903));
#740=CARTESIAN_POINT('',(1.99141806434911,0.,-0.00145571584950197));
#741=CARTESIAN_POINT('',(1.98266413777765,0.,-0.00145423363671135));
#742=CARTESIAN_POINT('',(1.97391016519305,0.,-0.0014366447178088));
#743=CARTESIAN_POINT('',(1.98149662214159,0.,-0.408017446561698));
#744=CARTESIAN_POINT('',(1.97271044001363,0.,-0.407755214643493));
#745=CARTESIAN_POINT('',(1.96392468893423,0.,-0.407475726494798));
#746=CARTESIAN_POINT('',(1.96515624405103,0.,-0.00142154656379873));
#747=CARTESIAN_POINT('',(1.95640232290902,0.,-0.00140644840978868));
#748=CARTESIAN_POINT('',(1.94764850065959,0.,-0.00139619837529942));
#749=CARTESIAN_POINT('',(1.95513890813927,0.,-0.407197428058062));
#750=CARTESIAN_POINT('',(1.94635312734431,0.,-0.406919129621326));
#751=CARTESIAN_POINT('',(1.93756731200247,0.,-0.406643883811732));
#752=CARTESIAN_POINT('',(1.9388947669518,0.,-0.00140516640199032));
#753=CARTESIAN_POINT('',(1.930141033244,0.,-0.00141413442868127));
#754=CARTESIAN_POINT('',(1.9213874404027,0.,-0.00143978482259724));
#755=CARTESIAN_POINT('',(1.92878094947579,0.,-0.406386363602487));
#756=CARTESIAN_POINT('',(1.91999458694911,0.,-0.406128843393241));
#757=CARTESIAN_POINT('',(1.91120778188728,0.,-0.405883977396434));
#758=CARTESIAN_POINT('',(1.9126345695658,0.,-0.00147956684897815));
#759=CARTESIAN_POINT('',(1.895128827892,0.,-0.00155913090173995));
#760=CARTESIAN_POINT('',(1.87762560206634,0.,-0.00166564229095462));
#761=CARTESIAN_POINT('',(1.90242120463008,0.,-0.405632597232433));
#762=CARTESIAN_POINT('',(1.88484805011567,0.,-0.405129836904431));
#763=CARTESIAN_POINT('',(1.86727646907134,0.,-0.404582082899775));
#764=CARTESIAN_POINT('',(1.86012381877083,0.,-0.00167984423709278));
#765=CARTESIAN_POINT('',(1.84262203547531,0.,-0.00169404618323091));
#766=CARTESIAN_POINT('',(1.82512142439388,0.,-0.001653199851017));
#767=CARTESIAN_POINT('',(1.84970955871141,0.,-0.403900769951896));
#768=CARTESIAN_POINT('',(1.83214264835148,0.,-0.403219457004016));
#769=CARTESIAN_POINT('',(1.81457883530137,0.,-0.402449575911575));
#770=CARTESIAN_POINT('',(1.80761985380071,0.,-0.00164964467759782));
#771=CARTESIAN_POINT('',(1.79011828320753,0.,-0.00164608950417861));
#772=CARTESIAN_POINT('',(1.7726151802846,0.,-0.00167704229593718));
#773=CARTESIAN_POINT('',(1.79701275863466,0.,-0.401744423550028));
#774=CARTESIAN_POINT('',(1.77944668196794,0.,-0.401039271188481));
#775=CARTESIAN_POINT('',(1.76187754058642,0.,-0.400403133373988));
#776=CARTESIAN_POINT('',(1.7551139530774,0.,-0.00166606730821003));
#777=CARTESIAN_POINT('',(1.7376127258702,0.,-0.00165509232048289));
#778=CARTESIAN_POINT('',(1.7201147062421,0.,-0.00158621479284532));
#779=CARTESIAN_POINT('',(1.74431215062141,0.,-0.399683139626337));
#780=CARTESIAN_POINT('',(1.72674676065639,0.,-0.398963145878685));
#781=CARTESIAN_POINT('',(1.70918718172597,0.,-0.398113910785452));
#782=CARTESIAN_POINT('',(1.70261702338757,0.,-0.00147232379299325));
#783=CARTESIAN_POINT('',(1.6938681819603,0.,-0.00141537829306715));
#784=CARTESIAN_POINT('',(1.68511936006291,0.,-0.00135121443247091));
#785=CARTESIAN_POINT('',(1.69162996350354,0.,-0.397212171921889));
#786=CARTESIAN_POINT('',(1.68285135439233,0.,-0.396761302490107));
#787=CARTESIAN_POINT('',(1.67407308936962,0.,-0.396302780302613));
#788=CARTESIAN_POINT('',(1.67637054844222,0.,-0.00129875023435155));
#789=CARTESIAN_POINT('',(1.66762173682154,0.,-0.00124628603623228));
#790=CARTESIAN_POINT('',(1.65887278701746,0.,-0.00120827968024756));
#791=CARTESIAN_POINT('',(1.66529430857664,0.,-0.39585572922134));
#792=CARTESIAN_POINT('',(1.65651552778366,0.,-0.395408678140067));
#793=CARTESIAN_POINT('',(1.64773593430021,0.,-0.39497861452433));
#794=CARTESIAN_POINT('',(1.65012436911001,0.,-0.001188053485315));
#795=CARTESIAN_POINT('',(1.63262753329512,0.,-0.00114760109544979));
#796=CARTESIAN_POINT('',(1.61513187033022,0.,-0.00114804277287706));
#797=CARTESIAN_POINT('',(1.6389560269339,0.,-0.394553470827604));
#798=CARTESIAN_POINT('',(1.6213962122013,0.,-0.393703183434151));
#799=CARTESIAN_POINT('',(1.60383581449294,0.,-0.392863504360386));
#800=CARTESIAN_POINT('',(1.59764194691429,0.,-0.00111550708825472));
#801=CARTESIAN_POINT('',(1.58015202349836,0.,-0.00108297140363245));
#802=CARTESIAN_POINT('',(1.5626674531755,0.,-0.00102449064686763));
#803=CARTESIAN_POINT('',(1.58628309694819,0.,-0.391884069940361));
#804=CARTESIAN_POINT('',(1.56873037940344,0.,-0.390904635520336));
#805=CARTESIAN_POINT('',(1.5511845691105,0.,-0.389799510333865));
#806=CARTESIAN_POINT('',(1.5451844781275,0.,-0.00101767398698357));
#807=CARTESIAN_POINT('',(1.53644299060351,0.,-0.00101426565704155));
#808=CARTESIAN_POINT('',(1.52770151326261,0.,-0.00102053577773753));
#809=CARTESIAN_POINT('',(1.53363728017435,0.,-0.38872129191173));
#810=CARTESIAN_POINT('',(1.52486363570628,0.,-0.388182182700663));
#811=CARTESIAN_POINT('',(1.51608946954898,0.,-0.387652566624585));
#812=CARTESIAN_POINT('',(1.51895971025039,0.,-0.00102393647738996));
#813=CARTESIAN_POINT('',(1.51021790723816,0.,-0.00102733717704243));
#814=CARTESIAN_POINT('',(1.50147564407204,0.,-0.00102542129542108));
#815=CARTESIAN_POINT('',(1.50731513540976,0.,-0.387126007301962));
#816=CARTESIAN_POINT('',(1.49854080127053,0.,-0.386599447979338));
#817=CARTESIAN_POINT('',(1.48976629914939,0.,-0.38607594541017));
#818=CARTESIAN_POINT('',(1.49273356554263,0.,-0.00102348565320745));
#819=CARTESIAN_POINT('',(1.4752494084838,0.,-0.0010196143687802));
#820=CARTESIAN_POINT('',(1.4577653997994,0.,-0.00101345515858028));
#821=CARTESIAN_POINT('',(1.48099198275363,0.,-0.385549063212922));
#822=CARTESIAN_POINT('',(1.46344334996211,0.,-0.384495298818427));
#823=CARTESIAN_POINT('',(1.44589501412631,0.,-0.383436962023096));
#824=CARTESIAN_POINT('',(1.44028029744571,0.,-0.00102413888283143));
#825=CARTESIAN_POINT('',(1.42279519509202,0.,-0.00103482260708251));
#826=CARTESIAN_POINT('',(1.40530812483662,0.,-0.00101332531083059));
#827=CARTESIAN_POINT('',(1.42834449074592,0.,-0.382412307660145));
#828=CARTESIAN_POINT('',(1.41079396736552,0.,-0.381387653297194));
#829=CARTESIAN_POINT('',(1.39324356611506,0.,-0.380361118421988));
#830=CARTESIAN_POINT('',(1.38782816150826,0.,-0.000958167362614865));
#831=CARTESIAN_POINT('',(1.37908817984408,0.,-0.000930588388506987));
#832=CARTESIAN_POINT('',(1.37034985867969,0.,-0.0008996295348426));
#833=CARTESIAN_POINT('',(1.37570245791665,0.,-0.379191494683043));
#834=CARTESIAN_POINT('',(1.36693190381745,0.,-0.378606682813571));
#835=CARTESIAN_POINT('',(1.35816322972709,0.,-0.377992923677976));
#836=CARTESIAN_POINT('',(1.36161292073394,0.,-0.000880038696181307));
#837=CARTESIAN_POINT('',(1.35287598278819,0.,-0.000860447857520041));
#838=CARTESIAN_POINT('',(1.34414025024889,0.,-0.000849487188315817));
#839=CARTESIAN_POINT('',(1.34939520054854,0.,-0.377369234579685));
#840=CARTESIAN_POINT('',(1.34062717136999,0.,-0.376745545481393));
#841=CARTESIAN_POINT('',(1.33185978710327,0.,-0.376111926420405));
#842=CARTESIAN_POINT('',(1.3354045015329,0.,-0.000847364767369768));
#843=CARTESIAN_POINT('',(1.31793300410091,0.,-0.000843119925477642));
#844=CARTESIAN_POINT('',(1.30045933582926,0.,-0.00088280153964454));
#845=CARTESIAN_POINT('',(1.32309181265135,0.,-0.375487394700145));
#846=CARTESIAN_POINT('',(1.30555586374751,0.,-0.374238331259626));
#847=CARTESIAN_POINT('',(1.28801463184986,0.,-0.373064329860939));
#848=CARTESIAN_POINT('',(1.2829851437118,0.,-0.000869314120197279));
#849=CARTESIAN_POINT('',(1.26551095159435,0.,-0.000855826700750018));
#850=CARTESIAN_POINT('',(1.24803956665196,0.,-0.000788811143025758));
#851=CARTESIAN_POINT('',(1.27047667818563,0.,-0.37184474710413));
#852=CARTESIAN_POINT('',(1.25293872452141,0.,-0.370625164347321));
#853=CARTESIAN_POINT('',(1.23540758028495,0.,-0.369314564324466));
#854=CARTESIAN_POINT('',(1.23057554530715,0.,-0.000751869915093517));
#855=CARTESIAN_POINT('',(1.21311152396233,0.,-0.000714928687161248));
#856=CARTESIAN_POINT('',(1.19565170391366,0.,-0.000684270638117185));
#857=CARTESIAN_POINT('',(1.21788141545193,0.,-0.367933850748824));
#858=CARTESIAN_POINT('',(1.20035525061892,0.,-0.366553137173182));
#859=CARTESIAN_POINT('',(1.18283321369928,0.,-0.365119354901945));
#860=CARTESIAN_POINT('',(1.17819911498827,0.,-0.000637312946881102));
#861=CARTESIAN_POINT('',(1.16947282052558,0.,-0.000613834101263061));
#862=CARTESIAN_POINT('',(1.16074823797145,0.,-0.000583303848659789));
#863=CARTESIAN_POINT('',(1.16531992217248,0.,-0.363587802047267));
#864=CARTESIAN_POINT('',(1.15656327640907,0.,-0.362822025619928));
#865=CARTESIAN_POINT('',(1.14780888389015,0.,-0.362029718364667));
#866=CARTESIAN_POINT('',(1.15202524440907,0.,-0.000563720562075098));
#867=CARTESIAN_POINT('',(1.14330225084669,0.,-0.000544137275490464));
#868=CARTESIAN_POINT('',(1.13458068278596,0.,-0.000533681990169732));
#869=CARTESIAN_POINT('',(1.13905514163856,0.,-0.361229754545569));
#870=CARTESIAN_POINT('',(1.13030139938698,0.,-0.360429790726472));
#871=CARTESIAN_POINT('',(1.12154830740275,0.,-0.359622170343537));
#872=CARTESIAN_POINT('',(1.12585895478882,0.,-0.00053256121984166));
#873=CARTESIAN_POINT('',(1.11713722679168,0.,-0.000531440449513615));
#874=CARTESIAN_POINT('',(1.10841494643595,0.,-0.000543564225889387));
#875=CARTESIAN_POINT('',(1.11279426270873,0.,-0.35882576766085));
#876=CARTESIAN_POINT('',(1.10404021801471,0.,-0.358029364978163));
#877=CARTESIAN_POINT('',(1.09528443576656,0.,-0.357252000059146));
#878=CARTESIAN_POINT('',(1.09969210146734,0.,-0.000551309006702583));
#879=CARTESIAN_POINT('',(1.09096925649873,0.,-0.000559053787515806));
#880=CARTESIAN_POINT('',(1.08224559736476,0.,-0.000559733999640349));
#881=CARTESIAN_POINT('',(1.08652845935472,0.,-0.356476887055894));
#882=CARTESIAN_POINT('',(1.07777248294287,0.,-0.355701774052642));
#883=CARTESIAN_POINT('',(1.06901631236734,0.,-0.354928912965155));
#884=CARTESIAN_POINT('',(1.0735223412793,0.,-0.000550509803562693));
#885=CARTESIAN_POINT('',(1.05607582910837,0.,-0.000532061411407214));
#886=CARTESIAN_POINT('',(1.03863329559307,0.,-0.000459090764374059));
#887=CARTESIAN_POINT('',(1.06026149101855,0.,-0.354141517945528));
#888=CARTESIAN_POINT('',(1.04275184832096,0.,-0.352566727906273));
#889=CARTESIAN_POINT('',(1.0252513246248,0.,-0.350895131799352));
#890=CARTESIAN_POINT('',(1.02120006541655,0.,-0.000421101679667829));
#891=CARTESIAN_POINT('',(1.00376683524002,0.,-0.000383112594961627));
#892=CARTESIAN_POINT('',(0.986342823716591,0.,-0.00037486282561347));
#893=CARTESIAN_POINT('',(1.00775668293905,0.,-0.349159443593188));
#894=CARTESIAN_POINT('',(0.990262041253295,0.,-0.347423755387024));
#895=CARTESIAN_POINT('',(0.972773939693662,0.,-0.345622208075038));
#896=CARTESIAN_POINT('',(0.968921320211448,0.,-0.000322966300562388));
#897=CARTESIAN_POINT('',(0.951499816706305,0.,-0.000271069775511334));
#898=CARTESIAN_POINT('',(0.934078646856906,0.,-0.000154028485267244));
#899=CARTESIAN_POINT('',(0.955292911701614,0.,-0.343755043653421));
#900=CARTESIAN_POINT('',(0.937811883709567,0.,-0.341887879231803));
#901=CARTESIAN_POINT('',(0.920337929285103,0.,-0.339955097700554));
#902=CARTESIAN_POINT('',(0.916662303562903,0.,-1.46401988664058E-05));
#903=CARTESIAN_POINT('',(0.907954131915901,0.,5.50539443340547E-05));
#904=CARTESIAN_POINT('',(0.899247384769007,0.,0.000128118582611442));
#905=CARTESIAN_POINT('',(0.90287158186969,0.,-0.337956941055862));
#906=CARTESIAN_POINT('',(0.894138408161984,0.,-0.336957862733516));
#907=CARTESIAN_POINT('',(0.885407072015814,0.,-0.335942402663117));
#908=CARTESIAN_POINT('',(0.890543055245707,0.,0.000195383394440446));
#909=CARTESIAN_POINT('',(0.881838725722408,0.,0.00026264820626945));
#910=CARTESIAN_POINT('',(0.87313674201007,0.,0.000324517087868875));
#911=CARTESIAN_POINT('',(0.876677639294251,0.,-0.334910596966168));
#912=CARTESIAN_POINT('',(0.867948206572688,0.,-0.333878791269218));
#913=CARTESIAN_POINT('',(0.859220677275733,0.,-0.332830639945717));
#914=CARTESIAN_POINT('',(0.864436334364376,0.,0.000388518838847079));
#915=CARTESIAN_POINT('',(0.847035519072988,0.,0.000516522340803488));
#916=CARTESIAN_POINT('',(0.829642052431628,0.,0.000644783834030521));
#917=CARTESIAN_POINT('',(0.850495117266456,0.,-0.331766179117165));
#918=CARTESIAN_POINT('',(0.833043997247903,0.,-0.329637257460061));
#919=CARTESIAN_POINT('',(0.815600754380064,0.,-0.327443097782754));
#920=CARTESIAN_POINT('',(0.812256712802772,0.,0.00077339149106681));
#921=CARTESIAN_POINT('',(0.777486033545061,0.,0.00103060680513933));
#922=CARTESIAN_POINT('',(0.742746707674099,0.,0.00128867322166598));
#923=CARTESIAN_POINT('',(0.798165915567508,0.,-0.325183989057248));
#924=CARTESIAN_POINT('',(0.763296237942397,0.,-0.320665771606235));
#925=CARTESIAN_POINT('',(0.728460176538419,0.,-0.315887757962427));
#926=CARTESIAN_POINT('',(0.708042959318069,0.,0.00154747616553078));
#927=CARTESIAN_POINT('',(0.690691085140054,0.,0.00167687763746316));
#928=CARTESIAN_POINT('',(0.673348608169332,0.,0.00180319752991878));
#929=CARTESIAN_POINT('',(0.693661946592129,0.,-0.310852259901859));
#930=CARTESIAN_POINT('',(0.676262831618983,0.,-0.308334510871576));
#931=CARTESIAN_POINT('',(0.658872636032674,0.,-0.305752074139104));
#932=CARTESIAN_POINT('',(0.656012590365099,0.,0.00194695902697917));
#933=CARTESIAN_POINT('',(0.647344581462983,0.,0.00201883977550946));
#934=CARTESIAN_POINT('',(0.638679326370287,0.,0.00209279177611452));
#935=CARTESIAN_POINT('',(0.641492326210304,0.,-0.303105576063689));
#936=CARTESIAN_POINT('',(0.632802171299119,0.,-0.301782327025982));
#937=CARTESIAN_POINT('',(0.624115320906845,0.,-0.30043905609664));
#938=CARTESIAN_POINT('',(0.630016635212185,0.,0.00215400689216341));
#939=CARTESIAN_POINT('',(0.621353944054081,0.,0.00221522200821209));
#940=CARTESIAN_POINT('',(0.612693722985957,0.,0.00226335326441929));
#941=CARTESIAN_POINT('',(0.615429030891343,0.,-0.299090462305793));
#942=CARTESIAN_POINT('',(0.60674274087584,0.,-0.297741868514946));
#943=CARTESIAN_POINT('',(0.59805682354788,0.,-0.296388645813163));
#944=CARTESIAN_POINT('',(0.604038797907575,0.,0.00229982152214583));
#945=CARTESIAN_POINT('',(0.595383872829195,0.,0.00233628977987263));
#946=CARTESIAN_POINT('',(0.586733091894177,0.,0.00236808879509467));
#947=CARTESIAN_POINT('',(0.589374566314501,0.,-0.295013035234592));
#948=CARTESIAN_POINT('',(0.580692309081123,0.,-0.293637424656021));
#949=CARTESIAN_POINT('',(0.572013711942325,0.,-0.29223942620066));
#950=CARTESIAN_POINT('',(0.578088220264775,0.,0.00240418196984615));
#951=CARTESIAN_POINT('',(0.569443348635372,0.,0.00244027514459746));
#952=CARTESIAN_POINT('',(0.560804769773905,0.,0.00248279900022386));
#953=CARTESIAN_POINT('',(0.563342062305148,0.,-0.290801280902655));
#954=CARTESIAN_POINT('',(0.554670412667971,0.,-0.28936313560465));
#955=CARTESIAN_POINT('',(0.546006477457055,0.,-0.287880570421311));
#956=CARTESIAN_POINT('',(0.552169728394161,0.,0.00251816095628166));
#957=CARTESIAN_POINT('',(0.534899645634671,0.,0.00258888486839706));
#958=CARTESIAN_POINT('',(0.517648076326582,0.,0.0026502057023125));
#959=CARTESIAN_POINT('',(0.537344503182503,0.,-0.286380938351737));
#960=CARTESIAN_POINT('',(0.5200205546334,0.,-0.28338167421259));
#961=CARTESIAN_POINT('',(0.502713176878781,0.,-0.280275653488358));
#962=CARTESIAN_POINT('',(0.5004327498959,0.,0.00277050451242891));
#963=CARTESIAN_POINT('',(0.483217423465219,0.,0.00289080332254546));
#964=CARTESIAN_POINT('',(0.466038600490339,0.,0.00307372743213141));
#965=CARTESIAN_POINT('',(0.485455885430908,0.,-0.276927456775952));
#966=CARTESIAN_POINT('',(0.468198593983036,0.,-0.273579260063546));
#967=CARTESIAN_POINT('',(0.450988647705528,0.,-0.269975525687392));
#968=CARTESIAN_POINT('',(0.44887986502486,0.,0.00326779932761917));
#969=CARTESIAN_POINT('',(0.440300497292121,0.,0.0033648352753633));
#970=CARTESIAN_POINT('',(0.431727853566323,0.,0.00346135294070637));
#971=CARTESIAN_POINT('',(0.433803728238276,0.,-0.266259363168682));
#972=CARTESIAN_POINT('',(0.425211268504649,0.,-0.264401281909327));
#973=CARTESIAN_POINT('',(0.416626381750727,0.,-0.262513656640506));
#974=CARTESIAN_POINT('',(0.42315998533765,0.,0.00353844385402297));
#975=CARTESIAN_POINT('',(0.414592117108974,0.,0.00361553476733914));
#976=CARTESIAN_POINT('',(0.406029323844785,0.,0.00367557866292009));
#977=CARTESIAN_POINT('',(0.408041757548328,0.,-0.260621050623478));
#978=CARTESIAN_POINT('',(0.399457133345929,0.,-0.258728444606451));
#979=CARTESIAN_POINT('',(0.390873370629775,0.,-0.256826098372635));
#980=CARTESIAN_POINT('',(0.397477851693093,0.,0.0037280867173409));
#981=CARTESIAN_POINT('',(0.388926379541404,0.,0.00378059477176212));
#982=CARTESIAN_POINT('',(0.380382495035013,0.,0.00383754356209967));
#983=CARTESIAN_POINT('',(0.382299548287341,0.,-0.254881735890889));
#984=CARTESIAN_POINT('',(0.373725725944907,0.,-0.252937373409144));
#985=CARTESIAN_POINT('',(0.365161843976192,0.,-0.250950994679469));
#986=CARTESIAN_POINT('',(0.371853449474116,0.,0.00390772270429593));
#987=CARTESIAN_POINT('',(0.363324403913216,0.,0.00397790184649169));
#988=CARTESIAN_POINT('',(0.354811652044814,0.,0.00406635083651263));
#989=CARTESIAN_POINT('',(0.356616981268668,0.,-0.248890323670724));
#990=CARTESIAN_POINT('',(0.348072118561144,0.,-0.246829652661978));
#991=CARTESIAN_POINT('',(0.33954918460882,0.,-0.24468461038223));
#992=CARTESIAN_POINT('',(0.346309430826136,0.,0.00414057578767471));
#993=CARTESIAN_POINT('',(0.337807209607458,0.,0.00421480073883702));
#994=CARTESIAN_POINT('',(0.329320738598806,0.,0.00427695695260299));
#995=CARTESIAN_POINT('',(0.331031229613231,0.,-0.24250548780559));
#996=CARTESIAN_POINT('',(0.322513274617641,0.,-0.24032636522895));
#997=CARTESIAN_POINT('',(0.314006195440703,0.,-0.23809730865626));
#998=CARTESIAN_POINT('',(0.320848836966233,0.,0.00435827791076687));
#999=CARTESIAN_POINT('',(0.312376935333662,0.,0.00443959886893072));
#1000=CARTESIAN_POINT('',(0.303920496093242,0.,0.00453802044641255));
#1001=CARTESIAN_POINT('',(0.305521632661039,0.,-0.235790385790344));
#1002=CARTESIAN_POINT('',(0.297037069881377,0.,-0.233483462924427));
#1003=CARTESIAN_POINT('',(0.288575023498991,0.,-0.231098673765285));
#1004=CARTESIAN_POINT('',(0.295491032183163,0.,0.00465384929652911));
#1005=CARTESIAN_POINT('',(0.287061568273083,0.,0.00476967814664575));
#1006=CARTESIAN_POINT('',(0.278650506314626,0.,0.00488590475181212));
#1007=CARTESIAN_POINT('',(0.280147134092506,0.,-0.22860808601574));
#1008=CARTESIAN_POINT('',(0.27171924468602,0.,-0.226117498266195));
#1009=CARTESIAN_POINT('',(0.263308365497997,0.,-0.223555130961418));
#1010=CARTESIAN_POINT('',(0.270262790340871,0.,0.00498552502335434));
#1011=CARTESIAN_POINT('',(0.266068932353993,0.,0.00503533515912545));
#1012=CARTESIAN_POINT('',(0.261883384296649,0.,0.00507998843373904));
#1013=CARTESIAN_POINT('',(0.254912999296842,0.,-0.220927673288215));
#1014=CARTESIAN_POINT('',(0.250715316196265,0.,-0.219613944451614));
#1015=CARTESIAN_POINT('',(0.246523537194398,0.,-0.218279856597681));
#1016=CARTESIAN_POINT('',(0.257703087504099,0.,0.00513186234382225));
#1017=CARTESIAN_POINT('',(0.253522790711549,0.,0.00518373625390547));
#1018=CARTESIAN_POINT('',(0.249347152120816,0.,0.00524412526702829));
#1019=CARTESIAN_POINT('',(0.242340805570234,0.,-0.216919525698033));
#1020=CARTESIAN_POINT('',(0.238158073946069,0.,-0.215559194798386));
#1021=CARTESIAN_POINT('',(0.233984389699607,0.,-0.214172620853025));
#1022=CARTESIAN_POINT('',(0.245179623327465,0.,0.00531230728389906));
#1023=CARTESIAN_POINT('',(0.241012094534116,0.,0.0053804893007702));
#1024=CARTESIAN_POINT('',(0.236852675538147,0.,0.0054564643213894));
#1025=CARTESIAN_POINT('',(0.22982289610984,0.,-0.212753919833568));
#1026=CARTESIAN_POINT('',(0.225661402520072,0.,-0.21133521881411));
#1027=CARTESIAN_POINT('',(0.221512099586999,0.,-0.209884390720557));
#1028=CARTESIAN_POINT('',(0.232704817935126,0.,0.00553951024646479));
#1029=CARTESIAN_POINT('',(0.228556960332103,0.,0.00562255617153976));
#1030=CARTESIAN_POINT('',(0.2244233047531,0.,0.0057165576097163));
#1031=CARTESIAN_POINT('',(0.217378130589613,0.,-0.208395551524527));
#1032=CARTESIAN_POINT('',(0.213244161592227,0.,-0.206906712328496));
#1033=CARTESIAN_POINT('',(0.209130807792672,0.,-0.205372092812697));
#1034=CARTESIAN_POINT('',(0.220298384699663,0.,0.00580767849984899));
#1035=CARTESIAN_POINT('',(0.21204854459279,0.,0.00598992028011402));
#1036=CARTESIAN_POINT('',(0.203819481385785,0.,0.00613936422562114));
#1037=CARTESIAN_POINT('',(0.205023376281908,0.,-0.203812036872456));
#1038=CARTESIAN_POINT('',(0.196808513260382,0.,-0.200691924991973));
#1039=CARTESIAN_POINT('',(0.188589008989215,0.,-0.197512618698887));
#1040=CARTESIAN_POINT('',(0.195657136284657,0.,0.00626671883082448));
#1041=CARTESIAN_POINT('',(0.191575963734094,0.,0.00633039613342636));
#1042=CARTESIAN_POINT('',(0.187510563951538,0.,0.00638952684587767));
#1043=CARTESIAN_POINT('',(0.180426666583331,0.,-0.194194075188567));
#1044=CARTESIAN_POINT('',(0.176345495380389,0.,-0.192534803433408));
#1045=CARTESIAN_POINT('',(0.172278614643767,0.,-0.19084072237394));
#1046=CARTESIAN_POINT('',(0.183455807028671,0.,0.00646228914713304));
#1047=CARTESIAN_POINT('',(0.179401050105803,0.,0.00653505144838831));
#1048=CARTESIAN_POINT('',(0.175360124867766,0.,0.00661709764568857));
#1049=CARTESIAN_POINT('',(0.168233749762831,0.,-0.189101826659585));
#1050=CARTESIAN_POINT('',(0.164188884881895,0.,-0.18736293094523));
#1051=CARTESIAN_POINT('',(0.160166035856644,0.,-0.185579220575988));
#1052=CARTESIAN_POINT('',(0.171339998976516,0.,0.00671006546061356));
#1053=CARTESIAN_POINT('',(0.167319873085267,0.,0.00680303327553912));
#1054=CARTESIAN_POINT('',(0.163320546540803,0.,0.00690692270808892));
#1055=CARTESIAN_POINT('',(0.156172928076444,0.,-0.183740690201281));
#1056=CARTESIAN_POINT('',(0.152179820296244,0.,-0.181902159826573));
#1057=CARTESIAN_POINT('',(0.148216453761094,0.,-0.1800088094464));
#1058=CARTESIAN_POINT('',(0.159348987005076,0.,0.00702337147984128));
#1059=CARTESIAN_POINT('',(0.155377427469348,0.,0.0071398202515927));
#1060=CARTESIAN_POINT('',(0.15143948732046,0.,0.00727449296807356));
#1061=CARTESIAN_POINT('',(0.144290553860361,0.,-0.178050633710183));
#1062=CARTESIAN_POINT('',(0.140364653959628,0.,-0.176092457973965));
#1063=CARTESIAN_POINT('',(0.136487925449517,0.,-0.17405812767065));
#1064=CARTESIAN_POINT('',(0.147509024600364,0.,0.00739757422175684));
#1065=CARTESIAN_POINT('',(0.139648099160174,0.,0.0076437367291244));
#1066=CARTESIAN_POINT('',(0.131840222442956,0.,0.00786309106195071));
#1067=CARTESIAN_POINT('',(0.132601874479389,0.,-0.172000543707871));
#1068=CARTESIAN_POINT('',(0.124829772539132,0.,-0.167885375782311));
#1069=CARTESIAN_POINT('',(0.117066658774419,0.,-0.163638077865594));
#1070=CARTESIAN_POINT('',(0.124172173915138,0.,0.00807409029706568));
#1071=CARTESIAN_POINT('',(0.11650412538732,0.,0.00828508953218057));
#1072=CARTESIAN_POINT('',(0.108896484916939,0.,0.00855654814263064));
#1073=CARTESIAN_POINT('',(0.109436412641785,0.,-0.159167904544687));
#1074=CARTESIAN_POINT('',(0.101806166509151,0.,-0.154697731223781));
#1075=CARTESIAN_POINT('',(0.0943087880085964,0.,-0.150004682498685));
#1076=CARTESIAN_POINT('',(0.101457554397728,0.,0.00889836032279448));
#1077=CARTESIAN_POINT('',(0.0977380891381225,0.,0.00906926641287677));
#1078=CARTESIAN_POINT('',(0.0940621665669356,0.,0.00925657527126027));
#1079=CARTESIAN_POINT('',(0.0870681565966556,0.,-0.144998012956368));
#1080=CARTESIAN_POINT('',(0.0834478408906853,0.,-0.14249467818521));
#1081=CARTESIAN_POINT('',(0.079891711956868,0.,-0.139912938209746));
#1082=CARTESIAN_POINT('',(0.0904454063927553,0.,0.00945971553841816));
#1083=CARTESIAN_POINT('',(0.0886370263056646,0.,0.00956128567199693));
#1084=CARTESIAN_POINT('',(0.0868434368178254,0.,0.00966681365776932));
#1085=CARTESIAN_POINT('',(0.0764152547272717,0.,-0.137241449853349));
#1086=CARTESIAN_POINT('',(0.0746770261124733,0.,-0.13590570567515));
#1087=CARTESIAN_POINT('',(0.0729587154237301,0.,-0.134547524401718));
#1088=CARTESIAN_POINT('',(0.0850665903928113,0.,0.00977622807579462));
#1089=CARTESIAN_POINT('',(0.0832897439677973,0.,0.00988564249381983));
#1090=CARTESIAN_POINT('',(0.0815313508762074,0.,0.00999988164636909));
#1091=CARTESIAN_POINT('',(0.0712622582775502,0.,-0.133165488135974));
#1092=CARTESIAN_POINT('',(0.0695658011313705,0.,-0.131783451870229));
#1093=CARTESIAN_POINT('',(0.0678946180689526,0.,-0.13037568400763));
#1094=CARTESIAN_POINT('',(0.0797765621983758,0.,0.0101101231166831));
#1095=CARTESIAN_POINT('',(0.0727574074870493,0.,0.0105510889979388));
#1096=CARTESIAN_POINT('',(0.0658609188212361,0.,0.0109594998620126));
#1097=CARTESIAN_POINT('',(0.066217041940326,0.,-0.128958268644736));
#1098=CARTESIAN_POINT('',(0.0595067374258197,0.,-0.123288607193156));
#1099=CARTESIAN_POINT('',(0.0528241347027368,0.,-0.117401769939673));
#1100=CARTESIAN_POINT('',(0.0593712999904186,0.,0.0113713625537033));
#1101=CARTESIAN_POINT('',(0.0577488952827146,0.,0.0114743282266261));
#1102=CARTESIAN_POINT('',(0.0561556915947167,0.,0.011575474058771));
#1103=CARTESIAN_POINT('',(0.0466116054691728,0.,-0.111125856029237));
#1104=CARTESIAN_POINT('',(0.045058473160782,0.,-0.109556877551628));
#1105=CARTESIAN_POINT('',(0.0435347204454858,0.,-0.107963581782959));
#1106=CARTESIAN_POINT('',(0.0545791395811495,0.,0.0116844746235034));
#1107=CARTESIAN_POINT('',(0.0530025875675819,0.,0.0117934751882357));
#1108=CARTESIAN_POINT('',(0.0514444295542351,0.,0.0119095250353768));
#1109=CARTESIAN_POINT('',(0.042047259381067,0.,-0.106343282772369));
#1110=CARTESIAN_POINT('',(0.0405597983166479,0.,-0.10472298376178));
#1111=CARTESIAN_POINT('',(0.0391086289031063,0.,-0.10307568150927));
#1112=CARTESIAN_POINT('',(0.0499115019702571,0.,0.0120326535533957));
#1113=CARTESIAN_POINT('',(0.0483785743862795,0.,0.0121557820714149));
#1114=CARTESIAN_POINT('',(0.0468751764387976,0.,0.0122859160242285));
#1115=CARTESIAN_POINT('',(0.0377006631982251,0.,-0.101398690063981));
#1116=CARTESIAN_POINT('',(0.0362926974933441,0.,-0.0997216986186912));
#1117=CARTESIAN_POINT('',(0.0349365339113777,0.,-0.0980151644527881));
#1118=CARTESIAN_POINT('',(0.0453929332332253,0.,0.0124233767224068));
#1119=CARTESIAN_POINT('',(0.0439106900276523,0.,0.0125608374205844));
#1120=CARTESIAN_POINT('',(0.0424462872077766,0.,0.0127053285511302));
#1121=CARTESIAN_POINT('',(0.0336086618626404,0.,-0.096275817771209));
#1122=CARTESIAN_POINT('',(0.0322807898139031,0.,-0.09453647108963));
#1123=CARTESIAN_POINT('',(0.0309745805859704,0.,-0.0927649045183681));
#1124=CARTESIAN_POINT('',(0.0410059064255208,0.,0.0128535513063921));
#1125=CARTESIAN_POINT('',(0.0352443832964994,0.,0.0134464423274416));
#1126=CARTESIAN_POINT('',(0.0298677289905451,0.,0.0140990647378926));
#1127=CARTESIAN_POINT('',(0.0296956366821738,0.,-0.0909650884988058));
#1128=CARTESIAN_POINT('',(0.0245798610669873,0.,-0.0837658244205564));
#1129=CARTESIAN_POINT('',(0.0199003306379651,0.,-0.0761145691694834));
#1130=CARTESIAN_POINT('',(0.0252700196633452,0.,0.014600218621636));
#1131=CARTESIAN_POINT('',(0.0246953059974456,0.,0.0146628628571042));
#1132=CARTESIAN_POINT('',(0.0241293118967963,0.,0.0147229725270321));
#1133=CARTESIAN_POINT('',(0.0160156056082133,0.,-0.0682654309939188));
#1134=CARTESIAN_POINT('',(0.0155300149794944,0.,-0.0672842887219733));
#1135=CARTESIAN_POINT('',(0.0150568431851384,0.,-0.0663000545293315));
#1136=CARTESIAN_POINT('',(0.0235727300118046,0.,0.01478054220107));
#1137=CARTESIAN_POINT('',(0.0230161481268125,0.,0.0148381118751076));
#1138=CARTESIAN_POINT('',(0.0224690038570194,0.,0.0148870256336004));
#1139=CARTESIAN_POINT('',(0.014596790538063,0.,-0.0653132247211683));
#1140=CARTESIAN_POINT('',(0.0141367378909874,0.,-0.0643263949130048));
#1141=CARTESIAN_POINT('',(0.0136898551902752,0.,-0.0633492013286294));
#1142=CARTESIAN_POINT('',(0.0219319307788943,0.,0.0149567209892928));
#1143=CARTESIAN_POINT('',(0.0208577846226441,0.,0.0150961117006776));
#1144=CARTESIAN_POINT('',(0.0198235243127881,0.,0.0153038395270733));
#1145=CARTESIAN_POINT('',(0.0132567246009675,0.,-0.0623232543870289));
#1146=CARTESIAN_POINT('',(0.0123904634223519,0.,-0.0602713605038279));
#1147=CARTESIAN_POINT('',(0.0115784128487989,0.,-0.0580540317393014));
#1148=CARTESIAN_POINT('',(0.0188300417259281,0.,0.0155577519163594));
#1149=CARTESIAN_POINT('',(0.0168430765522081,0.,0.0160655766949314));
#1150=CARTESIAN_POINT('',(0.0150192222704725,0.,0.0167581397250638));
#1151=CARTESIAN_POINT('',(0.0108168767303374,0.,-0.0557194567534943));
#1152=CARTESIAN_POINT('',(0.00929380449341458,0.,-0.0510503067818806));
#1153=CARTESIAN_POINT('',(0.00797279007685857,0.,-0.0459121719251469));
#1154=CARTESIAN_POINT('',(0.0133656138935369,0.,0.0174582205897895));
#1155=CARTESIAN_POINT('',(0.0117120055166013,0.,0.0181583014545155));
#1156=CARTESIAN_POINT('',(0.0102286430444656,0.,0.0188659001538347));
#1157=CARTESIAN_POINT('',(0.00682426428090361,0.,-0.0406905614636604));
#1158=CARTESIAN_POINT('',(0.00567573848494866,0.,-0.0354689510021739));
#1159=CARTESIAN_POINT('',(0.00469970130959477,0.,-0.0301638649359346));
#1160=CARTESIAN_POINT('',(0.00892266148994528,0.,0.0194037962707801));
#1161=CARTESIAN_POINT('',(0.00826967071268518,0.,0.0196727443292527));
#1162=CARTESIAN_POINT('',(0.00766158320819661,0.,0.0198349834497615));
#1163=CARTESIAN_POINT('',(0.00386658355507617,0.,-0.0251608125453096));
#1164=CARTESIAN_POINT('',(0.00345002467781692,0.,-0.0226592863499974));
#1165=CARTESIAN_POINT('',(0.00306919565576648,0.,-0.0202332685735888));
#1166=CARTESIAN_POINT('',(0.00709494368692115,0.,0.019861668803369));
#1167=CARTESIAN_POINT('',(0.00652830416564556,0.,0.0198883541569764));
#1168=CARTESIAN_POINT('',(0.00600305161272708,0.,0.019788638023058));
#1169=CARTESIAN_POINT('',(0.00272040033895414,0.,-0.0179309478761296));
#1170=CARTESIAN_POINT('',(0.00237160502214172,0.,-0.0156286271786699));
#1171=CARTESIAN_POINT('',(0.00205484341056741,0.,-0.0134500035601596));
#1172=CARTESIAN_POINT('',(0.00551554213514974,0.,0.0195620475373016));
#1173=CARTESIAN_POINT('',(0.00454052317999524,0.,0.0191088665657893));
#1174=CARTESIAN_POINT('',(0.00371647652620521,0.,0.0181481881869255));
#1175=CARTESIAN_POINT('',(0.00176641935426048,0.,-0.0114432656806448));
#1176=CARTESIAN_POINT('',(0.00118957124164671,0.,-0.00742978992161567));
#1177=CARTESIAN_POINT('',(0.000726073350102421,0.,-0.00410385711856773));
#1178=CARTESIAN_POINT('',(0.0030142510296519,0.,0.0166762294862141));
#1179=CARTESIAN_POINT('',(0.00266313828137518,0.,0.0159402501358581));
#1180=CARTESIAN_POINT('',(0.00234025945555781,0.,0.0150887338470066));
#1181=CARTESIAN_POINT('',(0.000346356479861988,0.,-0.00185097655186895));
#1182=CARTESIAN_POINT('',(0.000156498044741749,0.,-0.000724536268519428));
#1183=CARTESIAN_POINT('',(-1.68578687521933E-05,0.,0.000158207239675441));
#1184=CARTESIAN_POINT('',(0.00205096488624796,0.,0.0140665933307107));
#1185=CARTESIAN_POINT('',(0.00176167031693812,0.,0.0130444528144147));
#1186=CARTESIAN_POINT('',(0.00150605497990229,0.,0.0118685047714087));
#1187=CARTESIAN_POINT('',(-0.000159418956462299,0.,0.000639836463395915));
#1188=CARTESIAN_POINT('',(-0.000301980044172388,0.,0.00112146568711634));
#1189=CARTESIAN_POINT('',(-0.000413556354565633,0.,0.00123561402783124));
#1190=CARTESIAN_POINT('',(0.00128221896500327,0.,0.0106411578330285));
#1191=CARTESIAN_POINT('',(0.000386874905407211,0.,0.005731770079508));
#1192=CARTESIAN_POINT('',(9.26992857475106E-18,0.,4.27175655959289E-17));
#1193=CARTESIAN_POINT('',(0.,0.,0.));
#1194=CARTESIAN_POINT('',(-0.000494356071855233,0.,0.00113985581679031));
#1195=CARTESIAN_POINT('',(-0.000817554941013642,0.,0.000756822972626589));
#1196=CARTESIAN_POINT('',(-0.000648328320513665,0.,-0.00298471469963152));
#1197=CARTESIAN_POINT('',(0.,0.,0.));
#1198=B_SPLINE_SURFACE_WITH_KNOTS('Surf_YQAQDGAXIA, MainWing, 0, 4, upper',1,3,((#1199, #1200, #1201, #1205, #1206, #1207, #1211, #1212, #1213, #1217, #1218, #1219, #1223, #1224, #1225, #1229, #1230, #1231, #1235, #1236, #1237, #1241, #1242, #1243, #1247, #1248, #1249, #1253, #1254, #1255, #1259, #1260, #1261, #1265, #1266, #1267, #1271, #1272, #1273, #1277, #1278, #1279, #1283, #1284, #1285, #1289, #1290, #1291, #1295, #1296, #1297, #1301, #1302, #1303, #1307, #1308, #1309, #1313, #1314, #1315, #1319, #1320, #1321, #1325, #1326, #1327, #1331, #1332, #1333, #1337, #1338, #1339, #1343, #1344, #1345, #1349, #1350, #1351, #1355, #1356, #1357, #1361, #1362, #1363, #1367, #1368, #1369, #1373, #1374, #1375, #1379, #1380, #1381, #1385, #1386, #1387, #1391, #1392, #1393, #1397, #1398, #1399, #1403, #1404, #1405, #1409, #1410, #1411, #1415, #1416, #1417, #1421, #1422, #1423, #1427, #1428, #1429, #1433, #1434, #1435, #1439, #1440, #1441, #1445, #1446, #1447, #1451, #1452, #1453, #1457, #1458, #1459, #1463, #1464, #1465, #1469, #1470, #1471, #1475, #1476, #1477, #1481, #1482, #1483, #1487, #1488, #1489, #1493, #1494, #1495, #1499, #1500, #1501, #1505, #1506, #1507, #1511, #1512, #1513, #1517, #1518, #1519, #1523, #1524, #1525, #1529, #1530, #1531, #1535, #1536, #1537, #1541, #1542, #1543, #1547, #1548, #1549, #1553, #1554, #1555, #1559, #1560, #1561, #1565, #1566, #1567, #1571, #1572, #1573, #1577, #1578, #1579, #1583, #1584, #1585, #1589, #1590, #1591, #1595, #1596, #1597, #1601, #1602, #1603, #1607, #1608, #1609, #1613, #1614, #1615, #1619, #1620, #1621, #1625, #1626, #1627, #1631, #1632, #1633, #1637, #1638, #1639, #1643, #1644, #1645, #1649, #1650, #1651, #1655, #1656, #1657, #1661, #1662, #1663, #1667, #1668, #1669, #1673, #1674, #1675, #1679, #1680, #1681, #1685, #1686, #1687, #1691, #1692, #1693, #1697, #1698, #1699, #1703, #1704, #1705, #1709, #1710, #1711, #1715, #1716, #1717, #1721, #1722, #1723, #1727, #1728, #1729, #1733, #1734, #1735, #1739, #1740, #1741, #1745, #1746, #1747, #1751, #1752, #1753, #1757, #1758, #1759, #1763, #1764, #1765, #1769, #1770, #1771, #1775, #1776, #1777, #1781, #1782, #1783, #1787, #1788, #1789, #1793, #1794, #1795, #1799, #1800, #1801, #1805, #1806, #1807, #1811, #1812, #1813, #1817, #1818, #1819, #1823, #1824, #1825, #1829, #1830, #1831, #1835, #1836, #1837, #1841, #1842, #1843, #1847, #1848, #1849, #1853, #1854, #1855, #1859, #1860, #1861, #1865, #1866, #1867, #1871, #1872, #1873, #1877, #1878, #1879, #1883, #1884, #1885, #1889, #1890, #1891, #1895, #1896, #1897, #1901, #1902, #1903, #1907, #1908, #1909, #1913, #1914, #1915, #1919, #1920, #1921, #1925, #1926, #1927, #1931, #1932, #1933, #1937, #1938, #1939, #1943, #1944, #1945, #1949, #1950, #1951, #1955, #1956, #1957, #1961, #1962, #1963, #1967, #1968, #1969, #1973, #1974, #1975, #1979, #1980, #1981, #1985, #1986, #1987, #1991, #1992, #1993, #1997, #1998, #1999, #2003, #2004, #2005, #2009, #2010, #2011, #2015, #2016, #2017, #2021, #2022, #2023, #2027, #2028, #2029, #2033, #2034, #2035, #2039, #2040, #2041, #2045, #2046, #2047, #2051, #2052, #2053, #2057, #2058, #2059, #2063, #2064, #2065, #2069, #2070, #2071, #2075, #2076, #2077, #2081, #2082, #2083, #2087, #2088, #2089, #2093, #2094, #2095, #2099, #2100, #2101, #2105, #2106, #2107, #2111, #2112, #2113, #2117, #2118, #2119, #2123, #2124, #2125, #2129, #2130, #2131, #2135, #2136, #2137, #2141, #2142, #2143, #2147, #2148, #2149, #2153, #2154, #2155, #2159, #2160, #2161, #2165, #2166, #2167, #2171, #2172, #2173, #2177, #2178, #2179, #2183, #2184, #2185, #2189, #2190, #2191, #2195, #2196, #2197, #2201, #2202, #2203, #2207, #2208, #2209, #2213, #2214, #2215, #2219, #2220, #2221, #2225, #2226, #2227, #2231, #2232, #2233, #2237, #2238, #2239, #2243, #2244, #2245, #2249, #2250, #2251, #2255, #2256, #2257, #2261, #2262, #2263, #2267, #2268, #2269, #2273, #2274, #2275, #2279, #2280, #2281, #2285, #2286, #2287, #2291, #2292, #2293, #2297, #2298, #2299, #2303, #2304, #2305, #2309, #2310, #2311, #2315, #2316, #2317, #2321, #2322, #2323, #2327, #2328, #2329, #2333, #2334, #2335, #2336),(#1202, #1203, #1204, #1208, #1209, #1210, #1214, #1215, #1216, #1220, #1221, #1222, #1226, #1227, #1228, #1232, #1233, #1234, #1238, #1239, #1240, #1244, #1245, #1246, #1250, #1251, #1252, #1256, #1257, #1258, #1262, #1263, #1264, #1268, #1269, #1270, #1274, #1275, #1276, #1280, #1281, #1282, #1286, #1287, #1288, #1292, #1293, #1294, #1298, #1299, #1300, #1304, #1305, #1306, #1310, #1311, #1312, #1316, #1317, #1318, #1322, #1323, #1324, #1328, #1329, #1330, #1334, #1335, #1336, #1340, #1341, #1342, #1346, #1347, #1348, #1352, #1353, #1354, #1358, #1359, #1360, #1364, #1365, #1366, #1370, #1371, #1372, #1376, #1377, #1378, #1382, #1383, #1384, #1388, #1389, #1390, #1394, #1395, #1396, #1400, #1401, #1402, #1406, #1407, #1408, #1412, #1413, #1414, #1418, #1419, #1420, #1424, #1425, #1426, #1430, #1431, #1432, #1436, #1437, #1438, #1442, #1443, #1444, #1448, #1449, #1450, #1454, #1455, #1456, #1460, #1461, #1462, #1466, #1467, #1468, #1472, #1473, #1474, #1478, #1479, #1480, #1484, #1485, #1486, #1490, #1491, #1492, #1496, #1497, #1498, #1502, #1503, #1504, #1508, #1509, #1510, #1514, #1515, #1516, #1520, #1521, #1522, #1526, #1527, #1528, #1532, #1533, #1534, #1538, #1539, #1540, #1544, #1545, #1546, #1550, #1551, #1552, #1556, #1557, #1558, #1562, #1563, #1564, #1568, #1569, #1570, #1574, #1575, #1576, #1580, #1581, #1582, #1586, #1587, #1588, #1592, #1593, #1594, #1598, #1599, #1600, #1604, #1605, #1606, #1610, #1611, #1612, #1616, #1617, #1618, #1622, #1623, #1624, #1628, #1629, #1630, #1634, #1635, #1636, #1640, #1641, #1642, #1646, #1647, #1648, #1652, #1653, #1654, #1658, #1659, #1660, #1664, #1665, #1666, #1670, #1671, #1672, #1676, #1677, #1678, #1682, #1683, #1684, #1688, #1689, #1690, #1694, #1695, #1696, #1700, #1701, #1702, #1706, #1707, #1708, #1712, #1713, #1714, #1718, #1719, #1720, #1724, #1725, #1726, #1730, #1731, #1732, #1736, #1737, #1738, #1742, #1743, #1744, #1748, #1749, #1750, #1754, #1755, #1756, #1760, #1761, #1762, #1766, #1767, #1768, #1772, #1773, #1774, #1778, #1779, #1780, #1784, #1785, #1786, #1790, #1791, #1792, #1796, #1797, #1798, #1802, #1803, #1804, #1808, #1809, #1810, #1814, #1815, #1816, #1820, #1821, #1822, #1826, #1827, #1828, #1832, #1833, #1834, #1838, #1839, #1840, #1844, #1845, #1846, #1850, #1851, #1852, #1856, #1857, #1858, #1862, #1863, #1864, #1868, #1869, #1870, #1874, #1875, #1876, #1880, #1881, #1882, #1886, #1887, #1888, #1892, #1893, #1894, #1898, #1899, #1900, #1904, #1905, #1906, #1910, #1911, #1912, #1916, #1917, #1918, #1922, #1923, #1924, #1928, #1929, #1930, #1934, #1935, #1936, #1940, #1941, #1942, #1946, #1947, #1948, #1952, #1953, #1954, #1958, #1959, #1960, #1964, #1965, #1966, #1970, #1971, #1972, #1976, #1977, #1978, #1982, #1983, #1984, #1988, #1989, #1990, #1994, #1995, #1996, #2000, #2001, #2002, #2006, #2007, #2008, #2012, #2013, #2014, #2018, #2019, #2020, #2024, #2025, #2026, #2030, #2031, #2032, #2036, #2037, #2038, #2042, #2043, #2044, #2048, #2049, #2050, #2054, #2055, #2056, #2060, #2061, #2062, #2066, #2067, #2068, #2072, #2073, #2074, #2078, #2079, #2080, #2084, #2085, #2086, #2090, #2091, #2092, #2096, #2097, #2098, #2102, #2103, #2104, #2108, #2109, #2110, #2114, #2115, #2116, #2120, #2121, #2122, #2126, #2127, #2128, #2132, #2133, #2134, #2138, #2139, #2140, #2144, #2145, #2146, #2150, #2151, #2152, #2156, #2157, #2158, #2162, #2163, #2164, #2168, #2169, #2170, #2174, #2175, #2176, #2180, #2181, #2182, #2186, #2187, #2188, #2192, #2193, #2194, #2198, #2199, #2200, #2204, #2205, #2206, #2210, #2211, #2212, #2216, #2217, #2218, #2222, #2223, #2224, #2228, #2229, #2230, #2234, #2235, #2236, #2240, #2241, #2242, #2246, #2247, #2248, #2252, #2253, #2254, #2258, #2259, #2260, #2264, #2265, #2266, #2270, #2271, #2272, #2276, #2277, #2278, #2282, #2283, #2284, #2288, #2289, #2290, #2294, #2295, #2296, #2300, #2301, #2302, #2306, #2307, #2308, #2312, #2313, #2314, #2318, #2319, #2320, #2324, #2325, #2326, #2330, #2331, #2332, #2337, #2338, #2339, #2340)),.UNSPECIFIED.,.F.,.F.,.F.,(2,2),(4,3,3,3,3,3,3,3,3,3,3,3,3,3,3,3,3,3,3,3,3,3,3,3,3,3,3,3,3,3,3,3,3,3,3,3,3,3,3,3,3,3,3,3,3,3,3,3,3,3,3,3,3,3,3,3,3,3,3,3,3,3,3,3,3,3,3,3,3,3,3,3,3,3,3,3,3,3,3,3,3,3,3,3,3,3,3,3,3,3,3,3,3,3,3,3,3,3,3,3,3,3,3,3,3,3,3,3,3,3,3,3,3,3,3,3,3,3,3,3,3,3,3,3,3,3,3,3,3,3,3,3,3,3,3,3,3,3,3,3,3,3,3,3,3,3,3,3,3,3,3,3,3,3,3,3,3,3,3,3,3,3,3,3,3,3,3,3,3,3,3,3,3,3,3,3,3,3,3,3,3,3,3,3,3,3,3,3,3,3,4),(0.,1.),(0.,1.,2.,3.,4.,5.,6.,7.,8.,9.,10.,11.,12.,13.,14.,15.,16.,17.,18.,19.,20.,21.,22.,23.,24.,25.,26.,27.,28.,29.,30.,31.,32.,33.,34.,35.,36.,37.,38.,39.,40.,41.,42.,43.,44.,45.,46.,47.,48.,49.,50.,51.,52.,53.,54.,55.,56.,57.,58.,59.,60.,61.,62.,63.,64.,65.,66.,67.,68.,69.,70.,71.,72.,73.,74.,75.,76.,77.,78.,79.,80.,81.,82.,83.,84.,85.,86.,87.,88.,89.,90.,91.,92.,93.,94.,95.,96.,97.,98.,99.,100.,101.,102.,103.,104.,105.,106.,107.,108.,109.,110.,111.,112.,113.,114.,115.,116.,117.,118.,119.,120.,121.,122.,123.,124.,125.,126.,127.,128.,129.,130.,131.,132.,133.,134.,135.,136.,137.,138.,139.,140.,141.,142.,143.,144.,145.,146.,147.,148.,149.,150.,151.,152.,153.,154.,155.,156.,157.,158.,159.,160.,161.,162.,163.,164.,165.,166.,167.,168.,169.,170.,171.,172.,173.,174.,175.,176.,177.,178.,179.,180.,181.,182.,183.,184.,185.,186.,187.,188.,189.,190.),.PIECEWISE_BEZIER_KNOTS.);
#1199=CARTESIAN_POINT('',(0.,0.,0.));
#1200=CARTESIAN_POINT('',(9.26992857475106E-18,0.,4.27175655959289E-17));
#1201=CARTESIAN_POINT('',(0.000386874905407211,0.,0.005731770079508));
#1202=CARTESIAN_POINT('',(0.,0.,0.));
#1203=CARTESIAN_POINT('',(0.000648328320513683,0.,0.00298471469963161));
#1204=CARTESIAN_POINT('',(0.00159130475182806,0.,0.0107067171863894));
#1205=CARTESIAN_POINT('',(0.00128221896500327,0.,0.0106411578330285));
#1206=CARTESIAN_POINT('',(0.00150605497990229,0.,0.0118685047714087));
#1207=CARTESIAN_POINT('',(0.00176167031693812,0.,0.0130444528144147));
#1208=CARTESIAN_POINT('',(0.00305879400186177,0.,0.0201424598492666));
#1209=CARTESIAN_POINT('',(0.00342566631437021,0.,0.0225013955149861));
#1210=CARTESIAN_POINT('',(0.00382532067804862,0.,0.024967439941713));
#1211=CARTESIAN_POINT('',(0.00205096488624796,0.,0.0140665933307107));
#1212=CARTESIAN_POINT('',(0.00234025945555781,0.,0.0150887338470066));
#1213=CARTESIAN_POINT('',(0.00266313828137518,0.,0.0159402501358581));
#1214=CARTESIAN_POINT('',(0.00426134872895822,0.,0.0274933501980254));
#1215=CARTESIAN_POINT('',(0.00469737677986781,0.,0.0300192604543378));
#1216=CARTESIAN_POINT('',(0.0051697785180086,0.,0.0326050365402357));
#1217=CARTESIAN_POINT('',(0.0030142510296519,0.,0.0166762294862141));
#1218=CARTESIAN_POINT('',(0.00371647652620521,0.,0.0181481881869255));
#1219=CARTESIAN_POINT('',(0.00454052317999524,0.,0.0191088665657893));
#1220=CARTESIAN_POINT('',(0.00568214557944181,0.,0.0352034355242971));
#1221=CARTESIAN_POINT('',(0.00670687970230799,0.,0.0404002334924187));
#1222=CARTESIAN_POINT('',(0.00789147511834378,0.,0.0456475230531942));
#1223=CARTESIAN_POINT('',(0.00551554213514974,0.,0.0195620475373016));
#1224=CARTESIAN_POINT('',(0.00600305161272708,0.,0.019788638023058));
#1225=CARTESIAN_POINT('',(0.00652830416564556,0.,0.0198883541569764));
#1226=CARTESIAN_POINT('',(0.00926466491603899,0.,0.0505673607552481));
#1227=CARTESIAN_POINT('',(0.00995125981488675,0.,0.0530272796062756));
#1228=CARTESIAN_POINT('',(0.0106850033091494,0.,0.0554053354926228));
#1229=CARTESIAN_POINT('',(0.00709494368692115,0.,0.019861668803369));
#1230=CARTESIAN_POINT('',(0.00766158320819661,0.,0.0198349834497615));
#1231=CARTESIAN_POINT('',(0.00826967071268518,0.,0.0196727443292527));
#1232=CARTESIAN_POINT('',(0.0114694870348882,0.,0.0576542854828676));
#1233=CARTESIAN_POINT('',(0.0122539707606267,0.,0.0599032354731118));
#1234=CARTESIAN_POINT('',(0.0130893167475535,0.,0.0620047750085029));
#1235=CARTESIAN_POINT('',(0.00892266148994528,0.,0.0194037962707801));
#1236=CARTESIAN_POINT('',(0.0102286430444656,0.,0.0188659001538347));
#1237=CARTESIAN_POINT('',(0.0117120055166013,0.,0.0181583014545155));
#1238=CARTESIAN_POINT('',(0.0139787394248144,0.,0.0639684050868698));
#1239=CARTESIAN_POINT('',(0.0157575847793364,0.,0.0678956652436041));
#1240=CARTESIAN_POINT('',(0.0177482725482539,0.,0.0717855539112048));
#1241=CARTESIAN_POINT('',(0.0133656138935369,0.,0.0174582205897895));
#1242=CARTESIAN_POINT('',(0.0150192222704725,0.,0.0167581397250638));
#1243=CARTESIAN_POINT('',(0.0168430765522081,0.,0.0160655766949314));
#1244=CARTESIAN_POINT('',(0.0199069635061701,0.,0.0756070026432395));
#1245=CARTESIAN_POINT('',(0.0220656544640865,0.,0.0794284513752745));
#1246=CARTESIAN_POINT('',(0.0243923486110016,0.,0.0831814601717433));
#1247=CARTESIAN_POINT('',(0.0188300417259281,0.,0.0155577519163594));
#1248=CARTESIAN_POINT('',(0.0198235243127881,0.,0.0153038395270733));
#1249=CARTESIAN_POINT('',(0.0208577846226441,0.,0.0150961117006776));
#1250=CARTESIAN_POINT('',(0.0268432067215187,0.,0.0868349605862131));
#1251=CARTESIAN_POINT('',(0.0280686357767772,0.,0.088661710793448));
#1252=CARTESIAN_POINT('',(0.0293251058229363,0.,0.0904635839051832));
#1253=CARTESIAN_POINT('',(0.0219319307788943,0.,0.0149567209892928));
#1254=CARTESIAN_POINT('',(0.0224690038570194,0.,0.0148870256336004));
#1255=CARTESIAN_POINT('',(0.0230161481268125,0.,0.0148381118751076));
#1256=CARTESIAN_POINT('',(0.0306071369568212,0.,0.0922366963656145));
#1257=CARTESIAN_POINT('',(0.0312481525237636,0.,0.0931232525958302));
#1258=CARTESIAN_POINT('',(0.0318955583626376,0.,0.0940026186632199));
#1259=CARTESIAN_POINT('',(0.0235727300118046,0.,0.01478054220107));
#1260=CARTESIAN_POINT('',(0.0241293118967963,0.,0.0147229725270321));
#1261=CARTESIAN_POINT('',(0.0246953059974456,0.,0.0146628628571042));
#1262=CARTESIAN_POINT('',(0.0325486694855462,0.,0.0948743091233082));
#1263=CARTESIAN_POINT('',(0.0332017806084541,0.,0.0957459995833956));
#1264=CARTESIAN_POINT('',(0.0338605970153968,0.,0.0966100144361816));
#1265=CARTESIAN_POINT('',(0.0252700196633452,0.,0.014600218621636));
#1266=CARTESIAN_POINT('',(0.0298677289905451,0.,0.0140990647378926));
#1267=CARTESIAN_POINT('',(0.0352443832964994,0.,0.0134464423274416));
#1268=CARTESIAN_POINT('',(0.0345244337184772,0.,0.0974658682371907));
#1269=CARTESIAN_POINT('',(0.039835127343125,0.,0.104312698645269));
#1270=CARTESIAN_POINT('',(0.0459089055260115,0.,0.110658709075439));
#1271=CARTESIAN_POINT('',(0.0410059064255208,0.,0.0128535513063921));
#1272=CARTESIAN_POINT('',(0.0424462872077766,0.,0.0127053285511302));
#1273=CARTESIAN_POINT('',(0.0439106900276523,0.,0.0125608374205844));
#1274=CARTESIAN_POINT('',(0.0523161761688679,0.,0.11667219111159));
#1275=CARTESIAN_POINT('',(0.0539179938295829,0.,0.118175561620628));
#1276=CARTESIAN_POINT('',(0.0555405902414015,0.,0.119658145930799));
#1277=CARTESIAN_POINT('',(0.0453929332332253,0.,0.0124233767224068));
#1278=CARTESIAN_POINT('',(0.0468751764387976,0.,0.0122859160242285));
#1279=CARTESIAN_POINT('',(0.0483785743862795,0.,0.0121557820714149));
#1280=CARTESIAN_POINT('',(0.0571772046038102,0.,0.121122571216023));
#1281=CARTESIAN_POINT('',(0.0588138189662175,0.,0.122586996501245));
#1282=CARTESIAN_POINT('',(0.0604644512792149,0.,0.124033262761521));
#1283=CARTESIAN_POINT('',(0.0499115019702571,0.,0.0120326535533957));
#1284=CARTESIAN_POINT('',(0.0514444295542351,0.,0.0119095250353768));
#1285=CARTESIAN_POINT('',(0.0530025875675819,0.,0.0117934751882357));
#1286=CARTESIAN_POINT('',(0.062122340742289,0.,0.125463997170772));
#1287=CARTESIAN_POINT('',(0.0637802302053639,0.,0.126894731580024));
#1288=CARTESIAN_POINT('',(0.0654453768185159,0.,0.128309934138251));
#1289=CARTESIAN_POINT('',(0.0545791395811495,0.,0.0116844746235034));
#1290=CARTESIAN_POINT('',(0.0561556915947167,0.,0.011575474058771));
#1291=CARTESIAN_POINT('',(0.0577488952827146,0.,0.0114743282266261));
#1292=CARTESIAN_POINT('',(0.067111019781232,0.,0.129712232019376));
#1293=CARTESIAN_POINT('',(0.0687766627439477,0.,0.131114529900501));
#1294=CARTESIAN_POINT('',(0.0704393174046472,0.,0.13250553400488));
#1295=CARTESIAN_POINT('',(0.0593712999904186,0.,0.0113713625537033));
#1296=CARTESIAN_POINT('',(0.0658609188212361,0.,0.0109594998620126));
#1297=CARTESIAN_POINT('',(0.0727574074870493,0.,0.0105510889979388));
#1298=CARTESIAN_POINT('',(0.0721309945116644,0.,0.133868581136643));
#1299=CARTESIAN_POINT('',(0.0788977029397354,0.,0.139320769663699));
#1300=CARTESIAN_POINT('',(0.0860080775482789,0.,0.144390785189033));
#1301=CARTESIAN_POINT('',(0.0797765621983758,0.,0.0101101231166831));
#1302=CARTESIAN_POINT('',(0.0815313508762074,0.,0.00999988164636909));
#1303=CARTESIAN_POINT('',(0.0832897439677973,0.,0.00988564249381983));
#1304=CARTESIAN_POINT('',(0.0933360824564256,0.,0.149178514878102));
#1305=CARTESIAN_POINT('',(0.0951680836834622,0.,0.150375447300369));
#1306=CARTESIAN_POINT('',(0.097013686804224,0.,0.151554736857869));
#1307=CARTESIAN_POINT('',(0.0850665903928113,0.,0.00977622807579462));
#1308=CARTESIAN_POINT('',(0.0868434368178254,0.,0.00966681365776932));
#1309=CARTESIAN_POINT('',(0.0886370263056646,0.,0.00956128567199693));
#1310=CARTESIAN_POINT('',(0.0988709225080724,0.,0.152717944287563));
#1311=CARTESIAN_POINT('',(0.100728158211921,0.,0.153881151717257));
#1312=CARTESIAN_POINT('',(0.102597026498856,0.,0.155028277019144));
#1313=CARTESIAN_POINT('',(0.0904454063927553,0.,0.00945971553841816));
#1314=CARTESIAN_POINT('',(0.0940621665669356,0.,0.00925657527126027));
#1315=CARTESIAN_POINT('',(0.0977380891381225,0.,0.00906926641287677));
#1316=CARTESIAN_POINT('',(0.104475558058239,0.,0.156160880930185));
#1317=CARTESIAN_POINT('',(0.108232621177003,0.,0.158426088752267));
#1318=CARTESIAN_POINT('',(0.11202833738556,0.,0.160633211010964));
#1319=CARTESIAN_POINT('',(0.101457554397728,0.,0.00889836032279448));
#1320=CARTESIAN_POINT('',(0.108896484916939,0.,0.00855654814263064));
#1321=CARTESIAN_POINT('',(0.11650412538732,0.,0.00828508953218057));
#1322=CARTESIAN_POINT('',(0.1158469521988,0.,0.162794733601957));
#1323=CARTESIAN_POINT('',(0.123484181825282,0.,0.167117778783946));
#1324=CARTESIAN_POINT('',(0.131202084265489,0.,0.171267910288142));
#1325=CARTESIAN_POINT('',(0.124172173915138,0.,0.00807409029706568));
#1326=CARTESIAN_POINT('',(0.131840222442956,0.,0.00786309106195071));
#1327=CARTESIAN_POINT('',(0.139648099160174,0.,0.0076437367291244));
#1328=CARTESIAN_POINT('',(0.138907935188491,0.,0.175316085138818));
#1329=CARTESIAN_POINT('',(0.146613786111493,0.,0.179364259989495));
#1330=CARTESIAN_POINT('',(0.154466425781217,0.,0.18317284924056));
#1331=CARTESIAN_POINT('',(0.147509024600364,0.,0.00739757422175684));
#1332=CARTESIAN_POINT('',(0.15143948732046,0.,0.00727449296807356));
#1333=CARTESIAN_POINT('',(0.155377427469348,0.,0.0071398202515927));
#1334=CARTESIAN_POINT('',(0.16241617472134,0.,0.186795692151384));
#1335=CARTESIAN_POINT('',(0.166391049191404,0.,0.188607113606797));
#1336=CARTESIAN_POINT('',(0.170390200979068,0.,0.190372098477151));
#1337=CARTESIAN_POINT('',(0.159348987005076,0.,0.00702337147984128));
#1338=CARTESIAN_POINT('',(0.163320546540803,0.,0.00690692270808892));
#1339=CARTESIAN_POINT('',(0.167319873085267,0.,0.00680303327553912));
#1340=CARTESIAN_POINT('',(0.174407420149791,0.,0.192097376669865));
#1341=CARTESIAN_POINT('',(0.178424639320511,0.,0.193822654862578));
#1342=CARTESIAN_POINT('',(0.18245992587429,0.,0.195508226377652));
#1343=CARTESIAN_POINT('',(0.171339998976516,0.,0.00671006546061356));
#1344=CARTESIAN_POINT('',(0.175360124867766,0.,0.00661709764568857));
#1345=CARTESIAN_POINT('',(0.179401050105803,0.,0.00653505144838831));
#1346=CARTESIAN_POINT('',(0.186507069876587,0.,0.197160821122508));
#1347=CARTESIAN_POINT('',(0.190554213878888,0.,0.198813415867365));
#1348=CARTESIAN_POINT('',(0.194613215329711,0.,0.200433033842007));
#1349=CARTESIAN_POINT('',(0.183455807028671,0.,0.00646228914713304));
#1350=CARTESIAN_POINT('',(0.187510563951538,0.,0.00638952684587767));
#1351=CARTESIAN_POINT('',(0.191575963734094,0.,0.00633039613342636));
#1352=CARTESIAN_POINT('',(0.198677864294511,0.,0.202026404953851));
#1353=CARTESIAN_POINT('',(0.20274251325931,0.,0.203619776065695));
#1354=CARTESIAN_POINT('',(0.206806432087799,0.,0.20519559570026));
#1355=CARTESIAN_POINT('',(0.195657136284657,0.,0.00626671883082448));
#1356=CARTESIAN_POINT('',(0.203819481385785,0.,0.00613936422562114));
#1357=CARTESIAN_POINT('',(0.21204854459279,0.,0.00598992028011402));
#1358=CARTESIAN_POINT('',(0.210887605985983,0.,0.206727512850216));
#1359=CARTESIAN_POINT('',(0.219049953782355,0.,0.209791347150129));
#1360=CARTESIAN_POINT('',(0.227288575925199,0.,0.212671765552201));
#1361=CARTESIAN_POINT('',(0.220298384699663,0.,0.00580767849984899));
#1362=CARTESIAN_POINT('',(0.2244233047531,0.,0.0057165576097163));
#1363=CARTESIAN_POINT('',(0.228556960332103,0.,0.00562255617153976));
#1364=CARTESIAN_POINT('',(0.235573393117418,0.,0.215427393872154));
#1365=CARTESIAN_POINT('',(0.239715801713527,0.,0.216805208032129));
#1366=CARTESIAN_POINT('',(0.24386975907198,0.,0.218151824671575));
#1367=CARTESIAN_POINT('',(0.232704817935126,0.,0.00553951024646479));
#1368=CARTESIAN_POINT('',(0.236852675538147,0.,0.0054564643213894));
#1369=CARTESIAN_POINT('',(0.241012094534116,0.,0.0053804893007702));
#1370=CARTESIAN_POINT('',(0.248031505280639,0.,0.219474572017456));
#1371=CARTESIAN_POINT('',(0.252193251489296,0.,0.220797319363336));
#1372=CARTESIAN_POINT('',(0.256362786548159,0.,0.222096197415651));
#1373=CARTESIAN_POINT('',(0.245179623327465,0.,0.00531230728389906));
#1374=CARTESIAN_POINT('',(0.249347152120816,0.,0.00524412526702829));
#1375=CARTESIAN_POINT('',(0.253522790711549,0.,0.00518373625390547));
#1376=CARTESIAN_POINT('',(0.260536350545091,0.,0.223378534401366));
#1377=CARTESIAN_POINT('',(0.264709914542025,0.,0.224660871387081));
#1378=CARTESIAN_POINT('',(0.268887507477029,0.,0.225926667306197));
#1379=CARTESIAN_POINT('',(0.257703087504099,0.,0.00513186234382225));
#1380=CARTESIAN_POINT('',(0.261883384296649,0.,0.00507998843373904));
#1381=CARTESIAN_POINT('',(0.266068932353993,0.,0.00503533515912545));
#1382=CARTESIAN_POINT('',(0.273065369437965,0.,0.227183250385678));
#1383=CARTESIAN_POINT('',(0.277243231398901,0.,0.228439833465159));
#1384=CARTESIAN_POINT('',(0.281422548511722,0.,0.229684614769865));
#1385=CARTESIAN_POINT('',(0.270262790340871,0.,0.00498552502335434));
#1386=CARTESIAN_POINT('',(0.278650506314626,0.,0.00488590475181212));
#1387=CARTESIAN_POINT('',(0.287061568273083,0.,0.00476967814664575));
#1388=CARTESIAN_POINT('',(0.285612581384899,0.,0.230898723334924));
#1389=CARTESIAN_POINT('',(0.293992647131255,0.,0.233326940465042));
#1390=CARTESIAN_POINT('',(0.302403891860147,0.,0.235656854559487));
#1391=CARTESIAN_POINT('',(0.295491032183163,0.,0.00465384929652911));
#1392=CARTESIAN_POINT('',(0.303920496093242,0.,0.00453802044641255));
#1393=CARTESIAN_POINT('',(0.312376935333662,0.,0.00443959886893072));
#1394=CARTESIAN_POINT('',(0.310834930273819,0.,0.237915784608798));
#1395=CARTESIAN_POINT('',(0.319265968687492,0.,0.24017471465811));
#1396=CARTESIAN_POINT('',(0.327716800785946,0.,0.242362660662289));
#1397=CARTESIAN_POINT('',(0.320848836966233,0.,0.00435827791076687));
#1398=CARTESIAN_POINT('',(0.329320738598806,0.,0.00427695695260299));
#1399=CARTESIAN_POINT('',(0.337807209607458,0.,0.00421480073883702));
#1400=CARTESIAN_POINT('',(0.336176041271427,0.,0.244506941611877));
#1401=CARTESIAN_POINT('',(0.344635281756909,0.,0.246651222561466));
#1402=CARTESIAN_POINT('',(0.353101144597276,0.,0.248755966706625));
#1403=CARTESIAN_POINT('',(0.346309430826136,0.,0.00414057578767471));
#1404=CARTESIAN_POINT('',(0.354811652044814,0.,0.00406635083651263));
#1405=CARTESIAN_POINT('',(0.363324403913216,0.,0.00397790184649169));
#1406=CARTESIAN_POINT('',(0.361587632039041,0.,0.25078663938094));
#1407=CARTESIAN_POINT('',(0.370074119480809,0.,0.252817312055255));
#1408=CARTESIAN_POINT('',(0.378576689265288,0.,0.254785456354962));
#1409=CARTESIAN_POINT('',(0.371853449474116,0.,0.00390772270429593));
#1410=CARTESIAN_POINT('',(0.380382495035013,0.,0.00383754356209967));
#1411=CARTESIAN_POINT('',(0.388926379541404,0.,0.00378059477176212));
#1412=CARTESIAN_POINT('',(0.387089917679563,0.,0.256705769079316));
#1413=CARTESIAN_POINT('',(0.395603146093834,0.,0.258626081803668));
#1414=CARTESIAN_POINT('',(0.4041270331379,0.,0.260498562952668));
#1415=CARTESIAN_POINT('',(0.397477851693093,0.,0.0037280867173409));
#1416=CARTESIAN_POINT('',(0.406029323844785,0.,0.00367557866292009));
#1417=CARTESIAN_POINT('',(0.414592117108974,0.,0.00361553476733914));
#1418=CARTESIAN_POINT('',(0.412656155098846,0.,0.262337909325571));
#1419=CARTESIAN_POINT('',(0.421185277059795,0.,0.264177255698475));
#1420=CARTESIAN_POINT('',(0.42972710087202,0.,0.265959514141129));
#1421=CARTESIAN_POINT('',(0.42315998533765,0.,0.00353844385402297));
#1422=CARTESIAN_POINT('',(0.431727853566323,0.,0.00346135294070637));
#1423=CARTESIAN_POINT('',(0.440300497292121,0.,0.0033648352753633));
#1424=CARTESIAN_POINT('',(0.438278213126972,0.,0.267697938331524));
#1425=CARTESIAN_POINT('',(0.446829325381919,0.,0.269436362521918));
#1426=CARTESIAN_POINT('',(0.455389726079594,0.,0.271130952460054));
#1427=CARTESIAN_POINT('',(0.44887986502486,0.,0.00326779932761917));
#1428=CARTESIAN_POINT('',(0.466038600490339,0.,0.00307372743213141));
#1429=CARTESIAN_POINT('',(0.483217423465219,0.,0.00289080332254546));
#1430=CARTESIAN_POINT('',(0.463956001811444,0.,0.27279496182392));
#1431=CARTESIAN_POINT('',(0.48108855327515,0.,0.276122980551655));
#1432=CARTESIAN_POINT('',(0.498236252947402,0.,0.279360866708637));
#1433=CARTESIAN_POINT('',(0.5004327498959,0.,0.00277050451242891));
#1434=CARTESIAN_POINT('',(0.517648076326582,0.,0.0026502057023125));
#1435=CARTESIAN_POINT('',(0.534899645634671,0.,0.00258888486839706));
#1436=CARTESIAN_POINT('',(0.515409614360892,0.,0.28246846580081));
#1437=CARTESIAN_POINT('',(0.532582975774383,0.,0.285576064892983));
#1438=CARTESIAN_POINT('',(0.549778736635941,0.,0.288559443949384));
#1439=CARTESIAN_POINT('',(0.552169728394161,0.,0.00251816095628166));
#1440=CARTESIAN_POINT('',(0.560804769773905,0.,0.00248279900022386));
#1441=CARTESIAN_POINT('',(0.569443348635372,0.,0.00244027514459746));
#1442=CARTESIAN_POINT('',(0.566994953605818,0.,0.2914172602643));
#1443=CARTESIAN_POINT('',(0.575603062090756,0.,0.292846168421758));
#1444=CARTESIAN_POINT('',(0.584216284602773,0.,0.294243685893845));
#1445=CARTESIAN_POINT('',(0.578088220264775,0.,0.00240418196984615));
#1446=CARTESIAN_POINT('',(0.586733091894177,0.,0.00236808879509467));
#1447=CARTESIAN_POINT('',(0.595383872829195,0.,0.00233628977987263));
#1448=CARTESIAN_POINT('',(0.592834378224402,0.,0.295609644842347));
#1449=CARTESIAN_POINT('',(0.601452471846029,0.,0.296975603790849));
#1450=CARTESIAN_POINT('',(0.610075436577268,0.,0.298310004215766));
#1451=CARTESIAN_POINT('',(0.604038797907575,0.,0.00229982152214583));
#1452=CARTESIAN_POINT('',(0.612693722985957,0.,0.00226335326441929));
#1453=CARTESIAN_POINT('',(0.621353944054081,0.,0.00221522200821209));
#1454=CARTESIAN_POINT('',(0.618703029500649,0.,0.299612678278884));
#1455=CARTESIAN_POINT('',(0.627330622424034,0.,0.300915352342002));
#1456=CARTESIAN_POINT('',(0.635965147232323,0.,0.30217231253137));
#1457=CARTESIAN_POINT('',(0.630016635212185,0.,0.00215400689216341));
#1458=CARTESIAN_POINT('',(0.638679326370287,0.,0.00209279177611452));
#1459=CARTESIAN_POINT('',(0.647344581462983,0.,0.00201883977550946));
#1460=CARTESIAN_POINT('',(0.644604239533028,0.,0.30339847609012));
#1461=CARTESIAN_POINT('',(0.653243331833729,0.,0.304624639648869));
#1462=CARTESIAN_POINT('',(0.661886991626847,0.,0.305820006577001));
#1463=CARTESIAN_POINT('',(0.656012590365099,0.,0.00194695902697917));
#1464=CARTESIAN_POINT('',(0.673348608169332,0.,0.00180319752991878));
#1465=CARTESIAN_POINT('',(0.690691085140054,0.,0.00167687763746316));
#1466=CARTESIAN_POINT('',(0.670532854519894,0.,0.306999494117648));
#1467=CARTESIAN_POINT('',(0.68782458030599,0.,0.309358469198941));
#1468=CARTESIAN_POINT('',(0.705119338661124,0.,0.311688266146502));
#1469=CARTESIAN_POINT('',(0.708042959318069,0.,0.00154747616553078));
#1470=CARTESIAN_POINT('',(0.742746707674099,0.,0.00128867322166598));
#1471=CARTESIAN_POINT('',(0.777486033545061,0.,0.00103060680513933));
#1472=CARTESIAN_POINT('',(0.722423972044009,0.,0.313947212232921));
#1473=CARTESIAN_POINT('',(0.757033238809778,0.,0.318465104405759));
#1474=CARTESIAN_POINT('',(0.791675829147725,0.,0.322726985216514));
#1475=CARTESIAN_POINT('',(0.812256712802772,0.,0.00077339149106681));
#1476=CARTESIAN_POINT('',(0.829642052431628,0.,0.000644783834030521));
#1477=CARTESIAN_POINT('',(0.847035519072988,0.,0.000516522340803488));
#1478=CARTESIAN_POINT('',(0.826347510038037,0.,0.326730772039381));
#1479=CARTESIAN_POINT('',(0.843683350483193,0.,0.328732665450815));
#1480=CARTESIAN_POINT('',(0.861027040898074,0.,0.330670302141668));
#1481=CARTESIAN_POINT('',(0.864436334364376,0.,0.000388518838847079));
#1482=CARTESIAN_POINT('',(0.87313674201007,0.,0.000324517087868875));
#1483=CARTESIAN_POINT('',(0.881838725722408,0.,0.00026264820626945));
#1484=CARTESIAN_POINT('',(0.878377551462296,0.,0.332543216794859));
#1485=CARTESIAN_POINT('',(0.887052806744406,0.,0.333479674121455));
#1486=CARTESIAN_POINT('',(0.895729244872128,0.,0.334404087681757));
#1487=CARTESIAN_POINT('',(0.890543055245707,0.,0.000195383394440446));
#1488=CARTESIAN_POINT('',(0.899247384769007,0.,0.000128118582611442));
#1489=CARTESIAN_POINT('',(0.907954131915901,0.,5.50539443340547E-05));
#1490=CARTESIAN_POINT('',(0.904408471197164,0.,0.335301363755049));
#1491=CARTESIAN_POINT('',(0.9130876975222,0.,0.33619863982834));
#1492=CARTESIAN_POINT('',(0.921769855669819,0.,0.337067970622184));
#1493=CARTESIAN_POINT('',(0.916662303562903,0.,-1.46401988664058E-05));
#1494=CARTESIAN_POINT('',(0.934078646856906,0.,-0.000154028485267244));
#1495=CARTESIAN_POINT('',(0.951499816706305,0.,-0.000271069775511334));
#1496=CARTESIAN_POINT('',(0.930453025256116,0.,0.337927660658129));
#1497=CARTESIAN_POINT('',(0.947819364428709,0.,0.339647040730019));
#1498=CARTESIAN_POINT('',(0.965187749703043,0.,0.341345739680781));
#1499=CARTESIAN_POINT('',(0.968921320211448,0.,-0.000322966300562388));
#1500=CARTESIAN_POINT('',(0.986342823716591,0.,-0.00037486282561347));
#1501=CARTESIAN_POINT('',(1.00376683524002,0.,-0.000383112594961627));
#1502=CARTESIAN_POINT('',(0.982549728721282,0.,0.343109111052296));
#1503=CARTESIAN_POINT('',(0.999911707739521,0.,0.344872482423811));
#1504=CARTESIAN_POINT('',(1.01727162922675,0.,0.3466575301971));
#1505=CARTESIAN_POINT('',(1.02120006541655,0.,-0.000421101679667829));
#1506=CARTESIAN_POINT('',(1.03863329559307,0.,-0.000459090764374059));
#1507=CARTESIAN_POINT('',(1.05607582910837,0.,-0.000532061411407214));
#1508=CARTESIAN_POINT('',(1.03464344789405,0.,0.348317240233852));
#1509=CARTESIAN_POINT('',(1.05201526656135,0.,0.349976950270604));
#1510=CARTESIAN_POINT('',(1.06939980989579,0.,0.351502605083459));
#1511=CARTESIAN_POINT('',(1.0735223412793,0.,-0.000550509803562693));
#1512=CARTESIAN_POINT('',(1.08224559736476,0.,-0.000559733999640349));
#1513=CARTESIAN_POINT('',(1.09096925649873,0.,-0.000559053787515806));
#1514=CARTESIAN_POINT('',(1.08678319154005,0.,0.353040498338403));
#1515=CARTESIAN_POINT('',(1.09547488236218,0.,0.353809444965875));
#1516=CARTESIAN_POINT('',(1.10416603005458,0.,0.354583666477611));
#1517=CARTESIAN_POINT('',(1.09969210146734,0.,-0.000551309006702583));
#1518=CARTESIAN_POINT('',(1.10841494643595,0.,-0.000543564225889387));
#1519=CARTESIAN_POINT('',(1.11713722679168,0.,-0.000531440449513615));
#1520=CARTESIAN_POINT('',(1.11285574357996,0.,0.355374269042489));
#1521=CARTESIAN_POINT('',(1.12154545710534,0.,0.356164871607367));
#1522=CARTESIAN_POINT('',(1.13023423556865,0.,0.356966484079136));
#1523=CARTESIAN_POINT('',(1.12585895478882,0.,-0.00053256121984166));
#1524=CARTESIAN_POINT('',(1.13458068278596,0.,-0.000533681990169732));
#1525=CARTESIAN_POINT('',(1.14330225084669,0.,-0.000544137275490464));
#1526=CARTESIAN_POINT('',(1.13892364686891,0.,0.357760645221167));
#1527=CARTESIAN_POINT('',(1.14761305816918,0.,0.358554806363197));
#1528=CARTESIAN_POINT('',(1.15630310230639,0.,0.359341516175491));
#1529=CARTESIAN_POINT('',(1.15202524440907,0.,-0.000563720562075098));
#1530=CARTESIAN_POINT('',(1.16074823797145,0.,-0.000583303848659789));
#1531=CARTESIAN_POINT('',(1.16947282052558,0.,-0.000613834101263061));
#1532=CARTESIAN_POINT('',(1.16499534717958,0.,0.360102313421419));
#1533=CARTESIAN_POINT('',(1.17368759205276,0.,0.360863110667348));
#1534=CARTESIAN_POINT('',(1.18238236464208,0.,0.361594357417402));
#1535=CARTESIAN_POINT('',(1.17819911498827,0.,-0.000637312946881102));
#1536=CARTESIAN_POINT('',(1.19565170391366,0.,-0.000684270638117185));
#1537=CARTESIAN_POINT('',(1.21311152396233,0.,-0.000714928687161248));
#1538=CARTESIAN_POINT('',(1.19107830780407,0.,0.362313176153505));
#1539=CARTESIAN_POINT('',(1.20847019412804,0.,0.363750813625711));
#1540=CARTESIAN_POINT('',(1.22586779730575,0.,0.36512327979886));
#1541=CARTESIAN_POINT('',(1.23057554530715,0.,-0.000751869915093517));
#1542=CARTESIAN_POINT('',(1.24803956665196,0.,-0.000788811143025758));
#1543=CARTESIAN_POINT('',(1.26551095159435,0.,-0.000855826700750018));
#1544=CARTESIAN_POINT('',(1.24326967516236,0.,0.366430110918637));
#1545=CARTESIAN_POINT('',(1.26067155301897,0.,0.367736942038414));
#1546=CARTESIAN_POINT('',(1.27808317866729,0.,0.368913510945821));
#1547=CARTESIAN_POINT('',(1.2829851437118,0.,-0.000869314120197279));
#1548=CARTESIAN_POINT('',(1.30045933582926,0.,-0.00088280153964454));
#1549=CARTESIAN_POINT('',(1.31793300410091,0.,-0.000843119925477642));
#1550=CARTESIAN_POINT('',(1.29549360923798,0.,0.370106118863735));
#1551=CARTESIAN_POINT('',(1.31290403980867,0.,0.37129872678165));
#1552=CARTESIAN_POINT('',(1.33031014445432,0.,0.372552091408671));
#1553=CARTESIAN_POINT('',(1.3354045015329,0.,-0.000847364767369768));
#1554=CARTESIAN_POINT('',(1.34414025024889,0.,-0.000849487188315817));
#1555=CARTESIAN_POINT('',(1.35287598278819,0.,-0.000860447857520041));
#1556=CARTESIAN_POINT('',(1.34771719041445,0.,0.373792665165406));
#1557=CARTESIAN_POINT('',(1.35642071339451,0.,0.374412952043773));
#1558=CARTESIAN_POINT('',(1.36512479420638,0.,0.375024649766353));
#1559=CARTESIAN_POINT('',(1.36161292073394,0.,-0.000880038696181307));
#1560=CARTESIAN_POINT('',(1.37034985867969,0.,-0.0008996295348426));
#1561=CARTESIAN_POINT('',(1.37908817984408,0.,-0.000930588388506987));
#1562=CARTESIAN_POINT('',(1.37383064091933,0.,0.375609157187322));
#1563=CARTESIAN_POINT('',(1.38253648763229,0.,0.376193664608291));
#1564=CARTESIAN_POINT('',(1.3912444558707,0.,0.376745506036557));
#1565=CARTESIAN_POINT('',(1.38782816150826,0.,-0.000958167362614865));
#1566=CARTESIAN_POINT('',(1.40530812483662,0.,-0.00101332531083059));
#1567=CARTESIAN_POINT('',(1.42279519509202,0.,-0.00103482260708251));
#1568=CARTESIAN_POINT('',(1.39995386509986,0.,0.377275159957814));
#1569=CARTESIAN_POINT('',(1.41737268355819,0.,0.378334467800326));
#1570=CARTESIAN_POINT('',(1.43479642281853,0.,0.379318008083029));
#1571=CARTESIAN_POINT('',(1.44028029744571,0.,-0.00102413888283143));
#1572=CARTESIAN_POINT('',(1.4577653997994,0.,-0.00101345515858028));
#1573=CARTESIAN_POINT('',(1.4752494084838,0.,-0.0010196143687802));
#1574=CARTESIAN_POINT('',(1.45221610414551,0.,0.380364029894482));
#1575=CARTESIAN_POINT('',(1.46963578547249,0.,0.381410051705935));
#1576=CARTESIAN_POINT('',(1.4870554670055,0.,0.382456070080866));
#1577=CARTESIAN_POINT('',(1.49273356554263,0.,-0.00102348565320745));
#1578=CARTESIAN_POINT('',(1.50147564407204,0.,-0.00102542129542108));
#1579=CARTESIAN_POINT('',(1.51021790723816,0.,-0.00102733717704243));
#1580=CARTESIAN_POINT('',(1.50447514833164,0.,0.383502091906507));
#1581=CARTESIAN_POINT('',(1.5131849889947,0.,0.384025102819328));
#1582=CARTESIAN_POINT('',(1.52189501320579,0.,0.384544773625254));
#1583=CARTESIAN_POINT('',(1.51895971025039,0.,-0.00102393647738996));
#1584=CARTESIAN_POINT('',(1.52770151326261,0.,-0.00102053577773753));
#1585=CARTESIAN_POINT('',(1.53644299060351,0.,-0.00101426565704155));
#1586=CARTESIAN_POINT('',(1.53060428509102,0.,0.385078134347182));
#1587=CARTESIAN_POINT('',(1.53931355697625,0.,0.38561149506911));
#1588=CARTESIAN_POINT('',(1.54802234550073,0.,0.38615365138658));
#1589=CARTESIAN_POINT('',(1.5451844781275,0.,-0.00101767398698357));
#1590=CARTESIAN_POINT('',(1.5626674531755,0.,-0.00102449064686763));
#1591=CARTESIAN_POINT('',(1.58015202349836,0.,-0.00108297140363245));
#1592=CARTESIAN_POINT('',(1.55673167608065,0.,0.386685943937763));
#1593=CARTESIAN_POINT('',(1.5741503372405,0.,0.387750529040129));
#1594=CARTESIAN_POINT('',(1.59157366759327,0.,0.388738692713071));
#1595=CARTESIAN_POINT('',(1.59764194691429,0.,-0.00111550708825472));
#1596=CARTESIAN_POINT('',(1.61513187033022,0.,-0.00114804277287706));
#1597=CARTESIAN_POINT('',(1.63262753329512,0.,-0.00114760109544979));
#1598=CARTESIAN_POINT('',(1.60900079688039,0.,0.389653055763851));
#1599=CARTESIAN_POINT('',(1.62642792616749,0.,0.390567418814631));
#1600=CARTESIAN_POINT('',(1.64385885438894,0.,0.391407981243251));
#1601=CARTESIAN_POINT('',(1.65012436911001,0.,-0.001188053485315));
#1602=CARTESIAN_POINT('',(1.65887278701746,0.,-0.00120827968024756));
#1603=CARTESIAN_POINT('',(1.66762173682154,0.,-0.00124628603623228));
#1604=CARTESIAN_POINT('',(1.66129271128612,0.,0.392177363856973));
#1605=CARTESIAN_POINT('',(1.67000963973471,0.,0.392562055163835));
#1606=CARTESIAN_POINT('',(1.67872794585942,0.,0.392916106067602));
#1607=CARTESIAN_POINT('',(1.67637054844222,0.,-0.00129875023435155));
#1608=CARTESIAN_POINT('',(1.68511936006291,0.,-0.00135121443247091));
#1609=CARTESIAN_POINT('',(1.6938681819603,0.,-0.00141537829306715));
#1610=CARTESIAN_POINT('',(1.68744678830781,0.,0.393258228752637));
#1611=CARTESIAN_POINT('',(1.6961656307562,0.,0.393600351437671));
#1612=CARTESIAN_POINT('',(1.70488500952827,0.,0.393930545903973));
#1613=CARTESIAN_POINT('',(1.70261702338757,0.,-0.00147232379299325));
#1614=CARTESIAN_POINT('',(1.7201147062421,0.,-0.00158621479284532));
#1615=CARTESIAN_POINT('',(1.7376127258702,0.,-0.00165509232048289));
#1616=CARTESIAN_POINT('',(1.71360408327159,0.,0.394267524335902));
#1617=CARTESIAN_POINT('',(1.73104223075823,0.,0.394941481199761));
#1618=CARTESIAN_POINT('',(1.74847869108401,0.,0.395652961237719));
#1619=CARTESIAN_POINT('',(1.7551139530774,0.,-0.00166606730821003));
#1620=CARTESIAN_POINT('',(1.7726151802846,0.,-0.00167704229593718));
#1621=CARTESIAN_POINT('',(1.79011828320753,0.,-0.00164608950417861));
#1622=CARTESIAN_POINT('',(1.7659157555334,0.,0.396351005009917));
#1623=CARTESIAN_POINT('',(1.78335281998278,0.,0.397049048782114));
#1624=CARTESIAN_POINT('',(1.80078988444713,0.,0.397747092180123));
#1625=CARTESIAN_POINT('',(1.80761985380071,0.,-0.00164964467759782));
#1626=CARTESIAN_POINT('',(1.82512142439388,0.,-0.001653199851017));
#1627=CARTESIAN_POINT('',(1.84262203547531,0.,-0.00169404618323091));
#1628=CARTESIAN_POINT('',(1.81822694896675,0.,0.398445134194832));
#1629=CARTESIAN_POINT('',(1.83566401348638,0.,0.399143176209541));
#1630=CARTESIAN_POINT('',(1.85310142259914,0.,0.399831364637555));
#1631=CARTESIAN_POINT('',(1.86012381877083,0.,-0.00167984423709278));
#1632=CARTESIAN_POINT('',(1.87762560206634,0.,-0.00166564229095462));
#1633=CARTESIAN_POINT('',(1.895128827892,0.,-0.00155913090173995));
#1634=CARTESIAN_POINT('',(1.87053807883024,0.,0.40054108147771));
#1635=CARTESIAN_POINT('',(1.88797473506134,0.,0.401250798317866));
#1636=CARTESIAN_POINT('',(1.90540960566833,0.,0.402011575100951));
#1637=CARTESIAN_POINT('',(1.9126345695658,0.,-0.00147956684897815));
#1638=CARTESIAN_POINT('',(1.9213874404027,0.,-0.00143978482259724));
#1639=CARTESIAN_POINT('',(1.930141033244,0.,-0.00141413442868127));
#1640=CARTESIAN_POINT('',(1.92284793450152,0.,0.402673463534477));
#1641=CARTESIAN_POINT('',(1.93156709891811,0.,0.40300440775124));
#1642=CARTESIAN_POINT('',(1.9402874795389,0.,0.403300574535879));
#1643=CARTESIAN_POINT('',(1.9388947669518,0.,-0.00140516640199032));
#1644=CARTESIAN_POINT('',(1.94764850065959,0.,-0.00139619837529942));
#1645=CARTESIAN_POINT('',(1.95640232290902,0.,-0.00140644840978868));
#1646=CARTESIAN_POINT('',(1.9490085844278,0.,0.403576030798506));
#1647=CARTESIAN_POINT('',(1.9577296893167,0.,0.403851487061133));
#1648=CARTESIAN_POINT('',(1.96645151847372,0.,0.404106232801748));
#1649=CARTESIAN_POINT('',(1.96515624405103,0.,-0.00142154656379873));
#1650=CARTESIAN_POINT('',(1.97391016519305,0.,-0.0014366447178088));
#1651=CARTESIAN_POINT('',(1.98266413777765,0.,-0.00145423363671135));
#1652=CARTESIAN_POINT('',(1.9751735799628,0.,0.404354334930464));
#1653=CARTESIAN_POINT('',(1.98389564145187,0.,0.404602437059181));
#1654=CARTESIAN_POINT('',(1.99261783554166,0.,0.40484674737007));
#1655=CARTESIAN_POINT('',(1.99141806434911,0.,-0.00145571584950197));
#1656=CARTESIAN_POINT('',(2.00017199092057,0.,-0.00145719806229264));
#1657=CARTESIAN_POINT('',(2.00892588928982,0.,-0.00144126598086314));
#1658=CARTESIAN_POINT('',(2.00133950655662,0.,0.405106014862694));
#1659=CARTESIAN_POINT('',(2.01006117757158,0.,0.405365282355318));
#1660=CARTESIAN_POINT('',(2.01878236113357,0.,0.405642122205892));
#1661=CARTESIAN_POINT('',(2.01768025073888,0.,-0.00140771717126975));
#1662=CARTESIAN_POINT('',(2.03518897363698,0.,-0.00134061955208295));
#1663=CARTESIAN_POINT('',(2.05269931044147,0.,-0.00121670297371881));
#1664=CARTESIAN_POINT('',(2.02750357904247,0.,0.405918493339855));
#1665=CARTESIAN_POINT('',(2.04494601486027,0.,0.406471235607782));
#1666=CARTESIAN_POINT('',(2.06238864528916,0.,0.407016187429752));
#1667=CARTESIAN_POINT('',(2.07021102245883,0.,-0.00117998021469909));
#1668=CARTESIAN_POINT('',(2.08772273447619,0.,-0.00114325745567936));
#1669=CARTESIAN_POINT('',(2.10523538112043,0.,-0.00118047429019419));
#1670=CARTESIAN_POINT('',(2.07983482895508,0.,0.407418890079652));
#1671=CARTESIAN_POINT('',(2.097281012621,0.,0.407821592729552));
#1672=CARTESIAN_POINT('',(2.11472997786726,0.,0.40811293864296));
#1673=CARTESIAN_POINT('',(2.12274771678493,0.,-0.00119127740610911));
#1674=CARTESIAN_POINT('',(2.14026005244944,0.,-0.00120208052202403));
#1675=CARTESIAN_POINT('',(2.15777199318779,0.,-0.00119598934647622));
#1676=CARTESIAN_POINT('',(2.13217797235395,0.,0.408443148242846));
#1677=CARTESIAN_POINT('',(2.14962596684063,0.,0.408773357842731));
#1678=CARTESIAN_POINT('',(2.16707315118219,0.,0.409136001813816));
#1679=CARTESIAN_POINT('',(2.17528387225543,0.,-0.0012118856550743));
#1680=CARTESIAN_POINT('',(2.19279575132306,0.,-0.00122778196367238));
#1681=CARTESIAN_POINT('',(2.21030770523561,0.,-0.00123869042082003));
#1682=CARTESIAN_POINT('',(2.18452067035417,0.,0.409485241173463));
#1683=CARTESIAN_POINT('',(2.20196818952615,0.,0.409834480533109));
#1684=CARTESIAN_POINT('',(2.21941570879939,0.,0.410183714825848));
#1685=CARTESIAN_POINT('',(2.22782074196218,0.,-0.00117735556908419));
#1686=CARTESIAN_POINT('',(2.24533377868876,0.,-0.00111602071734834));
#1687=CARTESIAN_POINT('',(2.26284774633544,0.,-0.0010059400678141));
#1688=CARTESIAN_POINT('',(2.23686322815952,0.,0.410532944770343));
#1689=CARTESIAN_POINT('',(2.25431074751966,0.,0.410882174714839));
#1690=CARTESIAN_POINT('',(2.27175846723418,0.,0.411218036989538));
#1691=CARTESIAN_POINT('',(2.28036115117401,0.,-0.00090118257678673));
#1692=CARTESIAN_POINT('',(2.29787455601259,0.,-0.000796425085759417));
#1693=CARTESIAN_POINT('',(2.31538743968646,0.,-0.000687203589240792));
#1694=CARTESIAN_POINT('',(2.28920570390294,0.,0.411586128403454));
#1695=CARTESIAN_POINT('',(2.3066529405717,0.,0.41195421981737));
#1696=CARTESIAN_POINT('',(2.32409958915108,0.,0.412361549844245));
#1697=CARTESIAN_POINT('',(2.33290125296986,0.,-0.000627060460227591));
#1698=CARTESIAN_POINT('',(2.35041506625325,0.,-0.000566917331214417));
#1699=CARTESIAN_POINT('',(2.36792993161118,0.,-0.000580942222401015));
#1700=CARTESIAN_POINT('',(2.34154790290256,0.,0.412657775434229));
#1701=CARTESIAN_POINT('',(2.35899621665403,0.,0.412954001024213));
#1702=CARTESIAN_POINT('',(2.37644666429051,0.,0.413107847870086));
#1703=CARTESIAN_POINT('',(2.38544480389788,0.,-0.000610063617867779));
#1704=CARTESIAN_POINT('',(2.40295967618458,0.,-0.000639185013334514));
#1705=CARTESIAN_POINT('',(2.42047438492339,0.,-0.000639718265130013));
#1706=CARTESIAN_POINT('',(2.39389723543776,0.,0.413253454261579));
#1707=CARTESIAN_POINT('',(2.41134780658501,0.,0.413399060653073));
#1708=CARTESIAN_POINT('',(2.42879791818113,0.,0.413575330722169));
#1709=CARTESIAN_POINT('',(2.43798945921853,0.,-0.000570327341614135));
#1710=CARTESIAN_POINT('',(2.45550453351367,0.,-0.00050093641809823));
#1711=CARTESIAN_POINT('',(2.47301985790532,0.,-0.000381482884562218));
#1712=CARTESIAN_POINT('',(2.44624805413614,0.,0.413749976723382));
#1713=CARTESIAN_POINT('',(2.46369819009115,0.,0.413924622724595));
#1714=CARTESIAN_POINT('',(2.48114832604109,0.,0.414099269231964));
#1715=CARTESIAN_POINT('',(2.49053504828095,0.,-0.000288866459452586));
#1716=CARTESIAN_POINT('',(2.50805023865658,0.,-0.000196250034342926));
#1717=CARTESIAN_POINT('',(2.52556552055228,0.,-0.000141693189049885));
#1718=CARTESIAN_POINT('',(2.498598462065,0.,0.414273908337454));
#1719=CARTESIAN_POINT('',(2.51604859808891,0.,0.414448547442943));
#1720=CARTESIAN_POINT('',(2.53349873415914,0.,0.414623181912324));
#1721=CARTESIAN_POINT('',(2.54308067077737,0.,-5.16343133322439E-05));
#1722=CARTESIAN_POINT('',(2.55183824588991,0.,-6.60487547338162E-06));
#1723=CARTESIAN_POINT('',(2.56059573846232,0.,5.49455522950715E-05));
#1724=CARTESIAN_POINT('',(2.55094887016821,0.,0.414797822503279));
#1725=CARTESIAN_POINT('',(2.55967393817274,0.,0.414885142798756));
#1726=CARTESIAN_POINT('',(2.56839893887093,0.,0.41498593380668));
#1727=CARTESIAN_POINT('',(2.56935314541728,0.,0.000133633879484202));
#1728=CARTESIAN_POINT('',(2.57811055237223,0.,0.000212322206673304));
#1729=CARTESIAN_POINT('',(2.58686788614708,0.,0.000305658896841671));
#1730=CARTESIAN_POINT('',(2.57712394127393,0.,0.415086382867852));
#1731=CARTESIAN_POINT('',(2.58584894367693,0.,0.415186831929024));
#1732=CARTESIAN_POINT('',(2.59457394778474,0.,0.415286939043445));
#1733=CARTESIAN_POINT('',(2.59562522926064,0.,0.000397126445434465));
#1734=CARTESIAN_POINT('',(2.60438257237419,0.,0.000488593994027287));
#1735=CARTESIAN_POINT('',(2.61313993044542,0.,0.000573883301217354));
#1736=CARTESIAN_POINT('',(2.60329902260849,0.,0.415372891551916));
#1737=CARTESIAN_POINT('',(2.61202409743225,0.,0.415458844060387));
#1738=CARTESIAN_POINT('',(2.62074926278109,0.,0.415526677020579));
#1739=CARTESIAN_POINT('',(2.62189740433746,0.,0.000639253254005351));
#1740=CARTESIAN_POINT('',(2.6306548782295,0.,0.00070462320679332));
#1741=CARTESIAN_POINT('',(2.63941245730609,0.,0.000752202612493591));
#1742=CARTESIAN_POINT('',(2.62947459959821,0.,0.415560188776521));
#1743=CARTESIAN_POINT('',(2.63819993641533,0.,0.415593700532462));
#1744=CARTESIAN_POINT('',(2.64692542342824,0.,0.415597148698782));
#1745=CARTESIAN_POINT('',(2.64817015498687,0.,0.000785753209130602));
#1746=CARTESIAN_POINT('',(2.65692785266765,0.,0.000819303805767613));
#1747=CARTESIAN_POINT('',(2.66568562001295,0.,0.000844453240984089));
#1748=CARTESIAN_POINT('',(2.65565096669311,0.,0.415589337321556));
#1749=CARTESIAN_POINT('',(2.66437650995798,0.,0.41558152594433));
#1750=CARTESIAN_POINT('',(2.67310210947481,0.,0.415562455023559));
#1751=CARTESIAN_POINT('',(2.67444326605936,0.,0.000880210797936043));
#1752=CARTESIAN_POINT('',(2.68320091210578,0.,0.000915968354888025));
#1753=CARTESIAN_POINT('',(2.69195842135461,0.,0.000965436294196292));
#1754=CARTESIAN_POINT('',(2.68182767129979,0.,0.41555092860532));
#1755=CARTESIAN_POINT('',(2.69055323312477,0.,0.41553940218708));
#1756=CARTESIAN_POINT('',(2.6992787262605,0.,0.415541624792613));
#1757=CARTESIAN_POINT('',(2.70071568971098,0.,0.00103023606132552));
#1758=CARTESIAN_POINT('',(2.71823022642373,0.,0.00115983559558397));
#1759=CARTESIAN_POINT('',(2.73574373827574,0.,0.00135781577358199));
#1760=CARTESIAN_POINT('',(2.70800423050022,0.,0.415541624792613));
#1761=CARTESIAN_POINT('',(2.72545523897967,0.,0.415541624792613));
#1762=CARTESIAN_POINT('',(2.74290624745912,0.,0.415541624792613));
#1763=CARTESIAN_POINT('',(2.75325737493192,0.,0.00154746871859052));
#1764=CARTESIAN_POINT('',(2.7707710115881,0.,0.00173712166359907));
#1765=CARTESIAN_POINT('',(2.78828493868986,0.,0.00190739541312576));
#1766=CARTESIAN_POINT('',(2.76035725593857,0.,0.415541624792613));
#1767=CARTESIAN_POINT('',(2.77780826441802,0.,0.415541624792613));
#1768=CARTESIAN_POINT('',(2.79525927289747,0.,0.415541624792613));
#1769=CARTESIAN_POINT('',(2.8057987813407,0.,0.00208330383184449));
#1770=CARTESIAN_POINT('',(2.81455570266612,0.,0.00217125804120386));
#1771=CARTESIAN_POINT('',(2.82331258413901,0.,0.0022582464428047));
#1772=CARTESIAN_POINT('',(2.81271028137692,0.,0.415541624792613));
#1773=CARTESIAN_POINT('',(2.82143578561665,0.,0.415541624792613));
#1774=CARTESIAN_POINT('',(2.83016126853024,0.,0.415537356082995));
#1775=CARTESIAN_POINT('',(2.8320695379793,0.,0.00234905657777926));
#1776=CARTESIAN_POINT('',(2.84082649181959,0.,0.00243986671275379));
#1777=CARTESIAN_POINT('',(2.84958351996406,0.,0.00253488625235232));
#1778=CARTESIAN_POINT('',(2.83888680738831,0.,0.415544285404436));
#1779=CARTESIAN_POINT('',(2.84761234624638,0.,0.415551214725876));
#1780=CARTESIAN_POINT('',(2.85633794492249,0.,0.415570117420877));
#1781=CARTESIAN_POINT('',(2.85834064902577,0.,0.00262176738635631));
#1782=CARTESIAN_POINT('',(2.87585490714918,0.,0.00279552965436425));
#1783=CARTESIAN_POINT('',(2.89336918265518,0.,0.00294071838541032));
#1784=CARTESIAN_POINT('',(2.86506350947351,0.,0.415582189527413));
#1785=CARTESIAN_POINT('',(2.88251463857555,0.,0.415606333740485));
#1786=CARTESIAN_POINT('',(2.89996553555543,0.,0.415584015200423));
#1787=CARTESIAN_POINT('',(2.91088137559323,0.,0.00309056054456061));
#1788=CARTESIAN_POINT('',(2.92839356853127,0.,0.00324040270371087));
#1789=CARTESIAN_POINT('',(2.94590396833464,0.,0.00340987022901429));
#1790=CARTESIAN_POINT('',(2.91741577707972,0.,0.415430499844181));
#1791=CARTESIAN_POINT('',(2.93486601860401,0.,0.415276984487938));
#1792=CARTESIAN_POINT('',(2.95231582581928,0.,0.415036537131249));
#1793=CARTESIAN_POINT('',(2.96341486853531,0.,0.00359740417477347));
#1794=CARTESIAN_POINT('',(2.98092576873598,0.,0.00378493812053268));
#1795=CARTESIAN_POINT('',(2.99843773137184,0.,0.00393926375190404));
#1796=CARTESIAN_POINT('',(2.9697659502822,0.,0.414859586655462));
#1797=CARTESIAN_POINT('',(2.98721607474511,0.,0.414682636179674));
#1798=CARTESIAN_POINT('',(3.00466622203559,0.,0.414510247936709));
#1799=CARTESIAN_POINT('',(3.01594920551519,0.,0.00410821766230371));
#1800=CARTESIAN_POINT('',(3.02470494258686,0.,0.00419269461750355));
#1801=CARTESIAN_POINT('',(3.03346047549972,0.,0.00428300843385668));
#1802=CARTESIAN_POINT('',(3.02211635806765,0.,0.414335609646871));
#1803=CARTESIAN_POINT('',(3.03084142608368,0.,0.414248290501952));
#1804=CARTESIAN_POINT('',(3.03956649408251,0.,0.414160969636282));
#1805=CARTESIAN_POINT('',(3.04221546905248,0.,0.00438874474027967));
#1806=CARTESIAN_POINT('',(3.05097046260524,0.,0.00449448104670264));
#1807=CARTESIAN_POINT('',(3.0597248479768,0.,0.00461760780756379));
#1808=CARTESIAN_POINT('',(3.04829156207063,0.,0.414073647698627));
#1809=CARTESIAN_POINT('',(3.05701663005876,0.,0.413986325760972));
#1810=CARTESIAN_POINT('',(3.06574169803617,0.,0.41389900275133));
#1811=CARTESIAN_POINT('',(3.06847892533986,0.,0.00474954188495799));
#1812=CARTESIAN_POINT('',(3.08598708006599,0.,0.00501341003974642));
#1813=CARTESIAN_POINT('',(3.10349398099636,0.,0.00530408964291357));
#1814=CARTESIAN_POINT('',(3.07446676600936,0.,0.413811679318465));
#1815=CARTESIAN_POINT('',(3.09191690195573,0.,0.413637032452736));
#1816=CARTESIAN_POINT('',(3.10936688181036,0.,0.413451971510746));
#1817=CARTESIAN_POINT('',(3.12100263970779,0.,0.00557529930289141));
#1818=CARTESIAN_POINT('',(3.13851129841922,0.,0.00584650896286926));
#1819=CARTESIAN_POINT('',(3.1560211563775,0.,0.00610067392071073));
#1820=CARTESIAN_POINT('',(3.12681743269047,0.,0.41330501282366));
#1821=CARTESIAN_POINT('',(3.14426798357058,0.,0.413158054136574));
#1822=CARTESIAN_POINT('',(3.16171875087017,0.,0.413025536564998));
#1823=CARTESIAN_POINT('',(3.17352764959928,0.,0.00633937099589427));
#1824=CARTESIAN_POINT('',(3.19103414282105,0.,0.00657806807107778));
#1825=CARTESIAN_POINT('',(3.2085364608667,0.,0.00682375082084294));
#1826=CARTESIAN_POINT('',(3.17916748808613,0.,0.412757565653854));
#1827=CARTESIAN_POINT('',(3.19661622530208,0.,0.412489594742709));
#1828=CARTESIAN_POINT('',(3.21406303198779,0.,0.412092813805235));
#1829=CARTESIAN_POINT('',(3.22603851189626,0.,0.00708972701496632));
#1830=CARTESIAN_POINT('',(3.23478953741103,0.,0.00722271511202804));
#1831=CARTESIAN_POINT('',(3.24354057874191,0.,0.00736176650786258));
#1832=CARTESIAN_POINT('',(3.23151016138795,0.,0.411717565219621));
#1833=CARTESIAN_POINT('',(3.24023372608802,0.,0.411529940926813));
#1834=CARTESIAN_POINT('',(3.24895743500766,0.,0.411351939269192));
#1835=CARTESIAN_POINT('',(3.25229201804199,0.,0.00749413486476297));
#1836=CARTESIAN_POINT('',(3.26104345734208,0.,0.00762650322166339));
#1837=CARTESIAN_POINT('',(3.26979538048176,0.,0.00775210492428843));
#1838=CARTESIAN_POINT('',(3.25768119266994,0.,0.411177189824159));
#1839=CARTESIAN_POINT('',(3.26640495033223,0.,0.411002440379127));
#1840=CARTESIAN_POINT('',(3.27512875673716,0.,0.410830943146684));
#1841=CARTESIAN_POINT('',(3.27854721802403,0.,0.00787729583322247));
#1842=CARTESIAN_POINT('',(3.2872990555663,0.,0.00800248674215656));
#1843=CARTESIAN_POINT('',(3.29605080525536,0.,0.0081278362322135));
#1844=CARTESIAN_POINT('',(3.28385251640783,0.,0.410656327704233));
#1845=CARTESIAN_POINT('',(3.2925762760785,0.,0.410481712261782));
#1846=CARTESIAN_POINT('',(3.30129998628848,0.,0.410305116646121));
#1847=CARTESIAN_POINT('',(3.30480201207339,0.,0.00826566335112028));
#1848=CARTESIAN_POINT('',(3.31355321889143,0.,0.008403490470027));
#1849=CARTESIAN_POINT('',(3.32230366764905,0.,0.00855736326127438));
#1850=CARTESIAN_POINT('',(3.31002378576896,0.,0.410132094667591));
#1851=CARTESIAN_POINT('',(3.31874758524945,0.,0.409959072689061));
#1852=CARTESIAN_POINT('',(3.32747147400043,0.,0.409789624347663));
#1853=CARTESIAN_POINT('',(3.33105379494995,0.,0.00872495746549248));
#1854=CARTESIAN_POINT('',(3.34855404955176,0.,0.00906014587392873));
#1855=CARTESIAN_POINT('',(3.36605255245849,0.,0.0094323911393227));
#1856=CARTESIAN_POINT('',(3.33619559075312,0.,0.409629303453738));
#1857=CARTESIAN_POINT('',(3.3536438242585,0.,0.409308661665888));
#1858=CARTESIAN_POINT('',(3.37109224168222,0.,0.408995382350714));
#1859=CARTESIAN_POINT('',(3.38354720573236,0.,0.00976826429249347));
#1860=CARTESIAN_POINT('',(3.40104185900623,0.,0.0101041374456642));
#1861=CARTESIAN_POINT('',(3.41853287158011,0.,0.0104120023945405));
#1862=CARTESIAN_POINT('',(3.38853717787849,0.,0.408542738690698));
#1863=CARTESIAN_POINT('',(3.40598211407477,0.,0.408090095030682));
#1864=CARTESIAN_POINT('',(3.4234239869093,0.,0.407514814841683));
#1865=CARTESIAN_POINT('',(3.43602185362381,0.,0.010766877753237));
#1866=CARTESIAN_POINT('',(3.44476634464566,0.,0.0109443154325852));
#1867=CARTESIAN_POINT('',(3.45351042780402,0.,0.0111332208695357));
#1868=CARTESIAN_POINT('',(3.44086654745148,0.,0.406967066472775));
#1869=CARTESIAN_POINT('',(3.44958782772256,0.,0.406693192288321));
#1870=CARTESIAN_POINT('',(3.45830934239692,0.,0.406428702326284));
#1871=CARTESIAN_POINT('',(3.46225361819436,0.,0.0113353013490706));
#1872=CARTESIAN_POINT('',(3.4709968085847,0.,0.0115373818286054));
#1873=CARTESIAN_POINT('',(3.47973887810473,0.,0.0117564218440636));
#1874=CARTESIAN_POINT('',(3.4670309320898,0.,0.406167215767947));
#1875=CARTESIAN_POINT('',(3.47575252178268,0.,0.405905729209609));
#1876=CARTESIAN_POINT('',(3.48447418649408,0.,0.405647246054971));
#1877=CARTESIAN_POINT('',(3.48848045715307,0.,0.0119797552887068));
#1878=CARTESIAN_POINT('',(3.50596361524976,0.,0.0124264221779934));
#1879=CARTESIAN_POINT('',(3.52344534709882,0.,0.0128876063891213));
#1880=CARTESIAN_POINT('',(3.49319576683925,0.,0.405385385485314));
#1881=CARTESIAN_POINT('',(3.51063892752959,0.,0.404861664345999));
#1882=CARTESIAN_POINT('',(3.52808191629439,0.,0.404333027463869));
#1883=CARTESIAN_POINT('',(3.54093053207681,0.,0.0133300667283459));
#1884=CARTESIAN_POINT('',(3.5584157170548,0.,0.0137725270675705));
#1885=CARTESIAN_POINT('',(3.57590212750737,0.,0.0142003493913356));
#1886=CARTESIAN_POINT('',(3.54552609165833,0.,0.403838322178719));
#1887=CARTESIAN_POINT('',(3.56297026702228,0.,0.403343616893568));
#1888=CARTESIAN_POINT('',(3.58041443204725,0.,0.402848616172741));
#1889=CARTESIAN_POINT('',(3.59338087773655,0.,0.0146185251167597));
#1890=CARTESIAN_POINT('',(3.61085962796573,0.,0.0150367008421838));
#1891=CARTESIAN_POINT('',(3.62833314136417,0.,0.0154376283651692));
#1892=CARTESIAN_POINT('',(3.59785365068937,0.,0.402212172930854));
#1893=CARTESIAN_POINT('',(3.61529286933149,0.,0.401575729688966));
#1894=CARTESIAN_POINT('',(3.63272801007183,0.,0.400822678782306));
#1895=CARTESIAN_POINT('',(3.64580442448254,0.,0.0158845050381627));
#1896=CARTESIAN_POINT('',(3.66327570760091,0.,0.0163313817111562));
#1897=CARTESIAN_POINT('',(3.68074438052227,0.,0.0168289241668159));
#1898=CARTESIAN_POINT('',(3.65016431744576,0.,0.400102987040904));
#1899=CARTESIAN_POINT('',(3.66760062481969,0.,0.399383295299501));
#1900=CARTESIAN_POINT('',(3.68503817195605,0.,0.398699053373936));
#1901=CARTESIAN_POINT('',(3.69820976000959,0.,0.0173525763234523));
#1902=CARTESIAN_POINT('',(3.71567513949691,0.,0.0178762284800887));
#1903=CARTESIAN_POINT('',(3.7331377175163,0.,0.0184258513970833));
#1904=CARTESIAN_POINT('',(3.70247523662451,0.,0.39800101508296));
#1905=CARTESIAN_POINT('',(3.71991230129297,0.,0.397302976791984));
#1906=CARTESIAN_POINT('',(3.73734929616932,0.,0.396603385907564));
#1907=CARTESIAN_POINT('',(3.75059540159364,0.,0.0190426338922409));
#1908=CARTESIAN_POINT('',(3.76805308567097,0.,0.0196594163873985));
#1909=CARTESIAN_POINT('',(3.78550604800496,0.,0.0203152842468637));
#1910=CARTESIAN_POINT('',(3.75478766208353,0.,0.395934287500137));
#1911=CARTESIAN_POINT('',(3.77222602799774,0.,0.395265189092711));
#1912=CARTESIAN_POINT('',(3.78966402119709,0.,0.394587801088516));
#1913=CARTESIAN_POINT('',(3.80295913194255,0.,0.0208686642985352));
#1914=CARTESIAN_POINT('',(3.82041221588013,0.,0.0214220443502067));
#1915=CARTESIAN_POINT('',(3.83786668559614,0.,0.0218861363740379));
#1916=CARTESIAN_POINT('',(3.80709563598062,0.,0.393768553120959));
#1917=CARTESIAN_POINT('',(3.82452725076415,0.,0.392949305153401));
#1918=CARTESIAN_POINT('',(3.84195388638013,0.,0.392019317376781));
#1919=CARTESIAN_POINT('',(3.85531739611571,0.,0.0224101074030905));
#1920=CARTESIAN_POINT('',(3.87276810663528,0.,0.0229340784321431));
#1921=CARTESIAN_POINT('',(3.89021371483421,0.,0.0235258476161688));
#1922=CARTESIAN_POINT('',(3.85938227157225,0.,0.391128240902316));
#1923=CARTESIAN_POINT('',(3.87681065676437,0.,0.39023716442785));
#1924=CARTESIAN_POINT('',(3.89424049300872,0.,0.389378359558143));
#1925=CARTESIAN_POINT('',(3.90765587566769,0.,0.0241383040966325));
#1926=CARTESIAN_POINT('',(3.92509803650117,0.,0.0247507605770961));
#1927=CARTESIAN_POINT('',(3.94253613389616,0.,0.0253967633873868));
#1928=CARTESIAN_POINT('',(3.91166972880455,0.,0.388506200389754));
#1929=CARTESIAN_POINT('',(3.92909896460038,0.,0.387634041221365));
#1930=CARTESIAN_POINT('',(3.94652831285534,0.,0.386763928055822));
#1931=CARTESIAN_POINT('',(3.95997096965397,0.,0.0260885715594483));
#1932=CARTESIAN_POINT('',(3.97740580541177,0.,0.0267803797315098));
#1933=CARTESIAN_POINT('',(3.99483604550027,0.,0.0274965287087221));
#1934=CARTESIAN_POINT('',(3.9639591126647,0.,0.385920228371516));
#1935=CARTESIAN_POINT('',(3.98138991247405,0.,0.385076528687211));
#1936=CARTESIAN_POINT('',(3.99881981383929,0.,0.384216479972193));
#1937=CARTESIAN_POINT('',(4.01225803594741,0.,0.0281745973546615));
#1938=CARTESIAN_POINT('',(4.02968002639455,0.,0.0288526660006009));
#1939=CARTESIAN_POINT('',(4.04709475094438,0.,0.0295105553468789));
#1940=CARTESIAN_POINT('',(4.01624197085777,0.,0.383215508190505));
#1941=CARTESIAN_POINT('',(4.03366412787626,0.,0.382214536408818));
#1942=CARTESIAN_POINT('',(4.05108050803607,0.,0.381108443623683));
#1943=CARTESIAN_POINT('',(4.06450607981141,0.,0.030222761108561));
#1944=CARTESIAN_POINT('',(4.07321174424493,0.,0.0305788639894021));
#1945=CARTESIAN_POINT('',(4.08191700828947,0.,0.0309507646715709));
#1946=CARTESIAN_POINT('',(4.0684993138077,0.,0.380046489502121));
#1947=CARTESIAN_POINT('',(4.07720871669352,0.,0.379515512441341));
#1948=CARTESIAN_POINT('',(4.08591927768366,0.,0.379003450680251));
#1949=CARTESIAN_POINT('',(4.09062020177484,0.,0.0313386127091544));
#1950=CARTESIAN_POINT('',(4.09932339526022,0.,0.0317264607467379));
#1951=CARTESIAN_POINT('',(4.10802485755344,0.,0.0321279342081727));
#1952=CARTESIAN_POINT('',(4.09462997527024,0.,0.378493798515974));
#1953=CARTESIAN_POINT('',(4.10334067285682,0.,0.377984146351698));
#1954=CARTESIAN_POINT('',(4.11205150703984,0.,0.377476903784236));
#1955=CARTESIAN_POINT('',(4.11672539875948,0.,0.0325256632570484));
#1956=CARTESIAN_POINT('',(4.12542593996552,0.,0.0329233923059241));
#1957=CARTESIAN_POINT('',(4.13412549666808,0.,0.0333166358836316));
#1958=CARTESIAN_POINT('',(4.12076145631142,0.,0.376955565110712));
#1959=CARTESIAN_POINT('',(4.12947140558299,0.,0.376434226437189));
#1960=CARTESIAN_POINT('',(4.13818034311051,0.,0.375897309540386));
#1961=CARTESIAN_POINT('',(4.14282480043295,0.,0.0336872034376588));
#1962=CARTESIAN_POINT('',(4.15152410419781,0.,0.0340577709916861));
#1963=CARTESIAN_POINT('',(4.16022362000964,0.,0.0344042039641369));
#1964=CARTESIAN_POINT('',(4.14688709030767,0.,0.375326667285224));
#1965=CARTESIAN_POINT('',(4.15559383750484,0.,0.374756025030063));
#1966=CARTESIAN_POINT('',(4.16429853370439,0.,0.374153802807597));
#1967=CARTESIAN_POINT('',(4.16892304103141,0.,0.0347421733555313));
#1968=CARTESIAN_POINT('',(4.17762246205317,0.,0.0350801427469257));
#1969=CARTESIAN_POINT('',(4.18632162700158,0.,0.0354105555842014));
#1970=CARTESIAN_POINT('',(4.17300238704852,0.,0.3735386028015));
#1971=CARTESIAN_POINT('',(4.18170624039264,0.,0.372923402795402));
#1972=CARTESIAN_POINT('',(4.19040925088136,0.,0.372295225005673));
#1973=CARTESIAN_POINT('',(4.19501975863481,0.,0.0357516320248893));
#1974=CARTESIAN_POINT('',(4.20371789026805,0.,0.0360927084655772));
#1975=CARTESIAN_POINT('',(4.21241521591567,0.,0.0364479487906931));
#1976=CARTESIAN_POINT('',(4.19911262665685,0.,0.371672671615982));
#1977=CARTESIAN_POINT('',(4.20781600243233,0.,0.371050118226292));
#1978=CARTESIAN_POINT('',(4.21652019815372,0.,0.370440189798672));
#1979=CARTESIAN_POINT('',(4.22110994899083,0.,0.0368200318741701));
#1980=CARTESIAN_POINT('',(4.23849941514114,0.,0.037564198041124));
#1981=CARTESIAN_POINT('',(4.25587955444673,0.,0.0383685909136617));
#1982=CARTESIAN_POINT('',(4.22522440327308,0.,0.369830405949599));
#1983=CARTESIAN_POINT('',(4.2426328135118,0.,0.368610838251452));
#1984=CARTESIAN_POINT('',(4.26004122409997,0.,0.367391275549397));
#1985=CARTESIAN_POINT('',(4.27326158208805,0.,0.0391607865104776));
#1986=CARTESIAN_POINT('',(4.29064360972936,0.,0.0399529821072936));
#1987=CARTESIAN_POINT('',(4.30803282938527,0.,0.0407379601453906));
#1988=CARTESIAN_POINT('',(4.27744963426312,0.,0.366171706770836));
#1989=CARTESIAN_POINT('',(4.29485804442627,0.,0.364952137992275));
#1990=CARTESIAN_POINT('',(4.31227032145259,0.,0.36378416967972));
#1991=CARTESIAN_POINT('',(4.32541806852197,0.,0.0415094143714924));
#1992=CARTESIAN_POINT('',(4.33411068809032,0.,0.0418951414845433));
#1993=CARTESIAN_POINT('',(4.34280182462444,0.,0.0422774281743668));
#1994=CARTESIAN_POINT('',(4.32967867725516,0.,0.362563875105644));
#1995=CARTESIAN_POINT('',(4.33838285515645,0.,0.361953727818606));
#1996=CARTESIAN_POINT('',(4.34708575166072,0.,0.361326481090614));
#1997=CARTESIAN_POINT('',(4.35148936335302,0.,0.0426568423778232));
#1998=CARTESIAN_POINT('',(4.3601769020816,0.,0.0430362565812796));
#1999=CARTESIAN_POINT('',(4.36886123799445,0.,0.0434132635887016));
#2000=CARTESIAN_POINT('',(4.35578610355131,0.,0.360665278126353));
#2001=CARTESIAN_POINT('',(4.36448645544191,0.,0.360004075162093));
#2002=CARTESIAN_POINT('',(4.37318453470577,0.,0.359312545448167));
#2003=CARTESIAN_POINT('',(4.37754416993606,0.,0.0437904106469061));
#2004=CARTESIAN_POINT('',(4.39491003381928,0.,0.0445447047633151));
#2005=CARTESIAN_POINT('',(4.41226993787535,0.,0.0453101066513653));
#2006=CARTESIAN_POINT('',(4.3818817304469,0.,0.358609225664018));
#2007=CARTESIAN_POINT('',(4.39927612192917,0.,0.35720258609572));
#2008=CARTESIAN_POINT('',(4.41666782476635,0.,0.355761876119756));
#2009=CARTESIAN_POINT('',(4.42962554155508,0.,0.0461501237574812));
#2010=CARTESIAN_POINT('',(4.44698114523481,0.,0.0469901408635972));
#2011=CARTESIAN_POINT('',(4.46432783628051,0.,0.0479031571992001));
#2012=CARTESIAN_POINT('',(4.43406519597447,0.,0.354391954220504));
#2013=CARTESIAN_POINT('',(4.45146256718259,0.,0.353022032321252));
#2014=CARTESIAN_POINT('',(4.46886245675832,0.,0.351681763191065));
#2015=CARTESIAN_POINT('',(4.48167179716354,0.,0.0487440104559825));
#2016=CARTESIAN_POINT('',(4.49901575804657,0.,0.0495848637127648));
#2017=CARTESIAN_POINT('',(4.51635698780648,0.,0.0503382201385074));
#2018=CARTESIAN_POINT('',(4.48625231097618,0.,0.350223332458144));
#2019=CARTESIAN_POINT('',(4.50364216519404,0.,0.348764901725224));
#2020=CARTESIAN_POINT('',(4.52102023034604,0.,0.347167660227796));
#2021=CARTESIAN_POINT('',(4.5336972184692,0.,0.051099577287457));
#2022=CARTESIAN_POINT('',(4.55103744913192,0.,0.0518609344364066));
#2023=CARTESIAN_POINT('',(4.56837861154193,0.,0.0526425896537183));
#2024=CARTESIAN_POINT('',(4.53839855693667,0.,0.345573497250839));
#2025=CARTESIAN_POINT('',(4.55577688352729,0.,0.343979334273883));
#2026=CARTESIAN_POINT('',(4.57315815912044,0.,0.342419894729949));
#2027=CARTESIAN_POINT('',(4.58572261478506,0.,0.0534044302826281));
#2028=CARTESIAN_POINT('',(4.60306661802819,0.,0.054166270911538));
#2029=CARTESIAN_POINT('',(4.6204103058436,0.,0.0549198904265057));
#2030=CARTESIAN_POINT('',(4.5905389172347,0.,0.340854362349745));
#2031=CARTESIAN_POINT('',(4.60791967534895,0.,0.33928882996954));
#2032=CARTESIAN_POINT('',(4.62529918822787,0.,0.337710178918189));
#2033=CARTESIAN_POINT('',(4.63774344593723,0.,0.0557588232616926));
#2034=CARTESIAN_POINT('',(4.65507658603086,0.,0.0565977560968794));
#2035=CARTESIAN_POINT('',(4.67240035848843,0.,0.0575068228731867));
#2036=CARTESIAN_POINT('',(4.64268224472027,0.,0.336168860138215));
#2037=CARTESIAN_POINT('',(4.66006530121267,0.,0.334627541358242));
#2038=CARTESIAN_POINT('',(4.67745079811236,0.,0.333111932418424));
#2039=CARTESIAN_POINT('',(4.68972083517059,0.,0.0583418107921819));
#2040=CARTESIAN_POINT('',(4.70704131185276,0.,0.0591767987111771));
#2041=CARTESIAN_POINT('',(4.72435861265568,0.,0.0599256018576758));
#2042=CARTESIAN_POINT('',(4.6948247667678,0.,0.331474872719799));
#2043=CARTESIAN_POINT('',(4.71219873542323,0.,0.329837813021173));
#2044=CARTESIAN_POINT('',(4.72955973873656,0.,0.32806416253611));
#2045=CARTESIAN_POINT('',(4.741675078432,0.,0.0606846525358063));
#2046=CARTESIAN_POINT('',(4.75899154420832,0.,0.0614437032139368));
#2047=CARTESIAN_POINT('',(4.77630972008956,0.,0.0622207682765515));
#2048=CARTESIAN_POINT('',(4.7469214607807,0.,0.326298084053697));
#2049=CARTESIAN_POINT('',(4.76428318282484,0.,0.324532005571284));
#2050=CARTESIAN_POINT('',(4.78164832485046,0.,0.32280195706077));
#2051=CARTESIAN_POINT('',(4.79362752609362,0.,0.0629939328025139));
#2052=CARTESIAN_POINT('',(4.82826313810174,0.,0.0645402618544387));
#2053=CARTESIAN_POINT('',(4.86289874906307,0.,0.0660866025534043));
#2054=CARTESIAN_POINT('',(4.79901272662413,0.,0.321064110097902));
#2055=CARTESIAN_POINT('',(4.83374153017148,0.,0.317588416172165));
#2056=CARTESIAN_POINT('',(4.86847033452183,0.,0.314112730282915));
#2057=CARTESIAN_POINT('',(4.89753436220673,0.,0.0676329450553824));
#2058=CARTESIAN_POINT('',(4.91485216877856,0.,0.0684061163063714));
#2059=CARTESIAN_POINT('',(4.93217314963803,0.,0.0692095393217932));
#2060=CARTESIAN_POINT('',(4.90319914061331,0.,0.310637061819014));
#2061=CARTESIAN_POINT('',(4.92056354365905,0.,0.308899227587063));
#2062=CARTESIAN_POINT('',(4.93793429461339,0.,0.307221900395634));
#2063=CARTESIAN_POINT('',(4.94949037044307,0.,0.0699771199459437));
#2064=CARTESIAN_POINT('',(4.95814898084558,0.,0.0703609102580189));
#2065=CARTESIAN_POINT('',(4.96680648512749,0.,0.0707341566719403));
#2066=CARTESIAN_POINT('',(4.95529752512346,0.,0.305472890188419));
#2067=CARTESIAN_POINT('',(4.96397914037849,0.,0.304598385084811));
#2068=CARTESIAN_POINT('',(4.97265854330844,0.,0.303702792626585));
#2069=CARTESIAN_POINT('',(4.97546227723191,0.,0.0710910827181748));
#2070=CARTESIAN_POINT('',(4.98411806933634,0.,0.0714480087644093));
#2071=CARTESIAN_POINT('',(4.99277242660083,0.,0.0717912579616045));
#2072=CARTESIAN_POINT('',(4.98133452184099,0.,0.302774559656562));
#2073=CARTESIAN_POINT('',(4.99001050037354,0.,0.301846326686538));
#2074=CARTESIAN_POINT('',(4.99868360918377,0.,0.300890740242013));
#2075=CARTESIAN_POINT('',(5.00142630831696,0.,0.0721299743432633));
#2076=CARTESIAN_POINT('',(5.01008019003309,0.,0.0724686907249221));
#2077=CARTESIAN_POINT('',(5.01873359620087,0.,0.0728028742910443));
#2078=CARTESIAN_POINT('',(5.00735576689625,0.,0.29992608817188));
#2079=CARTESIAN_POINT('',(5.01602792460872,0.,0.298961436101746));
#2080=CARTESIAN_POINT('',(5.02469913122344,0.,0.297987718406003));
#2081=CARTESIAN_POINT('',(5.02738748611186,0.,0.0731416690751328));
#2082=CARTESIAN_POINT('',(5.03604137602285,0.,0.0734804638592212));
#2083=CARTESIAN_POINT('',(5.04469596456017,0.,0.0738259180732273));
#2084=CARTESIAN_POINT('',(5.03337130536498,0.,0.297023222933544));
#2085=CARTESIAN_POINT('',(5.04204347950651,0.,0.296058727461086));
#2086=CARTESIAN_POINT('',(5.05071705094107,0.,0.295107550635814));
#2087=CARTESIAN_POINT('',(5.05335036190117,0.,0.0741695504569061));
#2088=CARTESIAN_POINT('',(5.07065915658317,0.,0.0748568152242638));
#2089=CARTESIAN_POINT('',(5.08796795110161,0.,0.0755440808531428));
#2090=CARTESIAN_POINT('',(5.05939024006476,0.,0.294152729719128));
#2091=CARTESIAN_POINT('',(5.07673661831215,0.,0.292243087885754));
#2092=CARTESIAN_POINT('',(5.09408299655954,0.,0.290333446052381));
#2093=CARTESIAN_POINT('',(5.10527674529087,0.,0.0762313482159933));
#2094=CARTESIAN_POINT('',(5.12258553948012,0.,0.0769186155788437));
#2095=CARTESIAN_POINT('',(5.13989791913468,0.,0.0776370908231999));
#2096=CARTESIAN_POINT('',(5.11142937480693,0.,0.288423804219008));
#2097=CARTESIAN_POINT('',(5.12877575305432,0.,0.286514162385634));
#2098=CARTESIAN_POINT('',(5.14612930281464,0.,0.284666933247922));
#2099=CARTESIAN_POINT('',(5.15720591593178,0.,0.0783174231811342));
#2100=CARTESIAN_POINT('',(5.16585991433034,0.,0.0786575893601014));
#2101=CARTESIAN_POINT('',(5.17451277847058,0.,0.0789860160897008));
#2102=CARTESIAN_POINT('',(5.16347408693482,0.,0.282743417943607));
#2103=CARTESIAN_POINT('',(5.17214647899491,0.,0.281781660291449));
#2104=CARTESIAN_POINT('',(5.18081633779124,0.,0.280797855991438));
#2105=CARTESIAN_POINT('',(5.18316348469856,0.,0.0793001869149789));
#2106=CARTESIAN_POINT('',(5.19181419092654,0.,0.079614357740257));
#2107=CARTESIAN_POINT('',(5.2004630477349,0.,0.0799169574304425));
#2108=CARTESIAN_POINT('',(5.18948252190094,0.,0.279782071396522));
#2109=CARTESIAN_POINT('',(5.19814870601063,0.,0.278766286801606));
#2110=CARTESIAN_POINT('',(5.20681183241898,0.,0.277723891450244));
#2111=CARTESIAN_POINT('',(5.20911064705763,0.,0.0802195297713697));
#2112=CARTESIAN_POINT('',(5.21775824638037,0.,0.0805221021122969));
#2113=CARTESIAN_POINT('',(5.22640528935401,0.,0.0808208540325332));
#2114=CARTESIAN_POINT('',(5.21547399087898,0.,0.276673072176959));
#2115=CARTESIAN_POINT('',(5.22413614933899,0.,0.275622252903673));
#2116=CARTESIAN_POINT('',(5.23279733985066,0.,0.274563009708466));
#2117=CARTESIAN_POINT('',(5.23505439670144,0.,0.0811163537956973));
#2118=CARTESIAN_POINT('',(5.24370350404888,0.,0.0814118535588614));
#2119=CARTESIAN_POINT('',(5.25235485905917,0.,0.0817056963064437));
#2120=CARTESIAN_POINT('',(5.24145965216701,0.,0.273513529425862));
#2121=CARTESIAN_POINT('',(5.25012196448336,0.,0.272464049143257));
#2122=CARTESIAN_POINT('',(5.25878576518253,0.,0.271427522056237));
#2123=CARTESIAN_POINT('',(5.26100906839493,0.,0.0819809222182064));
#2124=CARTESIAN_POINT('',(5.27831748706643,0.,0.0825313740417317));
#2125=CARTESIAN_POINT('',(5.29563649440234,0.,0.0830245418438004));
#2126=CARTESIAN_POINT('',(5.26744911589697,0.,0.270387078831611));
#2127=CARTESIAN_POINT('',(5.28477581732585,0.,0.268306192382361));
#2128=CARTESIAN_POINT('',(5.30210251867846,0.,0.266225305296908));
#2129=CARTESIAN_POINT('',(5.31295301104626,0.,0.0835311879457643));
#2130=CARTESIAN_POINT('',(5.33026952769019,0.,0.0840378340477283));
#2131=CARTESIAN_POINT('',(5.3475799962261,0.,0.0845780526626515));
#2132=CARTESIAN_POINT('',(5.31942922060317,0.,0.264144422982838));
#2133=CARTESIAN_POINT('',(5.33675592252787,0.,0.262063540668768));
#2134=CARTESIAN_POINT('',(5.3540826247669,0.,0.259982660976118));
#2135=CARTESIAN_POINT('',(5.36489310543716,0.,0.0851035407793775));
#2136=CARTESIAN_POINT('',(5.37354966004269,0.,0.0853662848377405));
#2137=CARTESIAN_POINT('',(5.38220690923049,0.,0.0856216292655864));
#2138=CARTESIAN_POINT('',(5.37140932726254,0.,0.257901783423639));
#2139=CARTESIAN_POINT('',(5.38007267851036,0.,0.256861344647399));
#2140=CARTESIAN_POINT('',(5.38873553036045,0.,0.255816907379547));
#2141=CARTESIAN_POINT('',(5.39086745351254,0.,0.0858690171413938));
#2142=CARTESIAN_POINT('',(5.39952799779459,0.,0.0861164050172012));
#2143=CARTESIAN_POINT('',(5.40819203064208,0.,0.0863524013937624));
#2144=CARTESIAN_POINT('',(5.39739996875461,0.,0.254785173066834));
#2145=CARTESIAN_POINT('',(5.40606440714878,0.,0.25375343875412));
#2146=CARTESIAN_POINT('',(5.41473009280193,0.,0.252731690853445));
#2147=CARTESIAN_POINT('',(5.41685709678312,0.,0.0865755320276442));
#2148=CARTESIAN_POINT('',(5.4341872290652,0.,0.0870217932954077));
#2149=CARTESIAN_POINT('',(5.45151890896764,0.,0.0874126044204042));
#2150=CARTESIAN_POINT('',(5.42339476483989,0.,0.251701827293343));
#2151=CARTESIAN_POINT('',(5.44072410891581,0.,0.249642100173138));
#2152=CARTESIAN_POINT('',(5.45804666292238,0.,0.247528007288211));
#2153=CARTESIAN_POINT('',(5.46883831737547,0.,0.0877687824980414));
#2154=CARTESIAN_POINT('',(5.4861577257833,0.,0.0881249605756786));
#2155=CARTESIAN_POINT('',(5.50347223342377,0.,0.0884419132832657));
#2156=CARTESIAN_POINT('',(5.47535394420324,0.,0.245291630881409));
#2157=CARTESIAN_POINT('',(5.4926612254841,0.,0.243055254474608));
#2158=CARTESIAN_POINT('',(5.50995870715897,0.,0.240740415973006));
#2159=CARTESIAN_POINT('',(5.520790695633,0.,0.0887905259307016));
#2160=CARTESIAN_POINT('',(5.52944992673762,0.,0.0889648322544196));
#2161=CARTESIAN_POINT('',(5.53810927167086,0.,0.0891384481537452));
#2162=CARTESIAN_POINT('',(5.52726409754813,0.,0.238488899842797));
#2163=CARTESIAN_POINT('',(5.5359167927427,0.,0.237363141777693));
#2164=CARTESIAN_POINT('',(5.54456948793728,0.,0.236237383712589));
#2165=CARTESIAN_POINT('',(5.5467675426986,0.,0.0893185779651533));
#2166=CARTESIAN_POINT('',(5.55542581372634,0.,0.0894987077765613));
#2167=CARTESIAN_POINT('',(5.56408353831994,0.,0.0896821520556499));
#2168=CARTESIAN_POINT('',(5.55322218313186,0.,0.235111625647485));
#2169=CARTESIAN_POINT('',(5.56187487832643,0.,0.23398586758238));
#2170=CARTESIAN_POINT('',(5.57052757352101,0.,0.232860109517276));
#2171=CARTESIAN_POINT('',(5.57274219713968,0.,0.0898599296610643));
#2172=CARTESIAN_POINT('',(5.58140085595941,0.,0.0900377072664786));
#2173=CARTESIAN_POINT('',(5.59006044900529,0.,0.0902098181982186));
#2174=CARTESIAN_POINT('',(5.57918026871559,0.,0.231734351452172));
#2175=CARTESIAN_POINT('',(5.58783296391017,0.,0.230608593387068));
#2176=CARTESIAN_POINT('',(5.59648565910474,0.,0.229482835321963));
#2177=CARTESIAN_POINT('',(5.5987224569376,0.,0.0903672813149292));
#2178=CARTESIAN_POINT('',(5.60738446486992,0.,0.0905247444316397));
#2179=CARTESIAN_POINT('',(5.61604843409716,0.,0.0906706090276173));
#2180=CARTESIAN_POINT('',(5.60513835429932,0.,0.228357077256859));
#2181=CARTESIAN_POINT('',(5.6137910494939,0.,0.227231319191755));
#2182=CARTESIAN_POINT('',(5.62244374468848,0.,0.22610556112665));
#2183=CARTESIAN_POINT('',(5.62471346829468,0.,0.0908101446649793));
#2184=CARTESIAN_POINT('',(5.64204353668972,0.,0.0910892159397036));
#2185=CARTESIAN_POINT('',(5.65937807959892,0.,0.0913313999043085));
#2186=CARTESIAN_POINT('',(5.63109643988306,0.,0.224979803061546));
#2187=CARTESIAN_POINT('',(5.64840183027222,0.,0.222728286931337));
#2188=CARTESIAN_POINT('',(5.6657058743276,0.,0.220466789679024));
#2189=CARTESIAN_POINT('',(5.67672003341351,0.,0.0915599986101307));
#2190=CARTESIAN_POINT('',(5.69406198722811,0.,0.0917885973159528));
#2191=CARTESIAN_POINT('',(5.71140980474225,0.,0.0919921404621167));
#2192=CARTESIAN_POINT('',(5.68301489862204,0.,0.218242213712702));
#2193=CARTESIAN_POINT('',(5.70032392291649,0.,0.216017637746381));
#2194=CARTESIAN_POINT('',(5.71763483303831,0.,0.2138070424643));
#2195=CARTESIAN_POINT('',(5.72875356791943,0.,0.092098633074162));
#2196=CARTESIAN_POINT('',(5.73742544950801,0.,0.0921518793801847));
#2197=CARTESIAN_POINT('',(5.74609628909107,0.,0.0921815707574414));
#2198=CARTESIAN_POINT('',(5.73492824670482,0.,0.211466736222961));
#2199=CARTESIAN_POINT('',(5.74357495353807,0.,0.210296583102293));
#2200=CARTESIAN_POINT('',(5.75221742940094,0.,0.209095063478536));
#2201=CARTESIAN_POINT('',(5.75476832506864,0.,0.0921901592821753));
#2202=CARTESIAN_POINT('',(5.76344036104622,0.,0.092198747806909));
#2203=CARTESIAN_POINT('',(5.77211308934877,0.,0.0921896169121699));
#2204=CARTESIAN_POINT('',(5.76085809736216,0.,0.207880140866806));
#2205=CARTESIAN_POINT('',(5.76949876532338,0.,0.206665218255076));
#2206=CARTESIAN_POINT('',(5.77813762538296,0.,0.205436892655373));
#2207=CARTESIAN_POINT('',(5.78078639859694,0.,0.0921808794434007));
#2208=CARTESIAN_POINT('',(5.7894597078451,0.,0.0921721419746317));
#2209=CARTESIAN_POINT('',(5.79813392097907,0.,0.0921661920475608));
#2210=CARTESIAN_POINT('',(5.78677710060963,0.,0.204213127582812));
#2211=CARTESIAN_POINT('',(5.7954165758363,0.,0.202989362510253));
#2212=CARTESIAN_POINT('',(5.80405731211043,0.,0.201774946196292));
#2213=CARTESIAN_POINT('',(5.80680730415468,0.,0.0921691143092427));
#2214=CARTESIAN_POINT('',(5.8154806873303,0.,0.0921720365709242));
#2215=CARTESIAN_POINT('',(5.82415233678682,0.,0.0921913348572729));
#2216=CARTESIAN_POINT('',(5.81269848757118,0.,0.20056378575927));
#2217=CARTESIAN_POINT('',(5.82133966303193,0.,0.199352625322247));
#2218=CARTESIAN_POINT('',(5.82998127767931,0.,0.198144720762163));
#2219=CARTESIAN_POINT('',(5.83282369551163,0.,0.0922101149957046));
#2220=CARTESIAN_POINT('',(5.84149505423643,0.,0.0922288951341367));
#2221=CARTESIAN_POINT('',(5.85016646449653,0.,0.0922469880056096));
#2222=CARTESIAN_POINT('',(5.83862250965247,0.,0.196933979197357));
#2223=CARTESIAN_POINT('',(5.84726374162563,0.,0.195723237632552));
#2224=CARTESIAN_POINT('',(5.85590493380915,0.,0.194512221356349));
#2225=CARTESIAN_POINT('',(5.85884033222977,0.,0.0922460874405814));
#2226=CARTESIAN_POINT('',(5.867514199963,0.,0.0922451868755531));
#2227=CARTESIAN_POINT('',(5.87619101911097,0.,0.092221244042139));
#2228=CARTESIAN_POINT('',(5.8645461160459,0.,0.193301136373723));
#2229=CARTESIAN_POINT('',(5.87318729828265,0.,0.192090051391097));
#2230=CARTESIAN_POINT('',(5.88182847057262,0.,0.190878897702049));
#2231=CARTESIAN_POINT('',(5.88487144382132,0.,0.0921703580915453));
#2232=CARTESIAN_POINT('',(5.90223229324203,0.,0.0920685861903576));
#2233=CARTESIAN_POINT('',(5.91960487686292,0.,0.091879680367985));
#2234=CARTESIAN_POINT('',(5.89046966275867,0.,0.189667881311555));
#2235=CARTESIAN_POINT('',(5.90775204713077,0.,0.187245848530566));
#2236=CARTESIAN_POINT('',(5.92503451108717,0.,0.184824364943792));
#2237=CARTESIAN_POINT('',(5.93697868188235,0.,0.0916777482368114));
#2238=CARTESIAN_POINT('',(5.95435248690178,0.,0.091475816105638));
#2239=CARTESIAN_POINT('',(5.97173233651444,0.,0.0912877796222372));
#2240=CARTESIAN_POINT('',(5.94231729337071,0.,0.182405078591039));
#2241=CARTESIAN_POINT('',(5.95960007565424,0.,0.179985792238287));
#2242=CARTESIAN_POINT('',(5.97689168662241,0.,0.177627443876662));
#2243=CARTESIAN_POINT('',(5.98911079877337,0.,0.0910193913604719));
#2244=CARTESIAN_POINT('',(6.0064892610323,0.,0.0907510030987067));
#2245=CARTESIAN_POINT('',(6.02386198072679,0.,0.0903885633841885));
#2246=CARTESIAN_POINT('',(5.99417142085512,0.,0.17518711904515));
#2247=CARTESIAN_POINT('',(6.01145115508782,0.,0.172746794213638));
#2248=CARTESIAN_POINT('',(6.0287128965386,0.,0.170182278305187));
#2249=CARTESIAN_POINT('',(6.04123361247235,0.,0.089982379947889));
#2250=CARTESIAN_POINT('',(6.04991942834512,0.,0.0897792882297393));
#2251=CARTESIAN_POINT('',(6.05860565904951,0.,0.0895632574928327));
#2252=CARTESIAN_POINT('',(6.04596760496749,0.,0.167569218557795));
#2253=CARTESIAN_POINT('',(6.05459495918193,0.,0.166262688684099));
#2254=CARTESIAN_POINT('',(6.06322125736194,0.,0.164948869766984));
#2255=CARTESIAN_POINT('',(6.06729430763094,0.,0.0893337424138872));
#2256=CARTESIAN_POINT('',(6.07598295621237,0.,0.0891042273349418));
#2257=CARTESIAN_POINT('',(6.08467431636187,0.,0.0888583915263755));
#2258=CARTESIAN_POINT('',(6.07184908406173,0.,0.163645601093681));
#2259=CARTESIAN_POINT('',(6.08047691076152,0.,0.162342332420377));
#2260=CARTESIAN_POINT('',(6.08910647550659,0.,0.161051060189664));
#2261=CARTESIAN_POINT('',(6.09336719839295,0.,0.0885930774626573));
#2262=CARTESIAN_POINT('',(6.1107529624551,0.,0.088062449335221));
#2263=CARTESIAN_POINT('',(6.12814543002786,0.,0.0874659934731812));
#2264=CARTESIAN_POINT('',(6.0977354437337,0.,0.159755670615488));
#2265=CARTESIAN_POINT('',(6.11499338018793,0.,0.157164891467134));
#2266=CARTESIAN_POINT('',(6.13225131687159,0.,0.154574113849557));
#2267=CARTESIAN_POINT('',(6.14554165388259,0.,0.0868027468590779));
#2268=CARTESIAN_POINT('',(6.16293787773731,0.,0.0861395002449748));
#2269=CARTESIAN_POINT('',(6.18034032904594,0.,0.0853848588686675));
#2270=CARTESIAN_POINT('',(6.14950925334073,0.,0.151983334800682));
#2271=CARTESIAN_POINT('',(6.16676718980987,0.,0.149392555751807));
#2272=CARTESIAN_POINT('',(6.18402512563249,0.,0.146801772389346));
#2273=CARTESIAN_POINT('',(6.19774561282009,0.,0.0845879024642586));
#2274=CARTESIAN_POINT('',(6.20644825470717,0.,0.0841894242620542));
#2275=CARTESIAN_POINT('',(6.21515101877571,0.,0.0837793371213109));
#2276=CARTESIAN_POINT('',(6.20128306231819,0.,0.144210994785361));
#2277=CARTESIAN_POINT('',(6.20991203066104,0.,0.142915605983369));
#2278=CARTESIAN_POINT('',(6.2185404235064,0.,0.141616501256551));
#2279=CARTESIAN_POINT('',(6.22385458641658,0.,0.0833793323004808));
#2280=CARTESIAN_POINT('',(6.23255815405744,0.,0.0829793274796506));
#2281=CARTESIAN_POINT('',(6.24126253319587,0.,0.0825903713671156));
#2282=CARTESIAN_POINT('',(6.2271708081296,0.,0.140330257476717));
#2283=CARTESIAN_POINT('',(6.23580119275279,0.,0.139044013696882));
#2284=CARTESIAN_POINT('',(6.24443302050898,0.,0.137767088261094));
#2285=CARTESIAN_POINT('',(6.24996683030826,0.,0.082184413295363));
#2286=CARTESIAN_POINT('',(6.25867112742065,0.,0.0817784552236104));
#2287=CARTESIAN_POINT('',(6.26737534250701,0.,0.0813554951926401));
#2288=CARTESIAN_POINT('',(6.2530635445146,0.,0.136481744545563));
#2289=CARTESIAN_POINT('',(6.26169406852021,0.,0.135196400830033));
#2290=CARTESIAN_POINT('',(6.27032328877525,0.,0.133902638834762));
#2291=CARTESIAN_POINT('',(6.27607858204374,0.,0.0808874825349395));
#2292=CARTESIAN_POINT('',(6.28478182158046,0.,0.0804194698772389));
#2293=CARTESIAN_POINT('',(6.29348375998003,0.,0.0798980838531607));
#2294=CARTESIAN_POINT('',(6.27894845839616,0.,0.132582721935962));
#2295=CARTESIAN_POINT('',(6.28757362801707,0.,0.131262805037162));
#2296=CARTESIAN_POINT('',(6.2961939384715,0.,0.129911512548529));
#2297=CARTESIAN_POINT('',(6.30218546187372,0.,0.0793353499454528));
#2298=CARTESIAN_POINT('',(6.3195888656611,0.,0.0782098821300369));
#2299=CARTESIAN_POINT('',(6.33699120374067,0.,0.076931291356874));
#2300=CARTESIAN_POINT('',(6.30481091561601,0.,0.12853869693456));
#2301=CARTESIAN_POINT('',(6.32204486990504,0.,0.125793065706623));
#2302=CARTESIAN_POINT('',(6.33926712752268,0.,0.122971909249554));
#2303=CARTESIAN_POINT('',(6.3543966054576,0.,0.0756445750353269));
#2304=CARTESIAN_POINT('',(6.37180200717452,0.,0.0743578587137797));
#2305=CARTESIAN_POINT('',(6.3892093078367,0.,0.0730413580689573));
#2306=CARTESIAN_POINT('',(6.35649896191993,0.,0.120212589983487));
#2307=CARTESIAN_POINT('',(6.37373079631718,0.,0.117453270717419));
#2308=CARTESIAN_POINT('',(6.39096263016195,0.,0.114693947995566));
#2309=CARTESIAN_POINT('',(6.40661542149661,0.,0.0716204219343048));
#2310=CARTESIAN_POINT('',(6.41531847832657,0.,0.0709099538669785));
#2311=CARTESIAN_POINT('',(6.42402059688137,0.,0.0701726062514536));
#2312=CARTESIAN_POINT('',(6.40819446429535,0.,0.111934627079087));
#2313=CARTESIAN_POINT('',(6.41681038136205,0.,0.110554966620847));
#2314=CARTESIAN_POINT('',(6.42542566998387,0.,0.109171494263693));
#2315=CARTESIAN_POINT('',(6.43272312377673,0.,0.0694019963781653));
#2316=CARTESIAN_POINT('',(6.4414256506721,0.,0.0686313865048771));
#2317=CARTESIAN_POINT('',(6.45012852445937,0.,0.0678282465375361));
#2318=CARTESIAN_POINT('',(6.43404304087258,0.,0.107800652198012));
#2319=CARTESIAN_POINT('',(6.44266041176129,0.,0.106429810132331));
#2320=CARTESIAN_POINT('',(6.45127935235439,0.,0.105068489336401));
#2321=CARTESIAN_POINT('',(6.4588303909853,0.,0.0670029991027329));
#2322=CARTESIAN_POINT('',(6.46753225751122,0.,0.0661777516679298));
#2323=CARTESIAN_POINT('',(6.4762331167758,0.,0.0653303967656646));
#2324=CARTESIAN_POINT('',(6.45989696142678,0.,0.103699092024818));
#2325=CARTESIAN_POINT('',(6.46851457049918,0.,0.102329694713234));
#2326=CARTESIAN_POINT('',(6.47713084805087,0.,0.100952220885998));
#2327=CARTESIAN_POINT('',(6.48493161462577,0.,0.0644713570225284));
#2328=CARTESIAN_POINT('',(6.49363011247574,0.,0.0636123172793922));
#2329=CARTESIAN_POINT('',(6.5023260826921,0.,0.0627446687183021));
#2330=CARTESIAN_POINT('',(6.48574289285677,0.,0.0995490727577059));
#2331=CARTESIAN_POINT('',(6.49435493766267,0.,0.0981459246294135));
#2332=CARTESIAN_POINT('',(6.50296237500591,0.,0.0967148293026498));
#2333=CARTESIAN_POINT('',(6.51102077664141,0.,0.0618590081111238));
#2334=CARTESIAN_POINT('',(6.52841016454004,0.,0.0600876868967671));
#2335=CARTESIAN_POINT('',(6.5457932115406,0.,0.0582515132238767));
#2336=CARTESIAN_POINT('',(6.56316991764307,0.,0.0563504870924528));
#2337=CARTESIAN_POINT('',(6.51156788353175,0.,0.0952720344738665));
#2338=CARTESIAN_POINT('',(6.52877890058345,0.,0.0923864448162998));
#2339=CARTESIAN_POINT('',(6.54597957862055,0.,0.0894381424593134));
#2340=CARTESIAN_POINT('',(6.56316991764307,0.,0.0864271274029072));
#2341=B_SPLINE_SURFACE_WITH_KNOTS('Surf_YQAQDGAXIA, MainWing, 0, 6, telower',1,1,((#2342, #2343),(#2344, #2345)),.UNSPECIFIED.,.F.,.F.,.F.,(2,2),(2,2),(0.,1.),(0.,1.),.PIECEWISE_BEZIER_KNOTS.);
#2342=CARTESIAN_POINT('',(6.56316991764307,0.,0.0563504870924528));
#2343=CARTESIAN_POINT('',(6.56316991764307,0.,0.0262738467819984));
#2344=CARTESIAN_POINT('',(10.3646722765795,20.7319190813419,0.941030705290896));
#2345=CARTESIAN_POINT('',(10.3652227618758,20.7393896263006,0.930818399384816));
#2346=B_SPLINE_SURFACE_WITH_KNOTS('Surf_YQAQDGAXIA, MainWing, 0, 7, lower',1,3,((#2347, #2348, #2349, #2353, #2354, #2355, #2359, #2360, #2361, #2365, #2366, #2367, #2371, #2372, #2373, #2377, #2378, #2379, #2383, #2384, #2385, #2389, #2390, #2391, #2395, #2396, #2397, #2401, #2402, #2403, #2407, #2408, #2409, #2413, #2414, #2415, #2419, #2420, #2421, #2425, #2426, #2427, #2431, #2432, #2433, #2437, #2438, #2439, #2443, #2444, #2445, #2449, #2450, #2451, #2455, #2456, #2457, #2461, #2462, #2463, #2467, #2468, #2469, #2473, #2474, #2475, #2479, #2480, #2481, #2485, #2486, #2487, #2491, #2492, #2493, #2497, #2498, #2499, #2503, #2504, #2505, #2509, #2510, #2511, #2515, #2516, #2517, #2521, #2522, #2523, #2527, #2528, #2529, #2533, #2534, #2535, #2539, #2540, #2541, #2545, #2546, #2547, #2551, #2552, #2553, #2557, #2558, #2559, #2563, #2564, #2565, #2569, #2570, #2571, #2575, #2576, #2577, #2581, #2582, #2583, #2587, #2588, #2589, #2593, #2594, #2595, #2599, #2600, #2601, #2605, #2606, #2607, #2611, #2612, #2613, #2617, #2618, #2619, #2623, #2624, #2625, #2629, #2630, #2631, #2635, #2636, #2637, #2641, #2642, #2643, #2647, #2648, #2649, #2653, #2654, #2655, #2659, #2660, #2661, #2665, #2666, #2667, #2671, #2672, #2673, #2677, #2678, #2679, #2683, #2684, #2685, #2689, #2690, #2691, #2695, #2696, #2697, #2701, #2702, #2703, #2707, #2708, #2709, #2713, #2714, #2715, #2719, #2720, #2721, #2725, #2726, #2727, #2731, #2732, #2733, #2737, #2738, #2739, #2743, #2744, #2745, #2749, #2750, #2751, #2755, #2756, #2757, #2761, #2762, #2763, #2767, #2768, #2769, #2773, #2774, #2775, #2779, #2780, #2781, #2785, #2786, #2787, #2791, #2792, #2793, #2797, #2798, #2799, #2803, #2804, #2805, #2809, #2810, #2811, #2815, #2816, #2817, #2821, #2822, #2823, #2827, #2828, #2829, #2833, #2834, #2835, #2839, #2840, #2841, #2845, #2846, #2847, #2851, #2852, #2853, #2857, #2858, #2859, #2863, #2864, #2865, #2869, #2870, #2871, #2875, #2876, #2877, #2881, #2882, #2883, #2887, #2888, #2889, #2893, #2894, #2895, #2899, #2900, #2901, #2905, #2906, #2907, #2911, #2912, #2913, #2917, #2918, #2919, #2923, #2924, #2925, #2929, #2930, #2931, #2935, #2936, #2937, #2941, #2942, #2943, #2947, #2948, #2949, #2953, #2954, #2955, #2959, #2960, #2961, #2965, #2966, #2967, #2971, #2972, #2973, #2977, #2978, #2979, #2983, #2984, #2985, #2989, #2990, #2991, #2995, #2996, #2997, #3001, #3002, #3003, #3007, #3008, #3009, #3013, #3014, #3015, #3019, #3020, #3021, #3025, #3026, #3027, #3031, #3032, #3033, #3037, #3038, #3039, #3043, #3044, #3045, #3049, #3050, #3051, #3055, #3056, #3057, #3061, #3062, #3063, #3067, #3068, #3069, #3073, #3074, #3075, #3079, #3080, #3081, #3085, #3086, #3087, #3091, #3092, #3093, #3097, #3098, #3099, #3103, #3104, #3105, #3109, #3110, #3111, #3115, #3116, #3117, #3121, #3122, #3123, #3127, #3128, #3129, #3133, #3134, #3135, #3139, #3140, #3141, #3145, #3146, #3147, #3151, #3152, #3153, #3157, #3158, #3159, #3163, #3164, #3165, #3169, #3170, #3171, #3175, #3176, #3177, #3181, #3182, #3183, #3187, #3188, #3189, #3193, #3194, #3195, #3199, #3200, #3201, #3205, #3206, #3207, #3211, #3212, #3213, #3217, #3218, #3219, #3223, #3224, #3225, #3229, #3230, #3231, #3235, #3236, #3237, #3241, #3242, #3243, #3247, #3248, #3249, #3253, #3254, #3255, #3259, #3260, #3261, #3265, #3266, #3267, #3271, #3272, #3273, #3277, #3278, #3279, #3283, #3284, #3285, #3289, #3290, #3291, #3295, #3296, #3297, #3301, #3302, #3303, #3307, #3308, #3309, #3313, #3314, #3315, #3319, #3320, #3321, #3325, #3326, #3327, #3331, #3332, #3333, #3337, #3338, #3339, #3343, #3344, #3345, #3349, #3350, #3351, #3355, #3356, #3357, #3361, #3362, #3363, #3367, #3368, #3369, #3373, #3374, #3375, #3379, #3380, #3381, #3385, #3386, #3387, #3391, #3392, #3393, #3397, #3398, #3399, #3403, #3404, #3405, #3409, #3410, #3411, #3415, #3416, #3417, #3421, #3422, #3423, #3427, #3428, #3429, #3433, #3434, #3435, #3439, #3440, #3441, #3445, #3446, #3447, #3451, #3452, #3453, #3457, #3458, #3459, #3463, #3464, #3465, #3469, #3470, #3471, #3475, #3476, #3477, #3481, #3482, #3483, #3484),(#2350, #2351, #2352, #2356, #2357, #2358, #2362, #2363, #2364, #2368, #2369, #2370, #2374, #2375, #2376, #2380, #2381, #2382, #2386, #2387, #2388, #2392, #2393, #2394, #2398, #2399, #2400, #2404, #2405, #2406, #2410, #2411, #2412, #2416, #2417, #2418, #2422, #2423, #2424, #2428, #2429, #2430, #2434, #2435, #2436, #2440, #2441, #2442, #2446, #2447, #2448, #2452, #2453, #2454, #2458, #2459, #2460, #2464, #2465, #2466, #2470, #2471, #2472, #2476, #2477, #2478, #2482, #2483, #2484, #2488, #2489, #2490, #2494, #2495, #2496, #2500, #2501, #2502, #2506, #2507, #2508, #2512, #2513, #2514, #2518, #2519, #2520, #2524, #2525, #2526, #2530, #2531, #2532, #2536, #2537, #2538, #2542, #2543, #2544, #2548, #2549, #2550, #2554, #2555, #2556, #2560, #2561, #2562, #2566, #2567, #2568, #2572, #2573, #2574, #2578, #2579, #2580, #2584, #2585, #2586, #2590, #2591, #2592, #2596, #2597, #2598, #2602, #2603, #2604, #2608, #2609, #2610, #2614, #2615, #2616, #2620, #2621, #2622, #2626, #2627, #2628, #2632, #2633, #2634, #2638, #2639, #2640, #2644, #2645, #2646, #2650, #2651, #2652, #2656, #2657, #2658, #2662, #2663, #2664, #2668, #2669, #2670, #2674, #2675, #2676, #2680, #2681, #2682, #2686, #2687, #2688, #2692, #2693, #2694, #2698, #2699, #2700, #2704, #2705, #2706, #2710, #2711, #2712, #2716, #2717, #2718, #2722, #2723, #2724, #2728, #2729, #2730, #2734, #2735, #2736, #2740, #2741, #2742, #2746, #2747, #2748, #2752, #2753, #2754, #2758, #2759, #2760, #2764, #2765, #2766, #2770, #2771, #2772, #2776, #2777, #2778, #2782, #2783, #2784, #2788, #2789, #2790, #2794, #2795, #2796, #2800, #2801, #2802, #2806, #2807, #2808, #2812, #2813, #2814, #2818, #2819, #2820, #2824, #2825, #2826, #2830, #2831, #2832, #2836, #2837, #2838, #2842, #2843, #2844, #2848, #2849, #2850, #2854, #2855, #2856, #2860, #2861, #2862, #2866, #2867, #2868, #2872, #2873, #2874, #2878, #2879, #2880, #2884, #2885, #2886, #2890, #2891, #2892, #2896, #2897, #2898, #2902, #2903, #2904, #2908, #2909, #2910, #2914, #2915, #2916, #2920, #2921, #2922, #2926, #2927, #2928, #2932, #2933, #2934, #2938, #2939, #2940, #2944, #2945, #2946, #2950, #2951, #2952, #2956, #2957, #2958, #2962, #2963, #2964, #2968, #2969, #2970, #2974, #2975, #2976, #2980, #2981, #2982, #2986, #2987, #2988, #2992, #2993, #2994, #2998, #2999, #3000, #3004, #3005, #3006, #3010, #3011, #3012, #3016, #3017, #3018, #3022, #3023, #3024, #3028, #3029, #3030, #3034, #3035, #3036, #3040, #3041, #3042, #3046, #3047, #3048, #3052, #3053, #3054, #3058, #3059, #3060, #3064, #3065, #3066, #3070, #3071, #3072, #3076, #3077, #3078, #3082, #3083, #3084, #3088, #3089, #3090, #3094, #3095, #3096, #3100, #3101, #3102, #3106, #3107, #3108, #3112, #3113, #3114, #3118, #3119, #3120, #3124, #3125, #3126, #3130, #3131, #3132, #3136, #3137, #3138, #3142, #3143, #3144, #3148, #3149, #3150, #3154, #3155, #3156, #3160, #3161, #3162, #3166, #3167, #3168, #3172, #3173, #3174, #3178, #3179, #3180, #3184, #3185, #3186, #3190, #3191, #3192, #3196, #3197, #3198, #3202, #3203, #3204, #3208, #3209, #3210, #3214, #3215, #3216, #3220, #3221, #3222, #3226, #3227, #3228, #3232, #3233, #3234, #3238, #3239, #3240, #3244, #3245, #3246, #3250, #3251, #3252, #3256, #3257, #3258, #3262, #3263, #3264, #3268, #3269, #3270, #3274, #3275, #3276, #3280, #3281, #3282, #3286, #3287, #3288, #3292, #3293, #3294, #3298, #3299, #3300, #3304, #3305, #3306, #3310, #3311, #3312, #3316, #3317, #3318, #3322, #3323, #3324, #3328, #3329, #3330, #3334, #3335, #3336, #3340, #3341, #3342, #3346, #3347, #3348, #3352, #3353, #3354, #3358, #3359, #3360, #3364, #3365, #3366, #3370, #3371, #3372, #3376, #3377, #3378, #3382, #3383, #3384, #3388, #3389, #3390, #3394, #3395, #3396, #3400, #3401, #3402, #3406, #3407, #3408, #3412, #3413, #3414, #3418, #3419, #3420, #3424, #3425, #3426, #3430, #3431, #3432, #3436, #3437, #3438, #3442, #3443, #3444, #3448, #3449, #3450, #3454, #3455, #3456, #3460, #3461, #3462, #3466, #3467, #3468, #3472, #3473, #3474, #3478, #3479, #3480, #3485, #3486, #3487, #3488)),.UNSPECIFIED.,.F.,.F.,.F.,(2,2),(4,3,3,3,3,3,3,3,3,3,3,3,3,3,3,3,3,3,3,3,3,3,3,3,3,3,3,3,3,3,3,3,3,3,3,3,3,3,3,3,3,3,3,3,3,3,3,3,3,3,3,3,3,3,3,3,3,3,3,3,3,3,3,3,3,3,3,3,3,3,3,3,3,3,3,3,3,3,3,3,3,3,3,3,3,3,3,3,3,3,3,3,3,3,3,3,3,3,3,3,3,3,3,3,3,3,3,3,3,3,3,3,3,3,3,3,3,3,3,3,3,3,3,3,3,3,3,3,3,3,3,3,3,3,3,3,3,3,3,3,3,3,3,3,3,3,3,3,3,3,3,3,3,3,3,3,3,3,3,3,3,3,3,3,3,3,3,3,3,3,3,3,3,3,3,3,3,3,3,3,3,3,3,3,3,3,3,3,3,3,4),(0.,1.),(0.,1.,2.,3.,4.,5.,6.,7.,8.,9.,10.,11.,12.,13.,14.,15.,16.,17.,18.,19.,20.,21.,22.,23.,24.,25.,26.,27.,28.,29.,30.,31.,32.,33.,34.,35.,36.,37.,38.,39.,40.,41.,42.,43.,44.,45.,46.,47.,48.,49.,50.,51.,52.,53.,54.,55.,56.,57.,58.,59.,60.,61.,62.,63.,64.,65.,66.,67.,68.,69.,70.,71.,72.,73.,74.,75.,76.,77.,78.,79.,80.,81.,82.,83.,84.,85.,86.,87.,88.,89.,90.,91.,92.,93.,94.,95.,96.,97.,98.,99.,100.,101.,102.,103.,104.,105.,106.,107.,108.,109.,110.,111.,112.,113.,114.,115.,116.,117.,118.,119.,120.,121.,122.,123.,124.,125.,126.,127.,128.,129.,130.,131.,132.,133.,134.,135.,136.,137.,138.,139.,140.,141.,142.,143.,144.,145.,146.,147.,148.,149.,150.,151.,152.,153.,154.,155.,156.,157.,158.,159.,160.,161.,162.,163.,164.,165.,166.,167.,168.,169.,170.,171.,172.,173.,174.,175.,176.,177.,178.,179.,180.,181.,182.,183.,184.,185.,186.,187.,188.,189.,190.),.PIECEWISE_BEZIER_KNOTS.);
#2347=CARTESIAN_POINT('',(6.56316991764307,0.,0.0262738467819984));
#2348=CARTESIAN_POINT('',(6.54560684446064,0.,0.0270648839884401));
#2349=CARTESIAN_POINT('',(6.52804142849664,0.,0.0277889289772343));
#2350=CARTESIAN_POINT('',(10.3652227618758,20.7393896263006,0.930818399384816));
#2351=CARTESIAN_POINT('',(10.3590696578446,20.7392060564806,0.930765537775515));
#2352=CARTESIAN_POINT('',(10.352916961109,20.7390391281528,0.930689886563397));
#2353=CARTESIAN_POINT('',(6.51047366975107,0.,0.0284459817483811));
#2354=CARTESIAN_POINT('',(6.50168979037829,0.,0.0287745081339544));
#2355=CARTESIAN_POINT('',(6.49290528728881,0.,0.0290787099293708));
#2356=CARTESIAN_POINT('',(10.3467646716689,20.7388888413171,0.930591445748462));
#2357=CARTESIAN_POINT('',(10.3436885269489,20.7388136978992,0.930542225340995));
#2358=CARTESIAN_POINT('',(10.340612609435,20.7387445967698,0.930484734278959));
#2359=CARTESIAN_POINT('',(6.48412033639477,0.,0.0293936412873508));
#2360=CARTESIAN_POINT('',(6.47533538550073,0.,0.0297085726453308));
#2361=CARTESIAN_POINT('',(6.46654994452327,0.,0.0300258086226251));
#2362=CARTESIAN_POINT('',(10.3375363390245,20.7386728309218,0.930430878166311));
#2363=CARTESIAN_POINT('',(10.3344600686139,20.7386010650739,0.930377022053664));
#2364=CARTESIAN_POINT('',(10.3313835847291,20.7385287271566,0.930323939487978));
#2365=CARTESIAN_POINT('',(6.45776382054381,0.,0.0303069061806481));
#2366=CARTESIAN_POINT('',(6.44897769656435,0.,0.0305880037386712));
#2367=CARTESIAN_POINT('',(6.4401908895829,0.,0.0308329628774231));
#2368=CARTESIAN_POINT('',(10.3283075235547,20.7384653659329,0.930258573882321));
#2369=CARTESIAN_POINT('',(10.3252314623803,20.7384020047092,0.930193208276664));
#2370=CARTESIAN_POINT('',(10.3221558239163,20.7383476201792,0.930115559631037));
#2371=CARTESIAN_POINT('',(6.43140320668088,0.,0.0310033405583184));
#2372=CARTESIAN_POINT('',(6.42261552377887,0.,0.0311737182392138));
#2373=CARTESIAN_POINT('',(6.41382657529108,0.,0.0312649411131097));
#2374=CARTESIAN_POINT('',(10.3190812443475,20.738311761106,0.930012571358507));
#2375=CARTESIAN_POINT('',(10.3160066647787,20.7382759020328,0.929909583085977));
#2376=CARTESIAN_POINT('',(10.3129330916146,20.7382597046478,0.929779695206941));
#2377=CARTESIAN_POINT('',(6.40503637869788,0.,0.0313062167895226));
#2378=CARTESIAN_POINT('',(6.38745598551146,0.,0.0313887681423486));
#2379=CARTESIAN_POINT('',(6.36987321803187,0.,0.0312624467101402));
#2380=CARTESIAN_POINT('',(10.3098599963853,20.7382559142464,0.929632825274117));
#2381=CARTESIAN_POINT('',(10.3037138059266,20.7382483334435,0.929339085408468));
#2382=CARTESIAN_POINT('',(10.2975706085544,20.7382926349655,0.92897438084172));
#2383=CARTESIAN_POINT('',(6.35229424899526,0.,0.0310765600871672));
#2384=CARTESIAN_POINT('',(6.33471527995866,0.,0.0308906734641942));
#2385=CARTESIAN_POINT('',(6.31713286141716,0.,0.0306266985534512));
#2386=CARTESIAN_POINT('',(10.2914298290167,20.7383517287133,0.928589520866783));
#2387=CARTESIAN_POINT('',(10.285289049479,20.7384108224611,0.928204660891845));
#2388=CARTESIAN_POINT('',(10.2791484935048,20.7384893145967,0.92779322346757));
#2389=CARTESIAN_POINT('',(6.29956000813143,0.,0.030132002956345));
#2390=CARTESIAN_POINT('',(6.29077358148856,0.,0.029884655157792));
#2391=CARTESIAN_POINT('',(6.28199001514386,0.,0.029576134717316));
#2392=CARTESIAN_POINT('',(10.2730155035917,20.7386251069412,0.927303621571761));
#2393=CARTESIAN_POINT('',(10.2699490086352,20.7386930031135,0.927058820623857));
#2394=CARTESIAN_POINT('',(10.2668846330346,20.7387760914657,0.926793301298704));
#2395=CARTESIAN_POINT('',(6.27320870569132,0.,0.0291922431339172));
#2396=CARTESIAN_POINT('',(6.26442739623877,0.,0.0288083515505185));
#2397=CARTESIAN_POINT('',(6.2556481863211,0.,0.0283605096171874));
#2398=CARTESIAN_POINT('',(10.2638224257598,20.7388778991166,0.926502231553886));
#2399=CARTESIAN_POINT('',(10.260760218485,20.7389797067674,0.926211161809067));
#2400=CARTESIAN_POINT('',(10.2576999155048,20.7390973970946,0.925898416612253));
#2401=CARTESIAN_POINT('',(6.24687011610192,0.,0.0278870820451625));
#2402=CARTESIAN_POINT('',(6.23809204588275,0.,0.0274136544731375));
#2403=CARTESIAN_POINT('',(6.22931511536208,0.,0.0269146412624189));
#2404=CARTESIAN_POINT('',(10.2546404791583,20.7392214416377,0.925577004856303));
#2405=CARTESIAN_POINT('',(10.2515810428118,20.7393454861808,0.925255593100352));
#2406=CARTESIAN_POINT('',(10.248522473099,20.7394758849398,0.924925514785265));
#2407=CARTESIAN_POINT('',(6.22053836470355,0.,0.0264284071242449));
#2408=CARTESIAN_POINT('',(6.21176161404503,0.,0.0259421729860709));
#2409=CARTESIAN_POINT('',(6.20298447875329,0.,0.0254632425407395));
#2410=CARTESIAN_POINT('',(10.2454637323593,20.7396031094542,0.924599778803901));
#2411=CARTESIAN_POINT('',(10.2424049916196,20.7397303339686,0.924274042822537));
#2412=CARTESIAN_POINT('',(10.2393459827656,20.739855744648,0.92395077971746));
#2413=CARTESIAN_POINT('',(6.19420816332199,0.,0.0249648101431561));
#2414=CARTESIAN_POINT('',(6.17665553245938,0.,0.0239679453479892));
#2415=CARTESIAN_POINT('',(6.15910856566475,0.,0.0228864447381427));
#2416=CARTESIAN_POINT('',(10.2362876174077,20.7399859986904,0.923620909871105));
#2417=CARTESIAN_POINT('',(10.230170886692,20.7402465067751,0.922961170178395));
#2418=CARTESIAN_POINT('',(10.2240576847434,20.7405280328466,0.922272796674359));
#2419=CARTESIAN_POINT('',(6.14157405442445,0.,0.0216221589174742));
#2420=CARTESIAN_POINT('',(6.12403954318414,0.,0.0203578730968057));
#2421=CARTESIAN_POINT('',(6.10651254472228,0.,0.0189600072033076));
#2422=CARTESIAN_POINT('',(10.2179521817188,20.7408549506151,0.921522587743582));
#2423=CARTESIAN_POINT('',(10.2118466786941,20.7411818683836,0.920772378812806));
#2424=CARTESIAN_POINT('',(10.2057462464104,20.7415419597321,0.919976951237972));
#2425=CARTESIAN_POINT('',(6.08899895305219,0.,0.017430484309827));
#2426=CARTESIAN_POINT('',(6.08024215721714,0.,0.0166657228630867));
#2427=CARTESIAN_POINT('',(6.07148900166321,0.,0.0158661222495065));
#2428=CARTESIAN_POINT('',(10.1996529097392,20.7419347426681,0.919137065861238));
#2429=CARTESIAN_POINT('',(10.1966062414036,20.7421311341361,0.918717123172871));
#2430=CARTESIAN_POINT('',(10.1935614830677,20.7423361764066,0.918285417724289));
#2431=CARTESIAN_POINT('',(6.06273953120015,0.,0.0150218837340937));
#2432=CARTESIAN_POINT('',(6.05399006073709,0.,0.0141776452186809));
#2433=CARTESIAN_POINT('',(6.04524389750832,0.,0.0132958877753796));
#2434=CARTESIAN_POINT('',(10.190518829737,20.742552303292,0.917838623245965));
#2435=CARTESIAN_POINT('',(10.1874761764064,20.7427684301775,0.91739182876764));
#2436=CARTESIAN_POINT('',(10.1844353657163,20.742993873719,0.916932355539925));
#2437=CARTESIAN_POINT('',(6.03649961997721,0.,0.012395541337983));
#2438=CARTESIAN_POINT('',(6.01901106491499,0.,0.0105948484631897));
#2439=CARTESIAN_POINT('',(6.00152736697678,0.,0.00875521198377555));
#2440=CARTESIAN_POINT('',(10.1813955543429,20.7432239330762,0.916466605067032));
#2441=CARTESIAN_POINT('',(10.1753159315961,20.7436840517904,0.915535104121246));
#2442=CARTESIAN_POINT('',(10.1692387192811,20.7441538398878,0.914590469054626));
#2443=CARTESIAN_POINT('',(5.98405017669162,0.,0.00685166367579403));
#2444=CARTESIAN_POINT('',(5.96657298640647,0.,0.0049481153678125));
#2445=CARTESIAN_POINT('',(5.94910489814932,0.,0.00296583997298854));
#2446=CARTESIAN_POINT('',(10.1631649512761,20.744639497853,0.913624252296357));
#2447=CARTESIAN_POINT('',(10.1570911832711,20.7451251558182,0.912658035538087));
#2448=CARTESIAN_POINT('',(10.1510220375192,20.7456303616116,0.911665254158467));
#2449=CARTESIAN_POINT('',(5.93164007039399,0.,0.00095041788258338));
#2450=CARTESIAN_POINT('',(5.91417524263866,0.,-0.00106500420782178));
#2451=CARTESIAN_POINT('',(5.8967125393533,0.,-0.00310867614985088));
#2452=CARTESIAN_POINT('',(10.14495463805,20.7461437981046,0.910661277734013));
#2453=CARTESIAN_POINT('',(10.1388872385809,20.7466572345976,0.909657301309559));
#2454=CARTESIAN_POINT('',(10.1328210987042,20.7471776863294,0.908643771735745));
#2455=CARTESIAN_POINT('',(5.87927322488398,0.,-0.00532716512846453));
#2456=CARTESIAN_POINT('',(5.87055356764932,0.,-0.00643640961777135));
#2457=CARTESIAN_POINT('',(5.86184110164336,0.,-0.00759967763999132));
#2458=CARTESIAN_POINT('',(10.1267663332934,20.7477415425571,0.907571312379963));
#2459=CARTESIAN_POINT('',(10.123738950588,20.7480234706709,0.907035082702071));
#2460=CARTESIAN_POINT('',(10.1207150701323,20.7483188120594,0.90648064134319));
#2461=CARTESIAN_POINT('',(5.85313454841363,0.,-0.00880896149256049));
#2462=CARTESIAN_POINT('',(5.84442799518391,0.,-0.0100182453451297));
#2463=CARTESIAN_POINT('',(5.83572636684723,0.,-0.0112654473642788));
#2464=CARTESIAN_POINT('',(10.1176940985198,20.74862557868,0.905910683861669));
#2465=CARTESIAN_POINT('',(10.1146731269074,20.7489323453006,0.905340726380147));
#2466=CARTESIAN_POINT('',(10.111654570645,20.7492485265526,0.904757984198229));
#2467=CARTESIAN_POINT('',(5.82702488137078,0.,-0.0125137492059481));
#2468=CARTESIAN_POINT('',(5.81832339589434,0.,-0.0137620510476173));
#2469=CARTESIAN_POINT('',(5.80962171162866,0.,-0.0150085521803989));
#2470=CARTESIAN_POINT('',(10.1086360844447,20.7495649808774,0.904174871194256));
#2471=CARTESIAN_POINT('',(10.1056175982443,20.7498814352022,0.903591758190283));
#2472=CARTESIAN_POINT('',(10.1025990096055,20.7501974424066,0.903009252965613));
#2473=CARTESIAN_POINT('',(5.80091612073818,0.,-0.0162255571407846));
#2474=CARTESIAN_POINT('',(5.79221052984771,0.,-0.0174425621011703));
#2475=CARTESIAN_POINT('',(5.7835028398539,0.,-0.0186450785609892));
#2476=CARTESIAN_POINT('',(10.0995785156664,20.7505061261165,0.902436691451176));
#2477=CARTESIAN_POINT('',(10.0965580217272,20.7508148098265,0.901864129936739));
#2478=CARTESIAN_POINT('',(10.0935365289324,20.7511198963732,0.901296449468618));
#2479=CARTESIAN_POINT('',(5.77479569658424,0.,-0.0198513686960111));
#2480=CARTESIAN_POINT('',(5.76608855331458,0.,-0.0210576588310329));
#2481=CARTESIAN_POINT('',(5.75738195676905,0.,-0.0222677226412577));
#2482=CARTESIAN_POINT('',(10.0905152962966,20.7514259198371,0.900727497682905));
#2483=CARTESIAN_POINT('',(10.0874940636608,20.7517319433011,0.900158545897191));
#2484=CARTESIAN_POINT('',(10.084473091184,20.7520389036823,0.899588322793885));
#2485=CARTESIAN_POINT('',(5.74867855277513,0.,-0.0234998223024552));
#2486=CARTESIAN_POINT('',(5.7399751487812,0.,-0.0247319219636527));
#2487=CARTESIAN_POINT('',(5.73127594547796,0.,-0.0259928243419232));
#2488=CARTESIAN_POINT('',(10.0814536378811,20.7523513350611,0.899010676009076));
#2489=CARTESIAN_POINT('',(10.0784341845782,20.7526637664399,0.898433029224267));
#2490=CARTESIAN_POINT('',(10.075416726665,20.7529833488541,0.897845679569184));
#2491=CARTESIAN_POINT('',(5.72257888913404,0.,-0.0272694700746376));
#2492=CARTESIAN_POINT('',(5.70518477644619,0.,-0.0298227615400663));
#2493=CARTESIAN_POINT('',(5.68780005153972,0.,-0.0324404431144751));
#2494=CARTESIAN_POINT('',(10.0724003073014,20.7533068400814,0.897253023667114));
#2495=CARTESIAN_POINT('',(10.0663674685742,20.7539538225361,0.896067711862974));
#2496=CARTESIAN_POINT('',(10.0603390895701,20.7546167915383,0.894860708684801));
#2497=CARTESIAN_POINT('',(5.67042516820498,0.,-0.035122216492441));
#2498=CARTESIAN_POINT('',(5.65305028487023,0.,-0.037803989870407));
#2499=CARTESIAN_POINT('',(5.63568524310722,0.,-0.04054985505193));
#2500=CARTESIAN_POINT('',(10.0543153234377,20.7552956726604,0.893632123725659));
#2501=CARTESIAN_POINT('',(10.0482915573053,20.7559745537825,0.892403538766516));
#2502=CARTESIAN_POINT('',(10.0422724040445,20.7566693470245,0.891153372026405));
#2503=CARTESIAN_POINT('',(5.6183304967063,0.,-0.0433595137315871));
#2504=CARTESIAN_POINT('',(5.60965312350584,0.,-0.0447643430714156));
#2505=CARTESIAN_POINT('',(5.60097788024593,0.,-0.0461818303284754));
#2506=CARTESIAN_POINT('',(10.0362580168039,20.7573799779585,0.889881733098388));
#2507=CARTESIAN_POINT('',(10.0332508231835,20.7577352934255,0.88924591363438));
#2508=CARTESIAN_POINT('',(10.0302446056924,20.7580937513461,0.888605835249807));
#2509=CARTESIAN_POINT('',(5.59230655957588,0.,-0.0476225146270008));
#2510=CARTESIAN_POINT('',(5.58363523890583,0.,-0.0490631989255263));
#2511=CARTESIAN_POINT('',(5.57496874800865,0.,-0.0505331788541104));
#2512=CARTESIAN_POINT('',(10.0272401837902,20.7584579681485,0.887957952271598));
#2513=CARTESIAN_POINT('',(10.0242357618881,20.7588221849508,0.88731006929339));
#2514=CARTESIAN_POINT('',(10.0212335642734,20.7591936747575,0.8866523275938));
#2515=CARTESIAN_POINT('',(5.56630412556376,0.,-0.0520144921300433));
#2516=CARTESIAN_POINT('',(5.55763950311887,0.,-0.0534958054059762));
#2517=CARTESIAN_POINT('',(5.54897674912626,0.,-0.0549884520292579));
#2518=CARTESIAN_POINT('',(10.0182322271496,20.7595679782086,0.885990771935824));
#2519=CARTESIAN_POINT('',(10.0152308900257,20.7599422816596,0.885329216277847));
#2520=CARTESIAN_POINT('',(10.0122304133927,20.7603193987551,0.884663846661484));
#2521=CARTESIAN_POINT('',(5.54031290226535,0.,-0.0564744697171781));
#2522=CARTESIAN_POINT('',(5.53164905540444,0.,-0.0579604874050983));
#2523=CARTESIAN_POINT('',(5.52298306073253,0.,-0.0594334772688537));
#2524=CARTESIAN_POINT('',(10.0092294334538,20.7606948701349,0.884000707849729));
#2525=CARTESIAN_POINT('',(10.006228453515,20.7610703415148,0.883337569037974));
#2526=CARTESIAN_POINT('',(10.0032264844305,20.7614425785753,0.882678814418932));
#2527=CARTESIAN_POINT('',(5.51431729371788,0.,-0.0609078479813939));
#2528=CARTESIAN_POINT('',(5.49698575968857,0.,-0.0638565894064742));
#2529=CARTESIAN_POINT('',(5.4796542260825,0.,-0.0668053333232505));
#2530=CARTESIAN_POINT('',(10.0002246201899,20.7618151584487,0.882019595109417));
#2531=CARTESIAN_POINT('',(9.99422089170869,20.7625603181955,0.880701156490387));
#2532=CARTESIAN_POINT('',(9.98821716342101,20.7633054785609,0.879382717033065));
#2533=CARTESIAN_POINT('',(5.4623226905477,0.,-0.0697540658853264));
#2534=CARTESIAN_POINT('',(5.4449911550129,0.,-0.0727027984474023));
#2535=CARTESIAN_POINT('',(5.42765034921459,0.,-0.0755985135823228));
#2536=CARTESIAN_POINT('',(9.98221343425139,20.7640506361073,0.878064281395849));
#2537=CARTESIAN_POINT('',(9.97620970508176,20.7647957936538,0.876745845758634));
#2538=CARTESIAN_POINT('',(9.97020176541508,20.7655277893542,0.875445242134408));
#2539=CARTESIAN_POINT('',(5.41031942872635,0.,-0.0785507632380547));
#2540=CARTESIAN_POINT('',(5.40165396848222,0.,-0.0800268880659206));
#2541=CARTESIAN_POINT('',(5.3929915884404,0.,-0.0815206287197175));
#2542=CARTESIAN_POINT('',(9.96419831558834,20.7662738200371,0.874125623550497));
#2543=CARTESIAN_POINT('',(9.96119659067497,20.7666468353785,0.873465814258542));
#2544=CARTESIAN_POINT('',(9.95819626476859,20.7670242239383,0.872800080016351));
#2545=CARTESIAN_POINT('',(5.38433493827047,0.,-0.083047138784046));
#2546=CARTESIAN_POINT('',(5.37567828810054,0.,-0.0845736488483745));
#2547=CARTESIAN_POINT('',(5.36702664157503,0.,-0.0861287749719184));
#2548=CARTESIAN_POINT('',(9.95519854133108,20.767409747671,0.872123324030006));
#2549=CARTESIAN_POINT('',(9.95220081789358,20.7677952714037,0.871446568043662));
#2550=CARTESIAN_POINT('',(9.94920536707697,20.7681878992186,0.870760187261633));
#2551=CARTESIAN_POINT('',(5.35837688361179,0.,-0.0876947018648839));
#2552=CARTESIAN_POINT('',(5.34107736768531,0.,-0.0908265556508151));
#2553=CARTESIAN_POINT('',(5.3237831328525,0.,-0.0939878725733118));
#2554=CARTESIAN_POINT('',(9.94621077403236,20.7685832083796,0.870070173722273));
#2555=CARTESIAN_POINT('',(9.94022158794314,20.7693738267014,0.868690146643552));
#2556=CARTESIAN_POINT('',(9.93423478695242,20.7701717593018,0.867300212228239));
#2557=CARTESIAN_POINT('',(5.30647680148936,0.,-0.0970820470913094));
#2558=CARTESIAN_POINT('',(5.28917047012623,0.,-0.100176221609307));
#2559=CARTESIAN_POINT('',(5.27185915680702,0.,-0.103243444298898));
#2560=CARTESIAN_POINT('',(9.92824252910503,20.7709530237206,0.865932854131454));
#2561=CARTESIAN_POINT('',(9.92225027125764,20.7717342881394,0.86456549603467));
#2562=CARTESIAN_POINT('',(9.91625577882984,20.7725088618277,0.86320719805298));
#2563=CARTESIAN_POINT('',(5.25456902089288,0.,-0.106425234395199));
#2564=CARTESIAN_POINT('',(5.24592395293582,0.,-0.108016129443349));
#2565=CARTESIAN_POINT('',(5.2372850436144,0.,-0.109640342025535));
#2566=CARTESIAN_POINT('',(9.91027078520406,20.773311876616,0.861810387140918));
#2567=CARTESIAN_POINT('',(9.90727828839117,20.7737133840101,0.861111981684887));
#2568=CARTESIAN_POINT('',(9.90428855394035,20.7741231624068,0.860402376220885));
#2569=CARTESIAN_POINT('',(5.22864914123588,0.,-0.111280821834467));
#2570=CARTESIAN_POINT('',(5.22001323885736,0.,-0.1129213016434));
#2571=CARTESIAN_POINT('',(5.21138034342174,0.,-0.11457804867908));
#2572=CARTESIAN_POINT('',(9.90130016820791,20.7745369791059,0.859687302372906));
#2573=CARTESIAN_POINT('',(9.89831178247547,20.7749507958049,0.858972228524927));
#2574=CARTESIAN_POINT('',(9.89532474546139,20.7753686508062,0.858251686292973));
#2575=CARTESIAN_POINT('',(5.20274730323629,0.,-0.116234012634219));
#2576=CARTESIAN_POINT('',(5.19411426305083,0.,-0.117889976589359));
#2577=CARTESIAN_POINT('',(5.18547967584245,0.,-0.119537571321092));
#2578=CARTESIAN_POINT('',(9.89233764352199,20.7757863114096,0.857531407301037));
#2579=CARTESIAN_POINT('',(9.88935054158258,20.776203972013,0.856811128309101));
#2580=CARTESIAN_POINT('',(9.88636274574962,20.7766195549755,0.856093662711726));
#2581=CARTESIAN_POINT('',(5.17684444749619,0.,-0.121181697566564));
#2582=CARTESIAN_POINT('',(5.16820921914992,0.,-0.122825823812036));
#2583=CARTESIAN_POINT('',(5.15957334966577,0.,-0.124466481571246));
#2584=CARTESIAN_POINT('',(9.88337466234401,20.7770342768942,0.855377363079212));
#2585=CARTESIAN_POINT('',(9.8803865789384,20.7774489988129,0.854661063446698));
#2586=CARTESIAN_POINT('',(9.87739820796013,20.7778628596877,0.853945929779046));
#2587=CARTESIAN_POINT('',(5.15093774492875,0.,-0.126108571581338));
#2588=CARTESIAN_POINT('',(5.13366653545472,0.,-0.129392751601522));
#2589=CARTESIAN_POINT('',(5.11639532590592,0.,-0.132676931227947));
#2590=CARTESIAN_POINT('',(9.87440995573013,20.7782770761155,0.853230314646556));
#2591=CARTESIAN_POINT('',(9.86843345127012,20.7791055089712,0.851799084381577));
#2592=CARTESIAN_POINT('',(9.86245694677678,20.7799339417291,0.850367854248928));
#2593=CARTESIAN_POINT('',(5.0991241157748,0.,-0.135961107787021));
#2594=CARTESIAN_POINT('',(5.08185290564369,0.,-0.139245284346095));
#2595=CARTESIAN_POINT('',(5.06458169485419,0.,-0.142529457437227));
#2596=CARTESIAN_POINT('',(9.85648044202376,20.7807623737256,0.848936625147118));
#2597=CARTESIAN_POINT('',(9.85050393727075,20.7815908057221,0.847505396045307));
#2598=CARTESIAN_POINT('',(9.84452743222414,20.7824192368577,0.846074168108961));
#2599=CARTESIAN_POINT('',(5.04731048373758,0.,-0.145813628805316));
#2600=CARTESIAN_POINT('',(5.03867487817928,0.,-0.14745571448936));
#2601=CARTESIAN_POINT('',(5.0300392725392,0.,-0.149097799742643));
#2602=CARTESIAN_POINT('',(9.83855092703167,20.7832476675655,0.844642940751675));
#2603=CARTESIAN_POINT('',(9.83556267443543,20.7836618829194,0.843927327073032));
#2604=CARTESIAN_POINT('',(9.83257442180273,20.7840760981664,0.843211713539154));
#2605=CARTESIAN_POINT('',(5.02140366685874,0.,-0.150739884783279));
#2606=CARTESIAN_POINT('',(5.01276806117829,0.,-0.152381969823914));
#2607=CARTESIAN_POINT('',(5.00413245545746,0.,-0.154024054651901));
#2608=CARTESIAN_POINT('',(9.82958616915202,20.7844903133606,0.84249610007674));
#2609=CARTESIAN_POINT('',(9.82659791650131,20.7849045285548,0.841780486614326));
#2610=CARTESIAN_POINT('',(9.8236096638326,20.7853187436962,0.841064873223376));
#2611=CARTESIAN_POINT('',(4.99549684973768,0.,-0.155666139485353));
#2612=CARTESIAN_POINT('',(4.98686124401789,0.,-0.157308224318804));
#2613=CARTESIAN_POINT('',(4.97822563829914,0.,-0.15895030915772));
#2614=CARTESIAN_POINT('',(9.82062141116436,20.785732958839,0.84034925983059));
#2615=CARTESIAN_POINT('',(9.81763315849611,20.7861471739818,0.839633646437804));
#2616=CARTESIAN_POINT('',(9.81464490582833,20.7865613891259,0.838918033043182));
#2617=CARTESIAN_POINT('',(4.96959003262284,0.,-0.160592394220212));
#2618=CARTESIAN_POINT('',(4.96095442694654,0.,-0.162234479282704));
#2619=CARTESIAN_POINT('',(4.95231882131268,0.,-0.163876564568773));
#2620=CARTESIAN_POINT('',(9.81165665317947,20.7869756043255,0.838202419573423));
#2621=CARTESIAN_POINT('',(9.80866840053062,20.7873898195251,0.837486806103664));
#2622=CARTESIAN_POINT('',(9.80568014790069,20.7878040347803,0.836771192558767));
#2623=CARTESIAN_POINT('',(4.94368321576267,0.,-0.165518650296531));
#2624=CARTESIAN_POINT('',(4.92641200466266,0.,-0.168802821752047));
#2625=CARTESIAN_POINT('',(4.90914079389807,0.,-0.17208699497432));
#2626=CARTESIAN_POINT('',(9.80269189530815,20.788218250145,0.836055578865433));
#2627=CARTESIAN_POINT('',(9.79671539012308,20.7890466808746,0.834624351478766));
#2628=CARTESIAN_POINT('',(9.79073888508758,20.7898751120427,0.833193123498347));
#2629=CARTESIAN_POINT('',(4.89186958380015,0.,-0.175371171708249));
#2630=CARTESIAN_POINT('',(4.8573271636043,0.,-0.181939525176107));
#2631=CARTESIAN_POINT('',(4.82278474603201,0.,-0.188507892463287));
#2632=CARTESIAN_POINT('',(9.78476238034937,20.7907035440826,0.831761894337774));
#2633=CARTESIAN_POINT('',(9.77280937087294,20.7923604081624,0.828899436016626));
#2634=CARTESIAN_POINT('',(9.76085636256642,20.7940172756727,0.826036973051246));
#2635=CARTESIAN_POINT('',(4.78824232556311,0.,-0.195076244492874));
#2636=CARTESIAN_POINT('',(4.77097111532867,0.,-0.198360420507667));
#2637=CARTESIAN_POINT('',(4.7536999055918,0.,-0.20164459914341));
#2638=CARTESIAN_POINT('',(9.74890335296823,20.7956741393954,0.823174515213455));
#2639=CARTESIAN_POINT('',(9.74292684816914,20.7965025712568,0.82174328629456));
#2640=CARTESIAN_POINT('',(9.73695034359193,20.7973310037688,0.820312056494848));
#2641=CARTESIAN_POINT('',(4.7364286960833,0.,-0.204928778982084));
#2642=CARTESIAN_POINT('',(4.71915748657481,0.,-0.208212958820758));
#2643=CARTESIAN_POINT('',(4.70188388828229,0.,-0.211484215598819));
#2644=CARTESIAN_POINT('',(9.73097383911656,20.7981594365794,0.818880826290868));
#2645=CARTESIAN_POINT('',(9.72499733464118,20.79898786939,0.817449596086889));
#2646=CARTESIAN_POINT('',(9.71901975871309,20.79981309408,0.816022710093446));
#2647=CARTESIAN_POINT('',(4.68461690357339,0.,-0.214791251135435));
#2648=CARTESIAN_POINT('',(4.6673499188645,0.,-0.21809828667205));
#2649=CARTESIAN_POINT('',(4.65008787084904,0.,-0.221432029164483));
#2650=CARTESIAN_POINT('',(9.71304514920717,20.8006472007661,0.814583796727829));
#2651=CARTESIAN_POINT('',(9.70707053970125,20.8014813074521,0.813144883362213));
#2652=CARTESIAN_POINT('',(9.70109814447374,20.8023220440796,0.81169699219779));
#2653=CARTESIAN_POINT('',(4.63280464715418,0.,-0.22465121361483));
#2654=CARTESIAN_POINT('',(4.61552142345932,0.,-0.227870398065177));
#2655=CARTESIAN_POINT('',(4.59821356070742,0.,-0.230956288146464));
#2656=CARTESIAN_POINT('',(9.69511625121877,20.8031343419318,0.810287610815632));
#2657=CARTESIAN_POINT('',(9.68913435796381,20.803946639784,0.808878229433474));
#2658=CARTESIAN_POINT('',(9.68314141323912,20.8047258476102,0.807513656228689));
#2659=CARTESIAN_POINT('',(4.58090631233542,0.,-0.234045501784488));
#2660=CARTESIAN_POINT('',(4.56359906396343,0.,-0.237134715422512));
#2661=CARTESIAN_POINT('',(4.54629801473655,0.,-0.24025746540107));
#2662=CARTESIAN_POINT('',(9.67714874408205,20.8055058805018,0.80614796577907));
#2663=CARTESIAN_POINT('',(9.67115607492498,20.8062859133933,0.804782275329451));
#2664=CARTESIAN_POINT('',(9.66516618629358,20.8070742716057,0.803405311319129));
#2665=CARTESIAN_POINT('',(4.52899588000174,0.,-0.243374342675925));
#2666=CARTESIAN_POINT('',(4.51169374526692,0.,-0.246491219950781));
#2667=CARTESIAN_POINT('',(4.49438935089911,0.,-0.249595174299694));
#2668=CARTESIAN_POINT('',(9.65917581077,20.8078611719325,0.802030321475136));
#2669=CARTESIAN_POINT('',(9.65318543524642,20.8086480722594,0.800655331631142));
#2670=CARTESIAN_POINT('',(9.64719403341331,20.8094317644042,0.799284688315777));
#2671=CARTESIAN_POINT('',(4.4770912833509,0.,-0.25273531154618));
#2672=CARTESIAN_POINT('',(4.4597932158027,0.,-0.255875448792665));
#2673=CARTESIAN_POINT('',(4.44249972328702,0.,-0.259041750594058));
#2674=CARTESIAN_POINT('',(9.64120550516979,20.8102244391373,0.797901875157184));
#2675=CARTESIAN_POINT('',(9.63521697692626,20.8110171138704,0.796519061998592));
#2676=CARTESIAN_POINT('',(9.6292305266264,20.8118162840873,0.795127448590112));
#2677=CARTESIAN_POINT('',(4.42518588713569,0.,-0.262091706705542));
#2678=CARTESIAN_POINT('',(4.40787205098436,0.,-0.265141662817026));
#2679=CARTESIAN_POINT('',(4.3905439457094,0.,-0.268113176569089));
#2680=CARTESIAN_POINT('',(9.62323483639522,20.8125865708949,0.793774967175491));
#2681=CARTESIAN_POINT('',(9.61723914616404,20.8133568577024,0.792422485760871));
#2682=CARTESIAN_POINT('',(9.61123703289351,20.8141076712018,0.79109637771839));
#2683=CARTESIAN_POINT('',(4.37320660942522,0.,-0.271028404370205));
#2684=CARTESIAN_POINT('',(4.36453794128313,0.,-0.272486018270763));
#2685=CARTESIAN_POINT('',(4.35586734872128,0.,-0.273931561999534));
#2686=CARTESIAN_POINT('',(9.60523066302305,20.8148445109785,0.789789212210999));
#2687=CARTESIAN_POINT('',(9.60222747808782,20.8152129308669,0.789135629457303));
#2688=CARTESIAN_POINT('',(9.59922339961417,20.8155783541369,0.78848610982105));
#2689=CARTESIAN_POINT('',(4.34719262315473,0.,-0.275351593370707));
#2690=CARTESIAN_POINT('',(4.33851789758817,0.,-0.27677162474188));
#2691=CARTESIAN_POINT('',(4.3298385210242,0.,-0.278163444849519));
#2692=CARTESIAN_POINT('',(9.59621740963093,20.8159374435932,0.787845177076125));
#2693=CARTESIAN_POINT('',(9.59321141964769,20.8162965330496,0.787204244331199));
#2694=CARTESIAN_POINT('',(9.59020328770922,20.816648618709,0.78657280539092));
#2695=CARTESIAN_POINT('',(4.32115745978878,0.,-0.279545046362659));
#2696=CARTESIAN_POINT('',(4.30379533731795,0.,-0.282308249388939));
#2697=CARTESIAN_POINT('',(4.28642917503245,0.,-0.285046173777687));
#2698=CARTESIAN_POINT('',(9.58719437991785,20.8169981674754,0.785944805266447));
#2699=CARTESIAN_POINT('',(9.58117656433511,20.817697265008,0.7846888050175));
#2700=CARTESIAN_POINT('',(9.57515687409219,20.8183900867108,0.783441314007555));
#2701=CARTESIAN_POINT('',(4.26907352991297,0.,-0.287850133749881));
#2702=CARTESIAN_POINT('',(4.25171788479349,0.,-0.290654093722074));
#2703=CARTESIAN_POINT('',(4.23436601677047,0.,-0.293482442169204));
#2704=CARTESIAN_POINT('',(9.56914206843041,20.8190993028399,0.78217159358546));
#2705=CARTESIAN_POINT('',(9.56312726276862,20.8198085189689,0.780901873163365));
#2706=CARTESIAN_POINT('',(9.55711422364962,20.8205237900192,0.779623940942078));
#2707=CARTESIAN_POINT('',(4.21699549470858,0.,-0.296190342201259));
#2708=CARTESIAN_POINT('',(4.20831023367763,0.,-0.297544292217286));
#2709=CARTESIAN_POINT('',(4.19961977810376,0.,-0.298864701295138));
#2710=CARTESIAN_POINT('',(9.55109246005412,20.8212091573683,0.778386564689609));
#2711=CARTESIAN_POINT('',(9.54808157825637,20.8215518410429,0.777767876563374));
#2712=CARTESIAN_POINT('',(9.54506826697626,20.8218861975162,0.777160481945923));
#2713=CARTESIAN_POINT('',(4.19092689061278,0.,-0.300169407566204));
#2714=CARTESIAN_POINT('',(4.1822340031218,0.,-0.30147411383727));
#2715=CARTESIAN_POINT('',(4.1735386837137,0.,-0.302763117301551));
#2716=CARTESIAN_POINT('',(9.54205381829059,20.8222166554572,0.776558374592282));
#2717=CARTESIAN_POINT('',(9.53903936960491,20.8225471133982,0.775956267238642));
#2718=CARTESIAN_POINT('',(9.53602378351369,20.8228736728068,0.775359447148812));
#2719=CARTESIAN_POINT('',(4.1648436950143,0.,-0.304054256090437));
#2720=CARTESIAN_POINT('',(4.1561487063149,0.,-0.305345394879324));
#2721=CARTESIAN_POINT('',(4.14745437089079,0.,-0.30664048304669));
#2722=CARTESIAN_POINT('',(9.53300835209371,20.823200762352,0.77476190807782));
#2723=CARTESIAN_POINT('',(9.52999292067374,20.8235278518972,0.774164369006828));
#2724=CARTESIAN_POINT('',(9.52697778987032,20.8238559219232,0.773565500909644));
#2725=CARTESIAN_POINT('',(4.13876251055822,0.,-0.307952260409906));
#2726=CARTESIAN_POINT('',(4.13007065022565,0.,-0.309264037773122));
#2727=CARTESIAN_POINT('',(4.12138047434805,0.,-0.31058744182534));
#2728=CARTESIAN_POINT('',(9.52396382961636,20.8241881354526,0.77296101141758));
#2729=CARTESIAN_POINT('',(9.52094986936241,20.824520348982,0.772356521925517));
#2730=CARTESIAN_POINT('',(9.5179367106577,20.8248554491523,0.77174811550537));
#2731=CARTESIAN_POINT('',(4.11268934120754,0.,-0.311904238596615));
#2732=CARTESIAN_POINT('',(4.10399820806703,0.,-0.313221035367891));
#2733=CARTESIAN_POINT('',(4.09530611766363,0.,-0.314531224858222));
#2734=CARTESIAN_POINT('',(9.51492309644009,20.8251889088859,0.771141935019183));
#2735=CARTESIAN_POINT('',(9.51190948222248,20.8255223686195,0.770535754532996));
#2736=CARTESIAN_POINT('',(9.50889541249198,20.8258541879164,0.769931799980767));
#2737=CARTESIAN_POINT('',(4.08661042827945,0.,-0.315816573097666));
#2738=CARTESIAN_POINT('',(4.07791473889528,0.,-0.317101921337109));
#2739=CARTESIAN_POINT('',(4.06921477179634,0.,-0.318357784462537));
#2740=CARTESIAN_POINT('',(9.50587963018645,20.8261798396991,0.769336214224541));
#2741=CARTESIAN_POINT('',(9.50286384788092,20.8265054914817,0.768740628468314));
#2742=CARTESIAN_POINT('',(9.49984603077452,20.8268238227894,0.768154975875561));
#2743=CARTESIAN_POINT('',(4.06051284581512,0.,-0.319600967285));
#2744=CARTESIAN_POINT('',(4.04310899385269,0.,-0.322087332929925));
#2745=CARTESIAN_POINT('',(4.02569592491284,0.,-0.324509204407616));
#2746=CARTESIAN_POINT('',(9.49682729691733,20.8271390059575,0.767573592935124));
#2747=CARTESIAN_POINT('',(9.49078982920293,20.8277693722937,0.766410827054249));
#2748=CARTESIAN_POINT('',(9.48474795956004,20.8283837261104,0.765269791005818));
#2749=CARTESIAN_POINT('',(4.00827410103704,0.,-0.326866313481182));
#2750=CARTESIAN_POINT('',(3.99085227716124,0.,-0.329223422554749));
#2751=CARTESIAN_POINT('',(3.97342169834949,0.,-0.331515769224191));
#2752=CARTESIAN_POINT('',(9.4787018445714,20.8289820004422,0.76415058432436));
#2753=CARTESIAN_POINT('',(9.47265572958276,20.829580274774,0.763031377642901));
#2754=CARTESIAN_POINT('',(9.46660536924837,20.830162469621,0.761934000328414));
#2755=CARTESIAN_POINT('',(3.95598282664324,0.,-0.33374308525262));
#2756=CARTESIAN_POINT('',(3.93854395493699,0.,-0.335970401281049));
#2757=CARTESIAN_POINT('',(3.92109710840195,0.,-0.338132520067173));
#2758=CARTESIAN_POINT('',(9.46055092015097,20.8307285180179,0.760858551915427));
#2759=CARTESIAN_POINT('',(9.45449647105358,20.8312945664147,0.75978310350244));
#2760=CARTESIAN_POINT('',(9.44843804131389,20.8318444267465,0.758729646380695));
#2761=CARTESIAN_POINT('',(3.90364202253083,0.,-0.340229592196489));
#2762=CARTESIAN_POINT('',(3.88618693665971,0.,-0.342326664325806));
#2763=CARTESIAN_POINT('',(3.86872555650619,0.,-0.344369007563564));
#2764=CARTESIAN_POINT('',(9.44237554123774,20.8323781366108,0.757698124578764));
#2765=CARTESIAN_POINT('',(9.43631304116159,20.8329118464751,0.756666602776833));
#2766=CARTESIAN_POINT('',(9.43024733942549,20.8334319672059,0.755653548571908));
#2767=CARTESIAN_POINT('',(3.85125252065917,0.,-0.346308026096135));
#2768=CARTESIAN_POINT('',(3.83377948481216,0.,-0.348247044628705));
#2769=CARTESIAN_POINT('',(3.81629718099612,0.,-0.350105216452988));
#2770=CARTESIAN_POINT('',(9.42417567267784,20.83392643234,0.754675364192813));
#2771=CARTESIAN_POINT('',(9.41810400593019,20.8344208974742,0.753697179813718));
#2772=CARTESIAN_POINT('',(9.412027620135,20.8348952884229,0.752746276720943));
#2773=CARTESIAN_POINT('',(3.79882262790448,0.,-0.352031224523888));
#2774=CARTESIAN_POINT('',(3.78134807481284,0.,-0.353957232594789));
#2775=CARTESIAN_POINT('',(3.7638801433442,0.,-0.355946356317914));
#2776=CARTESIAN_POINT('',(9.40595518495443,20.8353865230868,0.751772482180352));
#2777=CARTESIAN_POINT('',(9.39988274977386,20.8358777577507,0.75079868763976));
#2778=CARTESIAN_POINT('',(9.39381378416577,20.8363846644415,0.749803583829408));
#2779=CARTESIAN_POINT('',(3.74640314110374,0.,-0.357849019715655));
#2780=CARTESIAN_POINT('',(3.72892613886328,0.,-0.359751683113397));
#2781=CARTESIAN_POINT('',(3.71143797770084,0.,-0.361550519831806));
#2782=CARTESIAN_POINT('',(9.38774006568966,20.8368701024713,0.748837670977752));
#2783=CARTESIAN_POINT('',(9.38166634721354,20.837355540501,0.747871758126096));
#2784=CARTESIAN_POINT('',(9.37558682816938,20.8378151978868,0.74694089463425));
#2785=CARTESIAN_POINT('',(3.69394428339466,0.,-0.363295862436055));
#2786=CARTESIAN_POINT('',(3.67645058908849,0.,-0.365041205040305));
#2787=CARTESIAN_POINT('',(3.65895079038213,0.,-0.366720531877189));
#2788=CARTESIAN_POINT('',(9.36950439609745,20.8382615722781,0.746028093410598));
#2789=CARTESIAN_POINT('',(9.36342196402551,20.8387079466695,0.745115292186947));
#2790=CARTESIAN_POINT('',(9.35733619008015,20.8391379283126,0.7442247944128));
#2791=CARTESIAN_POINT('',(3.64144453151932,0.,-0.368333976964578));
#2792=CARTESIAN_POINT('',(3.6239382726565,0.,-0.369947422051968));
#2793=CARTESIAN_POINT('',(3.60642638659996,0.,-0.371502328004598));
#2794=CARTESIAN_POINT('',(9.35124695237073,20.8395515507568,0.743356548072038));
#2795=CARTESIAN_POINT('',(9.34515771466131,20.8399651732011,0.742488301731276));
#2796=CARTESIAN_POINT('',(9.33906543871409,20.8403642596195,0.741639828937629));
#2797=CARTESIAN_POINT('',(3.58890810478372,0.,-0.372975122697334));
#2798=CARTESIAN_POINT('',(3.57138982296749,0.,-0.37444791739007));
#2799=CARTESIAN_POINT('',(3.55386116708731,0.,-0.375798562758427));
#2800=CARTESIAN_POINT('',(9.33296942446599,20.8407429556471,0.740819119368999));
#2801=CARTESIAN_POINT('',(9.32687341021789,20.8411216516747,0.739998409800369));
#2802=CARTESIAN_POINT('',(9.32077153436963,20.8414700154364,0.73921898527835));
#2803=CARTESIAN_POINT('',(3.53633497249529,0.,-0.377178188722027));
#2804=CARTESIAN_POINT('',(3.51880877790326,0.,-0.378557814685627));
#2805=CARTESIAN_POINT('',(3.50128830296993,0.,-0.380008819990013));
#2806=CARTESIAN_POINT('',(9.31467104921274,20.8418255756941,0.738429765652956));
#2807=CARTESIAN_POINT('',(9.30857056405584,20.8421811359518,0.737640546027562));
#2808=CARTESIAN_POINT('',(9.3024733844661,20.8425544214643,0.736827194748234));
#2809=CARTESIAN_POINT('',(3.48376514746689,0.,-0.3814258749079));
#2810=CARTESIAN_POINT('',(3.47500356971537,0.,-0.382134402366844));
#2811=CARTESIAN_POINT('',(3.46624109538672,0.,-0.382830965552398));
#2812=CARTESIAN_POINT('',(9.2963746465811,20.8429192762272,0.736025322015538));
#2813=CARTESIAN_POINT('',(9.2933252776386,20.8431017036087,0.73562438564919));
#2814=CARTESIAN_POINT('',(9.29027537634632,20.8432811599197,0.735227495255597));
#2815=CARTESIAN_POINT('',(3.45747630429892,0.,-0.383496613069805));
#2816=CARTESIAN_POINT('',(3.44871151321112,0.,-0.384162260587213));
#2817=CARTESIAN_POINT('',(3.43994486156876,0.,-0.38480456142315));
#2818=CARTESIAN_POINT('',(9.28722409946114,20.843452938988,0.734841059650681));
#2819=CARTESIAN_POINT('',(9.28417282257595,20.8436247180563,0.734454624045766));
#2820=CARTESIAN_POINT('',(9.28112046808328,20.843790699559,0.734076081584589));
#2821=CARTESIAN_POINT('',(3.43117715979614,0.,-0.385433310966301));
#2822=CARTESIAN_POINT('',(3.41364175625091,0.,-0.386690810052602));
#2823=CARTESIAN_POINT('',(3.39610160393769,0.,-0.387881820139354));
#2824=CARTESIAN_POINT('',(9.27806749852428,20.8439533159144,0.733702121146692));
#2825=CARTESIAN_POINT('',(9.27196155940629,20.8442785486251,0.732954200270898));
#2826=CARTESIAN_POINT('',(9.26585274357248,20.8445872700481,0.732228768338977));
#2827=CARTESIAN_POINT('',(3.37855723358622,0.,-0.389006210105711));
#2828=CARTESIAN_POINT('',(3.36101286323475,0.,-0.390130600072068));
#2829=CARTESIAN_POINT('',(3.34346427484503,0.,-0.391188369918031));
#2830=CARTESIAN_POINT('',(9.25974123412307,20.8448794472247,0.731525879585879));
#2831=CARTESIAN_POINT('',(9.25362972467365,20.8451716244013,0.730822990832782));
#2832=CARTESIAN_POINT('',(9.24751552160862,20.8454472573317,0.730142645258508));
#2833=CARTESIAN_POINT('',(3.32591199914678,0.,-0.392179388522753));
#2834=CARTESIAN_POINT('',(3.31713586129766,0.,-0.392674897825114));
#2835=CARTESIAN_POINT('',(3.30835885253341,0.,-0.393152091749007));
#2836=CARTESIAN_POINT('',(9.24139880802817,20.8457063130573,0.729484897098009));
#2837=CARTESIAN_POINT('',(9.23834045123795,20.8458358409201,0.729156023017759));
#2838=CARTESIAN_POINT('',(9.2352814548246,20.8459608201831,0.728833351851791));
#2839=CARTESIAN_POINT('',(3.29958023837782,0.,-0.39360076796535));
#2840=CARTESIAN_POINT('',(3.29080162422224,0.,-0.394049444181694));
#2841=CARTESIAN_POINT('',(3.28202183505411,0.,-0.394476738777469));
#2842=CARTESIAN_POINT('',(9.23222137534411,20.8460787172946,0.728520334284294));
#2843=CARTESIAN_POINT('',(9.22916129586363,20.8461966144061,0.728207316716797));
#2844=CARTESIAN_POINT('',(9.22610041435156,20.8463092015369,0.727901537618113));
#2845=CARTESIAN_POINT('',(3.27324191964023,0.,-0.394901736037788));
#2846=CARTESIAN_POINT('',(3.26446200422636,0.,-0.395326733298107));
#2847=CARTESIAN_POINT('',(3.25568196435194,0.,-0.3957494339358));
#2848=CARTESIAN_POINT('',(9.22303944666665,20.84642121814,0.72759653625244));
#2849=CARTESIAN_POINT('',(9.21997847898174,20.8465332347432,0.727291534886766));
#2850=CARTESIAN_POINT('',(9.21691742576101,20.8466446809943,0.726987311044741));
#2851=CARTESIAN_POINT('',(3.24690284341405,0.,-0.396188920094633));
#2852=CARTESIAN_POINT('',(3.23812372247616,0.,-0.396628406253467));
#2853=CARTESIAN_POINT('',(3.22934534873404,0.,-0.397084510702757));
#2854=CARTESIAN_POINT('',(9.21385700094719,20.8467602958186,0.72667740461936));
#2855=CARTESIAN_POINT('',(9.21079657613337,20.8468759106428,0.726367498193979));
#2856=CARTESIAN_POINT('',(9.20773671663904,20.846995652629,0.726051962823884));
#2857=CARTESIAN_POINT('',(3.22056686240456,0.,-0.397538111189688));
#2858=CARTESIAN_POINT('',(3.20300988974561,0.,-0.39844531216355));
#2859=CARTESIAN_POINT('',(3.18545206034002,0.,-0.399333458600554));
#2860=CARTESIAN_POINT('',(9.2046767719639,20.8471147727547,0.725737275595458));
#2861=CARTESIAN_POINT('',(9.19855688261361,20.8473530130061,0.725107901138605));
#2862=CARTESIAN_POINT('',(9.19243634506373,20.8475865210524,0.724484980831248));
#2863=CARTESIAN_POINT('',(3.16788781111242,0.,-0.400078823662065));
#2864=CARTESIAN_POINT('',(3.15032356188483,0.,-0.400824188723576));
#2865=CARTESIAN_POINT('',(3.13275461326785,0.,-0.401465036210835));
#2866=CARTESIAN_POINT('',(9.18631095037263,20.8477845692623,0.723910423407895));
#2867=CARTESIAN_POINT('',(9.18018555568153,20.8479826174723,0.723335865984543));
#2868=CARTESIAN_POINT('',(9.1740566055058,20.8481547086828,0.722796710736602));
#2869=CARTESIAN_POINT('',(3.11518784672511,0.,-0.402154414217877));
#2870=CARTESIAN_POINT('',(3.09762108018237,0.,-0.402843792224919));
#2871=CARTESIAN_POINT('',(3.08005725817626,0.,-0.403610212373243));
#2872=CARTESIAN_POINT('',(9.16792930624831,20.8483388524756,0.722241117239279));
#2873=CARTESIAN_POINT('',(9.16180200699083,20.8485229962685,0.721685523741955));
#2874=CARTESIAN_POINT('',(9.15567714698774,20.8487262739031,0.721103825035333));
#2875=CARTESIAN_POINT('',(3.06249108467036,0.,-0.404312595548549));
#2876=CARTESIAN_POINT('',(3.05370799791742,0.,-0.404663787136202));
#2877=CARTESIAN_POINT('',(3.04492429515172,0.,-0.404997363667566));
#2878=CARTESIAN_POINT('',(9.14955029303821,20.8489136475309,0.720543826581297));
#2879=CARTESIAN_POINT('',(9.14648686606345,20.8490073343448,0.720263827354279));
#2880=CARTESIAN_POINT('',(9.14342290137657,20.84909664632,0.719989797917623));
#2881=CARTESIAN_POINT('',(3.03613937603432,0.,-0.405296158218068));
#2882=CARTESIAN_POINT('',(3.02735445691692,0.,-0.405594952768569));
#2883=CARTESIAN_POINT('',(3.01856845909004,0.,-0.405862901266944));
#2884=CARTESIAN_POINT('',(9.14035787494583,20.8491773199148,0.719727556188675));
#2885=CARTESIAN_POINT('',(9.13729284851508,20.8492579935096,0.719465314459728));
#2886=CARTESIAN_POINT('',(9.13422688048734,20.8493310062432,0.719213526541557));
#2887=CARTESIAN_POINT('',(3.00978205296273,0.,-0.406119174322263));
#2888=CARTESIAN_POINT('',(2.9922092407081,0.,-0.406631720432901));
#2889=CARTESIAN_POINT('',(2.97463546272685,0.,-0.407112759938609));
#2890=CARTESIAN_POINT('',(9.13116055605814,20.849401119288,0.718965695462696));
#2891=CARTESIAN_POINT('',(9.12502790719975,20.8495413453777,0.718470033304975));
#2892=CARTESIAN_POINT('',(9.11889434414407,20.8496737464525,0.717985051311859));
#2893=CARTESIAN_POINT('',(2.95706378678842,0.,-0.407664778305915));
#2894=CARTESIAN_POINT('',(2.93949211084999,0.,-0.408216796673221));
#2895=CARTESIAN_POINT('',(2.92192111845854,0.,-0.408796179080516));
#2896=CARTESIAN_POINT('',(9.11276281490059,20.849823775969,0.717476007432297));
#2897=CARTESIAN_POINT('',(9.10663128565711,20.8499738054856,0.716966963552734));
#2898=CARTESIAN_POINT('',(9.10050049616345,20.8501306312791,0.716448640921897));
#2899=CARTESIAN_POINT('',(2.90434697410674,0.,-0.40924937875506));
#2900=CARTESIAN_POINT('',(2.88677282975493,0.,-0.409702578429603));
#2901=CARTESIAN_POINT('',(2.86919517572281,0.,-0.410015274431757));
#2902=CARTESIAN_POINT('',(9.09436629550881,20.850256117665,0.715973105036713));
#2903=CARTESIAN_POINT('',(9.08823209485417,20.850381604051,0.71549756915153));
#2904=CARTESIAN_POINT('',(9.08209409589605,20.8504721942054,0.715069676036323));
#2905=CARTESIAN_POINT('',(2.85161778857802,0.,-0.4103386547547));
#2906=CARTESIAN_POINT('',(2.84282909500563,0.,-0.410500344916172));
#2907=CARTESIAN_POINT('',(2.8340406373928,0.,-0.410671481300369));
#2908=CARTESIAN_POINT('',(9.07595638577257,20.850565437974,0.714638160021961));
#2909=CARTESIAN_POINT('',(9.07288753071083,20.8506120598583,0.71442240201478));
#2910=CARTESIAN_POINT('',(9.06981893101329,20.8506610278562,0.714203440929634));
#2911=CARTESIAN_POINT('',(2.82525226857029,0.,-0.410846172248877));
#2912=CARTESIAN_POINT('',(2.81646389974778,0.,-0.411020863197386));
#2913=CARTESIAN_POINT('',(2.80767561971559,0.,-0.411199108710206));
#2914=CARTESIAN_POINT('',(9.06675042740795,20.8507108786843,0.713983274542965));
#2915=CARTESIAN_POINT('',(9.06368192380261,20.8507607295125,0.713763108156297));
#2916=CARTESIAN_POINT('',(9.06061351628948,20.850811463171,0.713541736468106));
#2917=CARTESIAN_POINT('',(2.79888728130448,0.,-0.411375017128924));
#2918=CARTESIAN_POINT('',(2.78131060448226,0.,-0.411726833966362));
#2919=CARTESIAN_POINT('',(2.76373375875818,0.,-0.412067381465415));
#2920=CARTESIAN_POINT('',(9.05754504559656,20.8508616163765,0.713321157254836));
#2921=CARTESIAN_POINT('',(9.05140810421071,20.8509619227875,0.712879998828297));
#2922=CARTESIAN_POINT('',(9.04527089753057,20.8510594302035,0.712442663732813));
#2923=CARTESIAN_POINT('',(2.74615749392527,0.,-0.412446687355432));
#2924=CARTESIAN_POINT('',(2.72858122909235,0.,-0.412825993245449));
#2925=CARTESIAN_POINT('',(2.71100521386779,0.,-0.413221953601445));
#2926=CARTESIAN_POINT('',(9.03913460326809,20.8511665641421,0.711992179137624));
#2927=CARTESIAN_POINT('',(9.03299830900561,20.8512736980808,0.711541694542435));
#2928=CARTESIAN_POINT('',(9.02686240680853,20.8513849685326,0.711085559612176));
#2929=CARTESIAN_POINT('',(2.69342714892175,0.,-0.413481152669962));
#2930=CARTESIAN_POINT('',(2.68463811644872,0.,-0.413610752204221));
#2931=CARTESIAN_POINT('',(2.67584859108679,0.,-0.413707465477304));
#2932=CARTESIAN_POINT('',(9.02072328508711,20.8514622712268,0.7106758234734));
#2933=CARTESIAN_POINT('',(9.01765372422639,20.8515009225739,0.710470955404012));
#2934=CARTESIAN_POINT('',(9.0145833891826,20.8515314058745,0.710277244605771));
#2935=CARTESIAN_POINT('',(2.66705886081894,0.,-0.413790507009448));
#2936=CARTESIAN_POINT('',(2.65826913055108,0.,-0.413873548541591));
#2937=CARTESIAN_POINT('',(2.64947919537732,0.,-0.413942918332795));
#2938=CARTESIAN_POINT('',(9.01151273228984,20.8515584934892,0.710088172198042));
#2939=CARTESIAN_POINT('',(9.00844207539707,20.8515855811039,0.709899099790313));
#2940=CARTESIAN_POINT('',(9.00537109665533,20.8516092730327,0.709714665773097));
#2941=CARTESIAN_POINT('',(2.64068934328063,0.,-0.414017830903295));
#2942=CARTESIAN_POINT('',(2.63189949118394,0.,-0.414092743473794));
#2943=CARTESIAN_POINT('',(2.62310982004366,0.,-0.414184454118875));
#2944=CARTESIAN_POINT('',(9.00230024839872,20.8516343416359,0.709528351265757));
#2945=CARTESIAN_POINT('',(8.9992294001421,20.8516594102392,0.709342036758418));
#2946=CARTESIAN_POINT('',(8.99615892258416,20.8516886510762,0.709150021898225));
#2947=CARTESIAN_POINT('',(2.61432020907671,0.,-0.41428168226851));
#2948=CARTESIAN_POINT('',(2.60553059810976,0.,-0.414378910418145));
#2949=CARTESIAN_POINT('',(2.59674104731614,0.,-0.414481656072333));
#2950=CARTESIAN_POINT('',(8.99308856704346,20.8517192623267,0.708956134710563));
#2951=CARTESIAN_POINT('',(8.99001821150276,20.8517498735771,0.708762247522902));
#2952=CARTESIAN_POINT('',(8.98694797797929,20.8517818552412,0.708566488007773));
#2953=CARTESIAN_POINT('',(2.58795143591278,0.,-0.414578638661047));
#2954=CARTESIAN_POINT('',(2.57916182450942,0.,-0.414675621249761));
#2955=CARTESIAN_POINT('',(2.57037216106753,0.,-0.414762187515677));
#2956=CARTESIAN_POINT('',(8.98387761779162,20.8518124054987,0.70837268419056));
#2957=CARTESIAN_POINT('',(8.98080725760394,20.8518429557562,0.708178880373348));
#2958=CARTESIAN_POINT('',(8.97773668858044,20.8518709188079,0.707988612390833));
#2959=CARTESIAN_POINT('',(2.56158234956062,0.,-0.414819115108883));
#2960=CARTESIAN_POINT('',(2.55279253805371,0.,-0.414876042702089));
#2961=CARTESIAN_POINT('',(2.54400255360709,0.,-0.414898352549703));
#2962=CARTESIAN_POINT('',(8.97466552533614,20.8518915202075,0.707808405295492));
#2963=CARTESIAN_POINT('',(8.97159436209183,20.8519121216071,0.707628198200151));
#2964=CARTESIAN_POINT('',(8.96852250480181,20.8519241246526,0.707459742144931));
#2965=CARTESIAN_POINT('',(2.53521247138653,0.,-0.414901091129943));
#2966=CARTESIAN_POINT('',(2.51763230694541,0.,-0.414906568290424));
#2967=CARTESIAN_POINT('',(2.50005187922424,0.,-0.414841047511629));
#2968=CARTESIAN_POINT('',(8.96545025512989,20.8519312665877,0.707297929582609));
#2969=CARTESIAN_POINT('',(8.95930575578605,20.851945550458,0.706974304457964));
#2970=CARTESIAN_POINT('',(8.95315986496317,20.8519421997962,0.706674781351872));
#2971=CARTESIAN_POINT('',(2.4824716344969,0.,-0.414851641256359));
#2972=CARTESIAN_POINT('',(2.46489138976956,0.,-0.414862235001089));
#2973=CARTESIAN_POINT('',(2.4473108769362,0.,-0.414926495560791));
#2974=CARTESIAN_POINT('',(8.94701543120535,20.8519577546011,0.706349417458555));
#2975=CARTESIAN_POINT('',(8.94087099744753,20.8519733094061,0.706024053565238));
#2976=CARTESIAN_POINT('',(8.93472745223201,20.8520021943662,0.705680462585575));
#2977=CARTESIAN_POINT('',(2.42973086430092,0.,-0.41489063140661));
#2978=CARTESIAN_POINT('',(2.41215085166564,0.,-0.414854767252429));
#2979=CARTESIAN_POINT('',(2.39457154578415,0.,-0.414677430679742));
#2980=CARTESIAN_POINT('',(8.92858224928734,20.8520062096192,0.705370877384087));
#2981=CARTESIAN_POINT('',(8.92243704634267,20.8520102248722,0.705061292182599));
#2982=CARTESIAN_POINT('',(8.91628950108717,20.8519791001735,0.70479975585418));
#2983=CARTESIAN_POINT('',(2.376992372358,0.,-0.414473581497315));
#2984=CARTESIAN_POINT('',(2.35941319893185,0.,-0.414269732314888));
#2985=CARTESIAN_POINT('',(2.34183391585248,0.,-0.414087835686642));
#2986=CARTESIAN_POINT('',(8.91014151687359,20.8519413900793,0.704547224115135));
#2987=CARTESIAN_POINT('',(8.90399353266001,20.851903679985,0.704294692376089));
#2988=CARTESIAN_POINT('',(8.89784591191272,20.8518714226264,0.704034704798929));
#2989=CARTESIAN_POINT('',(2.32425460303716,0.,-0.413911896354684));
#2990=CARTESIAN_POINT('',(2.30667529022185,0.,-0.413735957022726));
#2991=CARTESIAN_POINT('',(2.28909617145348,0.,-0.413547069988889));
#2992=CARTESIAN_POINT('',(8.89169838980707,20.8518406449845,0.703772693920608));
#2993=CARTESIAN_POINT('',(8.88555086770142,20.8518098673425,0.703510683042286));
#2994=CARTESIAN_POINT('',(8.87940317644026,20.8517758735608,0.703253072014181));
#2995=CARTESIAN_POINT('',(2.27151659844509,0.,-0.413388493557028));
#2996=CARTESIAN_POINT('',(2.2539370254367,0.,-0.413229917125166));
#2997=CARTESIAN_POINT('',(2.23635680985786,0.,-0.413114216149535));
#2998=CARTESIAN_POINT('',(8.87325588118108,20.8517494087703,0.702985160926334));
#2999=CARTESIAN_POINT('',(8.86710858592189,20.8517229439797,0.702717249838486));
#3000=CARTESIAN_POINT('',(8.86096185081105,20.8517071292227,0.702434768938454));
#3001=CARTESIAN_POINT('',(2.21877825576484,0.,-0.412887655908512));
#3002=CARTESIAN_POINT('',(2.20119970167183,0.,-0.412661095667488));
#3003=CARTESIAN_POINT('',(2.18362331311997,0.,-0.412290044460454));
#3004=CARTESIAN_POINT('',(8.85481366739122,20.8516637776181,0.702189959910764));
#3005=CARTESIAN_POINT('',(8.84866548397139,20.8516204260136,0.701945150883073));
#3006=CARTESIAN_POINT('',(8.84251541286675,20.8515411836271,0.70174944235427));
#3007=CARTESIAN_POINT('',(2.16604707415668,0.,-0.411909012483612));
#3008=CARTESIAN_POINT('',(2.1484708351934,0.,-0.411527980506769));
#3009=CARTESIAN_POINT('',(2.13089413805824,0.,-0.411177518886779));
#3010=CARTESIAN_POINT('',(8.83636521137059,20.8514594620709,0.701557125461625));
#3011=CARTESIAN_POINT('',(8.83021500987443,20.8513777405146,0.701364808568981));
#3012=CARTESIAN_POINT('',(8.8240652077602,20.8513036124713,0.701162103346739));
#3013=CARTESIAN_POINT('',(2.11331746121592,0.,-0.410825703055064));
#3014=CARTESIAN_POINT('',(2.09574078437359,0.,-0.410473887223349));
#3015=CARTESIAN_POINT('',(2.07816445633137,0.,-0.410108107640911));
#3016=CARTESIAN_POINT('',(8.81791538795291,20.851229148049,0.700959858308718));
#3017=CARTESIAN_POINT('',(8.81176556814562,20.8511546836267,0.700757613270698));
#3018=CARTESIAN_POINT('',(8.80561561467548,20.851076750581,0.700560115907345));
#3019=CARTESIAN_POINT('',(2.06058721596258,0.,-0.409778850509051));
#3020=CARTESIAN_POINT('',(2.04300997559378,0.,-0.40944959337719));
#3021=CARTESIAN_POINT('',(2.02543193241369,0.,-0.409152474711948));
#3022=CARTESIAN_POINT('',(8.79946601079133,20.8510078897846,0.700350200911696));
#3023=CARTESIAN_POINT('',(8.79331640690719,20.8509390289882,0.700140285916047));
#3024=CARTESIAN_POINT('',(8.78716711064772,20.8508781514509,0.69991944384261));
#3025=CARTESIAN_POINT('',(2.00785692243528,0.,-0.408733927682395));
#3026=CARTESIAN_POINT('',(1.99906941744608,0.,-0.408524654167619));
#3027=CARTESIAN_POINT('',(1.99028280426955,0.,-0.408279678479903));
#3028=CARTESIAN_POINT('',(8.78101665207627,20.8507871108664,0.699739887408863));
#3029=CARTESIAN_POINT('',(8.77794142279055,20.8507415905742,0.699650109191989));
#3030=CARTESIAN_POINT('',(8.77486585176218,20.8506872017912,0.699572469712606));
#3031=CARTESIAN_POINT('',(1.98149662214159,0.,-0.408017446561698));
#3032=CARTESIAN_POINT('',(1.97271044001363,0.,-0.407755214643493));
#3033=CARTESIAN_POINT('',(1.96392468893423,0.,-0.407475726494798));
#3034=CARTESIAN_POINT('',(8.77179011555691,20.8506285265263,0.69950069735098));
#3035=CARTESIAN_POINT('',(8.76871437935165,20.8505698512613,0.699428924989355));
#3036=CARTESIAN_POINT('',(8.76563847796949,20.8505068895145,0.699363019745486));
#3037=CARTESIAN_POINT('',(1.95513890813927,0.,-0.407197428058062));
#3038=CARTESIAN_POINT('',(1.94635312734431,0.,-0.406919129621326));
#3039=CARTESIAN_POINT('',(1.93756731200247,0.,-0.406643883811732));
#3040=CARTESIAN_POINT('',(8.76256258797618,20.8504442232944,0.699296709999642));
#3041=CARTESIAN_POINT('',(8.75948669798287,20.8503815570743,0.699230400253797));
#3042=CARTESIAN_POINT('',(8.75641085178625,20.8503196491022,0.69916305337816));
#3043=CARTESIAN_POINT('',(1.92878094947579,0.,-0.406386363602487));
#3044=CARTESIAN_POINT('',(1.91999458694911,0.,-0.406128843393241));
#3045=CARTESIAN_POINT('',(1.91120778188728,0.,-0.405883977396434));
#3046=CARTESIAN_POINT('',(8.75333513876547,20.8502621442813,0.699089677888007));
#3047=CARTESIAN_POINT('',(8.75025942574469,20.8502046394603,0.699016302397854));
#3048=CARTESIAN_POINT('',(8.74718378965642,20.8501502780638,0.698938622161687));
#3049=CARTESIAN_POINT('',(1.90242120463008,0.,-0.405632597232433));
#3050=CARTESIAN_POINT('',(1.88484805011567,0.,-0.405129836904431));
#3051=CARTESIAN_POINT('',(1.86727646907134,0.,-0.404582082899775));
#3052=CARTESIAN_POINT('',(8.74410811396299,20.8500942984874,0.698863157933375));
#3053=CARTESIAN_POINT('',(8.73795676257613,20.8499823393346,0.698712229476752));
#3054=CARTESIAN_POINT('',(8.73180513763866,20.8498592033326,0.698576607096779));
#3055=CARTESIAN_POINT('',(1.84970955871141,0.,-0.403900769951896));
#3056=CARTESIAN_POINT('',(1.83214264835148,0.,-0.403219457004016));
#3057=CARTESIAN_POINT('',(1.81457883530137,0.,-0.402449575911575));
#3058=CARTESIAN_POINT('',(8.72565270069739,20.8497028900426,0.69848641917736));
#3059=CARTESIAN_POINT('',(8.71950026375611,20.8495465767525,0.69839623125794));
#3060=CARTESIAN_POINT('',(8.71334728834232,20.8493682623088,0.698336172701374));
#3061=CARTESIAN_POINT('',(1.79701275863466,0.,-0.401744423550028));
#3062=CARTESIAN_POINT('',(1.77944668196794,0.,-0.401039271188481));
#3063=CARTESIAN_POINT('',(1.76187754058642,0.,-0.400403133373988));
#3064=CARTESIAN_POINT('',(8.70719470646569,20.8492060270859,0.6982540945415));
#3065=CARTESIAN_POINT('',(8.70104212458906,20.849043791863,0.698172016381627));
#3066=CARTESIAN_POINT('',(8.69488973469286,20.8488987009765,0.698066448738232));
#3067=CARTESIAN_POINT('',(1.74431215062141,0.,-0.399683139626337));
#3068=CARTESIAN_POINT('',(1.72674676065639,0.,-0.398963145878685));
#3069=CARTESIAN_POINT('',(1.70918718172597,0.,-0.398113910785452));
#3070=CARTESIAN_POINT('',(8.68873712119323,20.8487327788915,0.697989422432308));
#3071=CARTESIAN_POINT('',(8.68258450769361,20.8485668568065,0.697912396126385));
#3072=CARTESIAN_POINT('',(8.67643155978802,20.8483688290158,0.697879359143478));
#3073=CARTESIAN_POINT('',(1.69162996350354,0.,-0.397212171921889));
#3074=CARTESIAN_POINT('',(1.68285135439233,0.,-0.396761302490107));
#3075=CARTESIAN_POINT('',(1.67407308936962,0.,-0.396302780302613));
#3076=CARTESIAN_POINT('',(8.67027847603097,20.8481577584129,0.697864192643888));
#3077=CARTESIAN_POINT('',(8.66720193415245,20.8480522231115,0.697856609394093));
#3078=CARTESIAN_POINT('',(8.66412537247287,20.8479447867379,0.697851630879973));
#3079=CARTESIAN_POINT('',(1.66529430857664,0.,-0.39585572922134));
#3080=CARTESIAN_POINT('',(1.65651552778366,0.,-0.395408678140067));
#3081=CARTESIAN_POINT('',(1.64773593430021,0.,-0.39497861452433));
#3082=CARTESIAN_POINT('',(8.66104884047465,20.8478401999784,0.697842747994603));
#3083=CARTESIAN_POINT('',(8.65797230847643,20.8477356132188,0.697833865109232));
#3084=CARTESIAN_POINT('',(8.65489580334491,20.847635246465,0.697819199378205));
#3085=CARTESIAN_POINT('',(1.6389560269339,0.,-0.394553470827604));
#3086=CARTESIAN_POINT('',(1.6213962122013,0.,-0.393703183434151));
#3087=CARTESIAN_POINT('',(1.60383581449294,0.,-0.392863504360386));
#3088=CARTESIAN_POINT('',(8.65181927855346,20.8475361019693,0.697802857379306));
#3089=CARTESIAN_POINT('',(8.64566622897057,20.8473378129778,0.697770173381507));
#3090=CARTESIAN_POINT('',(8.63951316978808,20.8471421593477,0.697733876735345));
#3091=CARTESIAN_POINT('',(1.58628309694819,0.,-0.391884069940361));
#3092=CARTESIAN_POINT('',(1.56873037940344,0.,-0.390904635520336));
#3093=CARTESIAN_POINT('',(1.5511845691105,0.,-0.389799510333865));
#3094=CARTESIAN_POINT('',(8.63336023706039,20.8469117871323,0.69774517357537));
#3095=CARTESIAN_POINT('',(8.6272073043327,20.8466814149169,0.697756470415395));
#3096=CARTESIAN_POINT('',(8.62105448533304,20.8464198180956,0.697810571068737));
#3097=CARTESIAN_POINT('',(1.53363728017435,0.,-0.38872129191173));
#3098=CARTESIAN_POINT('',(1.52486363570628,0.,-0.388182182700663));
#3099=CARTESIAN_POINT('',(1.51608946954898,0.,-0.387652566624585));
#3100=CARTESIAN_POINT('',(8.6149016419875,20.846164905561,0.697855508661417));
#3101=CARTESIAN_POINT('',(8.61182522031472,20.8460374492937,0.697877977457757));
#3102=CARTESIAN_POINT('',(8.60874879005221,20.8459123513491,0.697897213380353));
#3103=CARTESIAN_POINT('',(1.50731513540976,0.,-0.387126007301962));
#3104=CARTESIAN_POINT('',(1.49854080127053,0.,-0.386599447979338));
#3105=CARTESIAN_POINT('',(1.48976629914939,0.,-0.38607594541017));
#3106=CARTESIAN_POINT('',(8.60567235702383,20.8457880127756,0.697915408329868));
#3107=CARTESIAN_POINT('',(8.60259592399546,20.845663674202,0.697933603279383));
#3108=CARTESIAN_POINT('',(8.59951948820124,20.8455400949995,0.697950757255816));
#3109=CARTESIAN_POINT('',(1.48099198275363,0.,-0.385549063212922));
#3110=CARTESIAN_POINT('',(1.46344334996211,0.,-0.384495298818427));
#3111=CARTESIAN_POINT('',(1.44589501412631,0.,-0.383436962023096));
#3112=CARTESIAN_POINT('',(8.59644305546505,20.8454156762161,0.697969062159831));
#3113=CARTESIAN_POINT('',(8.59029018999267,20.8451668386494,0.698005671967861));
#3114=CARTESIAN_POINT('',(8.58413734462441,20.8449168651549,0.698043839736665));
#3115=CARTESIAN_POINT('',(1.42834449074592,0.,-0.382412307660145));
#3116=CARTESIAN_POINT('',(1.41079396736552,0.,-0.381387653297194));
#3117=CARTESIAN_POINT('',(1.39324356611506,0.,-0.380361118421988));
#3118=CARTESIAN_POINT('',(8.5779843511492,20.8446752594332,0.698070530840831));
#3119=CARTESIAN_POINT('',(8.57183135767398,20.8444336537115,0.698097221944998));
#3120=CARTESIAN_POINT('',(8.56567837246694,20.8441915808115,0.698124553798827));
#3121=CARTESIAN_POINT('',(1.37570245791665,0.,-0.379191494683043));
#3122=CARTESIAN_POINT('',(1.36693190381745,0.,-0.378606682813571));
#3123=CARTESIAN_POINT('',(1.35816322972709,0.,-0.377992923677976));
#3124=CARTESIAN_POINT('',(8.55952601643713,20.8439139601493,0.698200640530915));
#3125=CARTESIAN_POINT('',(8.55644983842222,20.8437751498183,0.698238683896959));
#3126=CARTESIAN_POINT('',(8.55337378769128,20.8436291480783,0.698286590507399));
#3127=CARTESIAN_POINT('',(1.34939520054854,0.,-0.377369234579685));
#3128=CARTESIAN_POINT('',(1.34062717136999,0.,-0.376745545481393));
#3129=CARTESIAN_POINT('',(1.33185978710327,0.,-0.376111926420405));
#3130=CARTESIAN_POINT('',(8.55029778062356,20.843480679424,0.698337880568588));
#3131=CARTESIAN_POINT('',(8.54722177355584,20.8433322107698,0.698389170629777));
#3132=CARTESIAN_POINT('',(8.54414581015133,20.8431812752014,0.698443844141715));
#3133=CARTESIAN_POINT('',(1.32309181265135,0.,-0.375487394700145));
#3134=CARTESIAN_POINT('',(1.30555586374751,0.,-0.374238331259626));
#3135=CARTESIAN_POINT('',(1.28801463184986,0.,-0.373064329860939));
#3136=CARTESIAN_POINT('',(8.5410698067893,20.8430325972134,0.698495421310753));
#3137=CARTESIAN_POINT('',(8.53491780006523,20.8427352412375,0.698598575648829));
#3138=CARTESIAN_POINT('',(8.52876532067697,20.8424565333273,0.698676146519616));
#3139=CARTESIAN_POINT('',(1.27047667818563,0.,-0.37184474710413));
#3140=CARTESIAN_POINT('',(1.25293872452141,0.,-0.370625164347321));
#3141=CARTESIAN_POINT('',(1.23540758028495,0.,-0.369314564324466));
#3142=CARTESIAN_POINT('',(8.52261315282892,20.8421665013443,0.698769254211911));
#3143=CARTESIAN_POINT('',(8.51646098498088,20.8418764693612,0.698862361904206));
#3144=CARTESIAN_POINT('',(8.51030953129001,20.8415638251739,0.698986498482833));
#3145=CARTESIAN_POINT('',(1.21788141545193,0.,-0.367933850748824));
#3146=CARTESIAN_POINT('',(1.20035525061892,0.,-0.366553137173182));
#3147=CARTESIAN_POINT('',(1.18283321369928,0.,-0.365119354901945));
#3148=CARTESIAN_POINT('',(8.50415853472372,20.8412337622678,0.699134532748509));
#3149=CARTESIAN_POINT('',(8.49800753815743,20.8409036993616,0.699282567014184));
#3150=CARTESIAN_POINT('',(8.49185701307166,20.840560452026,0.699448695924191));
#3151=CARTESIAN_POINT('',(1.16531992217248,0.,-0.363587802047267));
#3152=CARTESIAN_POINT('',(1.15656327640907,0.,-0.362822025619928));
#3153=CARTESIAN_POINT('',(1.14780888389015,0.,-0.362029718364667));
#3154=CARTESIAN_POINT('',(8.48570775519514,20.8401929136495,0.699648182194146));
#3155=CARTESIAN_POINT('',(8.48263312625688,20.8400091444613,0.699747925329123));
#3156=CARTESIAN_POINT('',(8.47955879928296,20.8398187837934,0.699856718055605));
#3157=CARTESIAN_POINT('',(1.13905514163856,0.,-0.361229754545569));
#3158=CARTESIAN_POINT('',(1.13030139938698,0.,-0.360429790726472));
#3159=CARTESIAN_POINT('',(1.12154830740275,0.,-0.359622170343537));
#3160=CARTESIAN_POINT('',(8.47648455945357,20.8396265208824,0.699968122414699));
#3161=CARTESIAN_POINT('',(8.47341031962418,20.8394342579715,0.700079526773793));
#3162=CARTESIAN_POINT('',(8.47033616693932,20.8392400928174,0.700193542765499));
#3163=CARTESIAN_POINT('',(1.11279426270873,0.,-0.35882576766085));
#3164=CARTESIAN_POINT('',(1.10404021801471,0.,-0.358029364978163));
#3165=CARTESIAN_POINT('',(1.09528443576656,0.,-0.357252000059146));
#3166=CARTESIAN_POINT('',(8.46726188657918,20.8390487146568,0.700303732430926));
#3167=CARTESIAN_POINT('',(8.46418760621905,20.8388573364961,0.700413922096353));
#3168=CARTESIAN_POINT('',(8.46111306699439,20.8386706882815,0.700517615824655));
#3169=CARTESIAN_POINT('',(1.08652845935472,0.,-0.356476887055894));
#3170=CARTESIAN_POINT('',(1.07777248294287,0.,-0.355701774052642));
#3171=CARTESIAN_POINT('',(1.06901631236734,0.,-0.354928912965155));
#3172=CARTESIAN_POINT('',(8.45803850112211,20.8384845995487,0.700620541377501));
#3173=CARTESIAN_POINT('',(8.45496393524983,20.8382985108158,0.700723466930346));
#3174=CARTESIAN_POINT('',(8.45188934272992,20.8381129815647,0.700825624307734));
#3175=CARTESIAN_POINT('',(1.06026149101855,0.,-0.354141517945528));
#3176=CARTESIAN_POINT('',(1.04275184832096,0.,-0.352566727906273));
#3177=CARTESIAN_POINT('',(1.0252513246248,0.,-0.350895131799352));
#3178=CARTESIAN_POINT('',(8.44881495577929,20.837923841331,0.700932741271331));
#3179=CARTESIAN_POINT('',(8.44266618187804,20.8375455608635,0.701146975198527));
#3180=CARTESIAN_POINT('',(8.43651882342258,20.8371432286505,0.701394245829374));
#3181=CARTESIAN_POINT('',(1.00775668293905,0.,-0.349159443593188));
#3182=CARTESIAN_POINT('',(0.990262041253295,0.,-0.347423755387024));
#3183=CARTESIAN_POINT('',(0.972773939693662,0.,-0.345622208075038));
#3184=CARTESIAN_POINT('',(8.43037234777907,20.8367249726856,0.701663386126417));
#3185=CARTESIAN_POINT('',(8.42422587213555,20.8363067167207,0.701932526423459));
#3186=CARTESIAN_POINT('',(8.41808047698678,20.8358720976246,0.702224148406343));
#3187=CARTESIAN_POINT('',(0.955292911701614,0.,-0.343755043653421));
#3188=CARTESIAN_POINT('',(0.937811883709567,0.,-0.341887879231803));
#3189=CARTESIAN_POINT('',(0.920337929285103,0.,-0.339955097700554));
#3190=CARTESIAN_POINT('',(8.4119363532098,20.8354211751131,0.702538179670457));
#3191=CARTESIAN_POINT('',(8.40579222943282,20.8349702526015,0.702852210934571));
#3192=CARTESIAN_POINT('',(8.39964937702765,20.8345030266745,0.703188651479916));
#3193=CARTESIAN_POINT('',(0.90287158186969,0.,-0.337956941055862));
#3194=CARTESIAN_POINT('',(0.894138408161984,0.,-0.336957862733516));
#3195=CARTESIAN_POINT('',(0.885407072015814,0.,-0.335942402663117));
#3196=CARTESIAN_POINT('',(8.39350798687134,20.8340195570477,0.70354742890188));
#3197=CARTESIAN_POINT('',(8.39043729179319,20.8337778222344,0.703726817612862));
#3198=CARTESIAN_POINT('',(8.38736693914643,20.8335320171122,0.703911802260467));
#3199=CARTESIAN_POINT('',(0.876677639294251,0.,-0.334910596966168));
#3200=CARTESIAN_POINT('',(0.867948206572688,0.,-0.333878791269218));
#3201=CARTESIAN_POINT('',(0.859220677275733,0.,-0.332830639945717));
#3202=CARTESIAN_POINT('',(8.38429695261258,20.8332821506048,0.704102371785374));
#3203=CARTESIAN_POINT('',(8.38122696607872,20.8330322840975,0.704292941310282));
#3204=CARTESIAN_POINT('',(8.37815734565778,20.8327783562049,0.704489095712493));
#3205=CARTESIAN_POINT('',(0.850495117266456,0.,-0.331766179117165));
#3206=CARTESIAN_POINT('',(0.833043997247903,0.,-0.329637257460061));
#3207=CARTESIAN_POINT('',(0.815600754380064,0.,-0.327443097782754));
#3208=CARTESIAN_POINT('',(8.37508811503124,20.8325203758506,0.704690823932689));
#3209=CARTESIAN_POINT('',(8.36894965377818,20.8320044151422,0.705094280373079));
#3210=CARTESIAN_POINT('',(8.36281275170279,20.8314722445871,0.705520032085407));
#3211=CARTESIAN_POINT('',(0.798165915567508,0.,-0.325183989057248));
#3212=CARTESIAN_POINT('',(0.763296237942397,0.,-0.320665771606235));
#3213=CARTESIAN_POINT('',(0.728460176538419,0.,-0.315887757962427));
#3214=CARTESIAN_POINT('',(8.35667759825714,20.8309239355741,0.705967990595119));
#3215=CARTESIAN_POINT('',(8.34440729136585,20.829827317548,0.706863907614543));
#3216=CARTESIAN_POINT('',(8.33214397899357,20.82866614569,0.707848651823504));
#3217=CARTESIAN_POINT('',(0.693661946592129,0.,-0.310852259901859));
#3218=CARTESIAN_POINT('',(0.676262831618983,0.,-0.308334510871576));
#3219=CARTESIAN_POINT('',(0.658872636032674,0.,-0.305752074139104));
#3220=CARTESIAN_POINT('',(8.31988917675695,20.8274409911085,0.708921515425584));
#3221=CARTESIAN_POINT('',(8.31376177563864,20.8268284138178,0.709457947226624));
#3222=CARTESIAN_POINT('',(8.30763630805154,20.8261997626044,0.710016506518884));
#3223=CARTESIAN_POINT('',(0.641492326210304,0.,-0.303105576063689));
#3224=CARTESIAN_POINT('',(0.632802171299119,0.,-0.301782327025982));
#3225=CARTESIAN_POINT('',(0.624115320906845,0.,-0.30043905609664));
#3226=CARTESIAN_POINT('',(8.30151312322681,20.8255551923351,0.710596998313969));
#3227=CARTESIAN_POINT('',(8.29845153081445,20.8252329072005,0.710887244211512));
#3228=CARTESIAN_POINT('',(8.29539072693815,20.8249056465266,0.711184348879487));
#3229=CARTESIAN_POINT('',(0.615429030891343,0.,-0.299090462305793));
#3230=CARTESIAN_POINT('',(0.60674274087584,0.,-0.297741868514946));
#3231=CARTESIAN_POINT('',(0.59805682354788,0.,-0.296388645813163));
#3232=CARTESIAN_POINT('',(8.2923300215011,20.8245770633292,0.711483271143064));
#3233=CARTESIAN_POINT('',(8.28926931606406,20.8242484801318,0.711782193406641));
#3234=CARTESIAN_POINT('',(8.28620865616654,20.8239187469147,0.712082694204689));
#3235=CARTESIAN_POINT('',(0.589374566314501,0.,-0.295013035234592));
#3236=CARTESIAN_POINT('',(0.580692309081123,0.,-0.293637424656021));
#3237=CARTESIAN_POINT('',(0.572013711942325,0.,-0.29223942620066));
#3238=CARTESIAN_POINT('',(8.28314886578146,20.823583450225,0.712390863634347));
#3239=CARTESIAN_POINT('',(8.28008907539637,20.8232481535354,0.712699033064005));
#3240=CARTESIAN_POINT('',(8.27703015452373,20.8229072933731,0.713014871125273));
#3241=CARTESIAN_POINT('',(0.563342062305148,0.,-0.290801280902655));
#3242=CARTESIAN_POINT('',(0.554670412667971,0.,-0.28936313560465));
#3243=CARTESIAN_POINT('',(0.546006477457055,0.,-0.287880570421311));
#3244=CARTESIAN_POINT('',(8.27397292713644,20.8225564562853,0.713344467915291));
#3245=CARTESIAN_POINT('',(8.27091569974915,20.8222056191976,0.713674064705309));
#3246=CARTESIAN_POINT('',(8.26786035569342,20.8218437432666,0.71401888514168));
#3247=CARTESIAN_POINT('',(0.537344503182503,0.,-0.286380938351737));
#3248=CARTESIAN_POINT('',(0.5200205546334,0.,-0.28338167421259));
#3249=CARTESIAN_POINT('',(0.502713176878781,0.,-0.280275653488358));
#3250=CARTESIAN_POINT('',(8.26480538465101,20.8214776267591,0.714369536406491));
#3251=CARTESIAN_POINT('',(8.25869544256617,20.8207453937441,0.715070838936114));
#3252=CARTESIAN_POINT('',(8.25258933834774,20.81998663196,0.715808693184006));
#3253=CARTESIAN_POINT('',(0.485455885430908,0.,-0.276927456775952));
#3254=CARTESIAN_POINT('',(0.468198593983036,0.,-0.273579260063546));
#3255=CARTESIAN_POINT('',(0.450988647705528,0.,-0.269975525687392));
#3256=CARTESIAN_POINT('',(8.24649630775261,20.8191676808068,0.716629693256163));
#3257=CARTESIAN_POINT('',(8.24040327715748,20.8183487296536,0.71745069332832));
#3258=CARTESIAN_POINT('',(8.23432211755127,20.817466272325,0.718359325914802));
#3259=CARTESIAN_POINT('',(0.433803728238276,0.,-0.266259363168682));
#3260=CARTESIAN_POINT('',(0.425211268504649,0.,-0.264401281909327));
#3261=CARTESIAN_POINT('',(0.416626381750727,0.,-0.262513656640506));
#3262=CARTESIAN_POINT('',(8.2282476475436,20.8165558712891,0.719306590724275));
#3263=CARTESIAN_POINT('',(8.22521041253977,20.8161006707712,0.719780223129011));
#3264=CARTESIAN_POINT('',(8.22217528369872,20.8156381264381,0.72026402559507));
#3265=CARTESIAN_POINT('',(0.408041757548328,0.,-0.260621050623478));
#3266=CARTESIAN_POINT('',(0.399457133345929,0.,-0.258728444606451));
#3267=CARTESIAN_POINT('',(0.390873370629775,0.,-0.256826098372635));
#3268=CARTESIAN_POINT('',(8.21914015546299,20.8151743447757,0.720749524043611));
#3269=CARTESIAN_POINT('',(8.21610502722726,20.8147105631133,0.721235022492152));
#3270=CARTESIAN_POINT('',(8.21307002182448,20.8142443615072,0.721723843928498));
#3271=CARTESIAN_POINT('',(0.382299548287341,0.,-0.254881735890889));
#3272=CARTESIAN_POINT('',(0.373725725944907,0.,-0.252937373409144));
#3273=CARTESIAN_POINT('',(0.365161843976192,0.,-0.250950994679469));
#3274=CARTESIAN_POINT('',(8.21003772175712,20.8137677164458,0.722227113614447));
#3275=CARTESIAN_POINT('',(8.20700542168976,20.8132910713845,0.722730383300396));
#3276=CARTESIAN_POINT('',(8.20397582695784,20.8128039828678,0.723248101235949));
#3277=CARTESIAN_POINT('',(0.356616981268668,0.,-0.248890323670724));
#3278=CARTESIAN_POINT('',(0.348072118561144,0.,-0.246829652661978));
#3279=CARTESIAN_POINT('',(0.33954918460882,0.,-0.24468461038223));
#3280=CARTESIAN_POINT('',(8.20095152006382,20.8122984273842,0.723791392682905));
#3281=CARTESIAN_POINT('',(8.1979272131698,20.8117928719006,0.724334684129862));
#3282=CARTESIAN_POINT('',(8.19490902656353,20.8112663438547,0.724907024588858));
#3283=CARTESIAN_POINT('',(0.331031229613231,0.,-0.24250548780559));
#3284=CARTESIAN_POINT('',(0.322513274617641,0.,-0.24032636522895));
#3285=CARTESIAN_POINT('',(0.314006195440703,0.,-0.23809730865626));
#3286=CARTESIAN_POINT('',(8.19189195643347,20.810731347161,0.725491027895036));
#3287=CARTESIAN_POINT('',(8.1888748863034,20.8101963504673,0.726075031201214));
#3288=CARTESIAN_POINT('',(8.18586070354786,20.8096489429917,0.726676188292379));
#3289=CARTESIAN_POINT('',(0.305521632661039,0.,-0.235790385790344));
#3290=CARTESIAN_POINT('',(0.297037069881377,0.,-0.233483462924427));
#3291=CARTESIAN_POINT('',(0.288575023498991,0.,-0.231098673765285));
#3292=CARTESIAN_POINT('',(8.18285296553107,20.8090821782517,0.727304196432847));
#3293=CARTESIAN_POINT('',(8.17984522751427,20.8085154135117,0.727932204573315));
#3294=CARTESIAN_POINT('',(8.17684393423622,20.8079292915074,0.728587063763085));
#3295=CARTESIAN_POINT('',(0.280147134092506,0.,-0.22860808601574));
#3296=CARTESIAN_POINT('',(0.27171924468602,0.,-0.226117498266195));
#3297=CARTESIAN_POINT('',(0.263308365497997,0.,-0.223555130961418));
#3298=CARTESIAN_POINT('',(8.17385264306115,20.8073168657563,0.729278471266472));
#3299=CARTESIAN_POINT('',(8.17086135188607,20.8067044400053,0.729969878769859));
#3300=CARTESIAN_POINT('',(8.16787469234028,20.8060741728836,0.730685969836415));
#3301=CARTESIAN_POINT('',(0.254912999296842,0.,-0.220927673288215));
#3302=CARTESIAN_POINT('',(0.250715316196265,0.,-0.219613944451614));
#3303=CARTESIAN_POINT('',(0.246523537194398,0.,-0.218279856597681));
#3304=CARTESIAN_POINT('',(8.16489226354358,20.8054277269765,0.73142444579763));
#3305=CARTESIAN_POINT('',(8.16340104914523,20.8051045040229,0.731793683778238));
#3306=CARTESIAN_POINT('',(8.16191152571486,20.8047762198826,0.732169942577337));
#3307=CARTESIAN_POINT('',(0.242340805570234,0.,-0.216919525698033));
#3308=CARTESIAN_POINT('',(0.238158073946069,0.,-0.215559194798386));
#3309=CARTESIAN_POINT('',(0.233984389699607,0.,-0.214172620853025));
#3310=CARTESIAN_POINT('',(8.16042468419396,20.8044414107486,0.732555277604909));
#3311=CARTESIAN_POINT('',(8.15893784267306,20.8041066016146,0.732940612632481));
#3312=CARTESIAN_POINT('',(8.15745368306163,20.8037652674869,0.733335023888525));
#3313=CARTESIAN_POINT('',(0.22982289610984,0.,-0.212753919833568));
#3314=CARTESIAN_POINT('',(0.225661402520072,0.,-0.21133521881411));
#3315=CARTESIAN_POINT('',(0.221512099586999,0.,-0.209884390720557));
#3316=CARTESIAN_POINT('',(8.15597319630113,20.8034159445586,0.733740566783021));
#3317=CARTESIAN_POINT('',(8.15449270954063,20.8030666216302,0.734146109677517));
#3318=CARTESIAN_POINT('',(8.15301589563107,20.8027093099012,0.734562784210466));
#3319=CARTESIAN_POINT('',(0.217378130589613,0.,-0.208395551524527));
#3320=CARTESIAN_POINT('',(0.213244161592227,0.,-0.206906712328496));
#3321=CARTESIAN_POINT('',(0.209130807792672,0.,-0.205372092812697));
#3322=CARTESIAN_POINT('',(8.15154374551392,20.8023425455645,0.734992645791847));
#3323=CARTESIAN_POINT('',(8.15007159539678,20.8019757812279,0.735422507373228));
#3324=CARTESIAN_POINT('',(8.14860581277488,20.8015976306549,0.735868290646271));
#3325=CARTESIAN_POINT('',(0.205023376281908,0.,-0.203812036872456));
#3326=CARTESIAN_POINT('',(0.196808513260382,0.,-0.200691924991973));
#3327=CARTESIAN_POINT('',(0.188589008989215,0.,-0.197512618698887));
#3328=CARTESIAN_POINT('',(8.14714163454822,20.8012131577371,0.736322819067633));
#3329=CARTESIAN_POINT('',(8.14421327809491,20.8004442119014,0.737231875910357));
#3330=CARTESIAN_POINT('',(8.14128221601649,20.7996605665547,0.738160946840543));
#3331=CARTESIAN_POINT('',(0.180426666583331,0.,-0.194194075188567));
#3332=CARTESIAN_POINT('',(0.176345495380389,0.,-0.192534803433408));
#3333=CARTESIAN_POINT('',(0.172278614643767,0.,-0.19084072237394));
#3334=CARTESIAN_POINT('',(8.13836858466558,20.7988422949427,0.739138340981276));
#3335=CARTESIAN_POINT('',(8.13691176899013,20.7984331591367,0.739627038051643));
#3336=CARTESIAN_POINT('',(8.13545931099655,20.7980153667644,0.740127815924645));
#3337=CARTESIAN_POINT('',(0.168233749762831,0.,-0.189101826659585));
#3338=CARTESIAN_POINT('',(0.164188884881895,0.,-0.18736293094523));
#3339=CARTESIAN_POINT('',(0.160166035856644,0.,-0.185579220575988));
#3340=CARTESIAN_POINT('',(8.13401372772893,20.7975864269815,0.74064421324067));
#3341=CARTESIAN_POINT('',(8.1325681444613,20.7971574871985,0.741160610556695));
#3342=CARTESIAN_POINT('',(8.13112943591963,20.796717400005,0.741692627315742));
#3343=CARTESIAN_POINT('',(0.156172928076444,0.,-0.183740690201281));
#3344=CARTESIAN_POINT('',(0.152179820296244,0.,-0.181902159826573));
#3345=CARTESIAN_POINT('',(0.148216453761094,0.,-0.1800088094464));
#3346=CARTESIAN_POINT('',(8.12970011914799,20.7962636745565,0.742243802158196));
#3347=CARTESIAN_POINT('',(8.12827080237635,20.795809949108,0.74279497700065));
#3348=CARTESIAN_POINT('',(8.12685087737473,20.7953425854046,0.743365309926512));
#3349=CARTESIAN_POINT('',(0.144290553860361,0.,-0.178050633710183));
#3350=CARTESIAN_POINT('',(0.140364653959628,0.,-0.176092457973965));
#3351=CARTESIAN_POINT('',(0.136487925449517,0.,-0.17405812767065));
#3352=CARTESIAN_POINT('',(8.12544286118722,20.794859092602,0.743958339576166));
#3353=CARTESIAN_POINT('',(8.12403484499971,20.7943755997994,0.74455136922582));
#3354=CARTESIAN_POINT('',(8.12264262130398,20.7938731553027,0.745171156580277));
#3355=CARTESIAN_POINT('',(0.132601874479389,0.,-0.172000543707871));
#3356=CARTESIAN_POINT('',(0.124829772539132,0.,-0.167885375782311));
#3357=CARTESIAN_POINT('',(0.117066658774419,0.,-0.163638077865594));
#3358=CARTESIAN_POINT('',(8.12124671362638,20.7933649418309,0.745798668920116));
#3359=CARTESIAN_POINT('',(8.1184548982712,20.7923485148872,0.747053693599793));
#3360=CARTESIAN_POINT('',(8.11566380611067,20.7912992624099,0.748353746571645));
#3361=CARTESIAN_POINT('',(0.109436412641785,0.,-0.159167904544687));
#3362=CARTESIAN_POINT('',(0.101806166509151,0.,-0.154697731223781));
#3363=CARTESIAN_POINT('',(0.0943087880085964,0.,-0.150004682498685));
#3364=CARTESIAN_POINT('',(8.11291507446434,20.7901945536589,0.749731907120011));
#3365=CARTESIAN_POINT('',(8.11016634281801,20.7890898449078,0.751110067668378));
#3366=CARTESIAN_POINT('',(8.10745997168588,20.787929679883,0.752566335793258));
#3367=CARTESIAN_POINT('',(0.0870681565966556,0.,-0.144998012956368));
#3368=CARTESIAN_POINT('',(0.0834478408906853,0.,-0.14249467818521));
#3369=CARTESIAN_POINT('',(0.079891711956868,0.,-0.139912938209746));
#3370=CARTESIAN_POINT('',(8.10483759838748,20.786691427844,0.754133790778991));
#3371=CARTESIAN_POINT('',(8.10352641173828,20.7860723018246,0.754917518271857));
#3372=CARTESIAN_POINT('',(8.10223622454752,20.7854336540516,0.755729042479937));
#3373=CARTESIAN_POINT('',(0.0764152547272717,0.,-0.137241449853349));
#3374=CARTESIAN_POINT('',(0.0746770261124733,0.,-0.13590570567515));
#3375=CARTESIAN_POINT('',(0.0729587154237301,0.,-0.134547524401718));
#3376=CARTESIAN_POINT('',(8.10097224148013,20.7847726556825,0.756572498313772));
#3377=CARTESIAN_POINT('',(8.10034024994643,20.784442156498,0.75699422623069));
#3378=CARTESIAN_POINT('',(8.09971480944358,20.7841060696645,0.757423937054046));
#3379=CARTESIAN_POINT('',(0.0712622582775502,0.,-0.133165488135974));
#3380=CARTESIAN_POINT('',(0.0695658011313705,0.,-0.131783451870229));
#3381=CARTESIAN_POINT('',(0.0678946180689526,0.,-0.13037568400763));
#3382=CARTESIAN_POINT('',(8.09909657055469,20.7837640415766,0.75786214764766));
#3383=CARTESIAN_POINT('',(8.0984783316658,20.7834220134888,0.758300358241273));
#3384=CARTESIAN_POINT('',(8.09786845558761,20.7830735755143,0.758747768397974));
#3385=CARTESIAN_POINT('',(0.066217041940326,0.,-0.128958268644736));
#3386=CARTESIAN_POINT('',(0.0595067374258197,0.,-0.123288607193156));
#3387=CARTESIAN_POINT('',(0.0528241347027368,0.,-0.117401769939673));
#3388=CARTESIAN_POINT('',(8.0972561684362,20.7827227459583,0.759198337282989));
#3389=CARTESIAN_POINT('',(8.09480701983056,20.7813194277344,0.761000612823046));
#3390=CARTESIAN_POINT('',(8.09236357860945,20.7798621462335,0.762877135856515));
#3391=CARTESIAN_POINT('',(0.0466116054691728,0.,-0.111125856029237));
#3392=CARTESIAN_POINT('',(0.045058473160782,0.,-0.109556877551628));
#3393=CARTESIAN_POINT('',(0.0435347204454858,0.,-0.107963581782959));
#3394=CARTESIAN_POINT('',(8.09007731577975,20.7783078789041,0.764894370696295));
#3395=CARTESIAN_POINT('',(8.08950575007232,20.7779193120718,0.765398679406241));
#3396=CARTESIAN_POINT('',(8.08894400801436,20.7775246836252,0.76591178260408));
#3397=CARTESIAN_POINT('',(0.042047259381067,0.,-0.106343282772369));
#3398=CARTESIAN_POINT('',(0.0405597983166479,0.,-0.10472298376178));
#3399=CARTESIAN_POINT('',(0.0391086289031063,0.,-0.10307568150927));
#3400=CARTESIAN_POINT('',(8.08839445634034,20.777123321337,0.766434718794704));
#3401=CARTESIAN_POINT('',(8.08784490466632,20.7767219590487,0.766957654985327));
#3402=CARTESIAN_POINT('',(8.08730754337625,20.7763138629188,0.767490424168735));
#3403=CARTESIAN_POINT('',(0.0377006631982251,0.,-0.101398690063981));
#3404=CARTESIAN_POINT('',(0.0362926974933441,0.,-0.0997216986186912));
#3405=CARTESIAN_POINT('',(0.0349365339113777,0.,-0.0980151644527881));
#3406=CARTESIAN_POINT('',(8.0867847392046,20.7758983607199,0.768034064849815));
#3407=CARTESIAN_POINT('',(8.08626193503296,20.775482858521,0.768577705530894));
#3408=CARTESIAN_POINT('',(8.0857566959688,20.7750599803136,0.769132325350727));
#3409=CARTESIAN_POINT('',(0.0336086618626404,0.,-0.096275817771209));
#3410=CARTESIAN_POINT('',(0.0322807898139031,0.,-0.09453647108963));
#3411=CARTESIAN_POINT('',(0.0309745805859704,0.,-0.0927649045183681));
#3412=CARTESIAN_POINT('',(8.08526074477064,20.774628931217,0.769698604236102));
#3413=CARTESIAN_POINT('',(8.08476479357248,20.7741978821205,0.770264883121478));
#3414=CARTESIAN_POINT('',(8.08427582422677,20.7737588142063,0.77084249852684));
#3415=CARTESIAN_POINT('',(0.0296956366821738,0.,-0.0909650884988058));
#3416=CARTESIAN_POINT('',(0.0245798610669873,0.,-0.0837658244205564));
#3417=CARTESIAN_POINT('',(0.0199003306379651,0.,-0.0761145691694834));
#3418=CARTESIAN_POINT('',(8.08379586758429,20.7733127095485,0.771430204858737));
#3419=CARTESIAN_POINT('',(8.08187604101436,20.7715282909176,0.773781030186322));
#3420=CARTESIAN_POINT('',(8.08010041769594,20.7696312843904,0.776293310338455));
#3421=CARTESIAN_POINT('',(0.0160156056082133,0.,-0.0682654309939188));
#3422=CARTESIAN_POINT('',(0.0155300149794944,0.,-0.0672842887219733));
#3423=CARTESIAN_POINT('',(0.0150568431851384,0.,-0.0663000545293315));
#3424=CARTESIAN_POINT('',(8.07859897207762,20.7676845427121,0.778887327334158));
#3425=CARTESIAN_POINT('',(8.07841129137533,20.7674412000023,0.779211579458621));
#3426=CARTESIAN_POINT('',(8.07822789469961,20.7671970801807,0.779537108721265));
#3427=CARTESIAN_POINT('',(0.014596790538063,0.,-0.0653132247211683));
#3428=CARTESIAN_POINT('',(0.0141367378909874,0.,-0.0643263949130048));
#3429=CARTESIAN_POINT('',(0.0136898551902752,0.,-0.0633492013286294));
#3430=CARTESIAN_POINT('',(8.07804903590679,20.7669523060067,0.779863759422908));
#3431=CARTESIAN_POINT('',(8.07787017711398,20.7667075318327,0.780190410124551));
#3432=CARTESIAN_POINT('',(8.07769609783563,20.7664651414575,0.780514029962296));
#3433=CARTESIAN_POINT('',(0.0132567246009675,0.,-0.0623232543870289));
#3434=CARTESIAN_POINT('',(0.0123904634223519,0.,-0.0602713605038279));
#3435=CARTESIAN_POINT('',(0.0115784128487989,0.,-0.0580540317393014));
#3436=CARTESIAN_POINT('',(8.07752593285941,20.7662106314373,0.78085445535172));
#3437=CARTESIAN_POINT('',(8.07718560290696,20.7657016113969,0.781535306130568));
#3438=CARTESIAN_POINT('',(8.07686119267146,20.7651514601899,0.782273321331335));
#3439=CARTESIAN_POINT('',(0.0108168767303374,0.,-0.0557194567534943));
#3440=CARTESIAN_POINT('',(0.00929380449341458,0.,-0.0510503067818806));
#3441=CARTESIAN_POINT('',(0.00797279007685857,0.,-0.0459121719251469));
#3442=CARTESIAN_POINT('',(8.07655229226377,20.7645721498075,0.783052071192961));
#3443=CARTESIAN_POINT('',(8.07593449144841,20.7634135290427,0.784609570916213));
#3444=CARTESIAN_POINT('',(8.0753787299443,20.7621382715763,0.786330009282901));
#3445=CARTESIAN_POINT('',(0.00682426428090361,0.,-0.0406905614636604));
#3446=CARTESIAN_POINT('',(0.00567573848494866,0.,-0.0354689510021739));
#3447=CARTESIAN_POINT('',(0.00469970130959477,0.,-0.0301638649359346));
#3448=CARTESIAN_POINT('',(8.07488172863839,20.7608421533376,0.788081948204539));
#3449=CARTESIAN_POINT('',(8.07438472733247,20.7595460350989,0.789833887126178));
#3450=CARTESIAN_POINT('',(8.07394648622474,20.7582290560881,0.791617326602768));
#3451=CARTESIAN_POINT('',(0.00386658355507617,0.,-0.0251608125453096));
#3452=CARTESIAN_POINT('',(0.00345002467781692,0.,-0.0226592863499974));
#3453=CARTESIAN_POINT('',(0.00306919565576648,0.,-0.0202332685735888));
#3454=CARTESIAN_POINT('',(8.07356372620212,20.7569869922344,0.793300828545825));
#3455=CARTESIAN_POINT('',(8.07337234619081,20.7563659603076,0.794142579517353));
#3456=CARTESIAN_POINT('',(8.07319483645078,20.75576365717,0.794959346105498));
#3457=CARTESIAN_POINT('',(0.00272040033895414,0.,-0.0179309478761296));
#3458=CARTESIAN_POINT('',(0.00237160502214172,0.,-0.0156286271786699));
#3459=CARTESIAN_POINT('',(0.00205484341056741,0.,-0.0134500035601596));
#3460=CARTESIAN_POINT('',(8.07303078709288,20.755192054813,0.7957346985492));
#3461=CARTESIAN_POINT('',(8.07286673773499,20.7546204524559,0.796510050992901));
#3462=CARTESIAN_POINT('',(8.07271614875924,20.7540795508793,0.797243989292159));
#3463=CARTESIAN_POINT('',(0.00176641935426048,0.,-0.0114432656806448));
#3464=CARTESIAN_POINT('',(0.00118957124164671,0.,-0.00742978992161567));
#3465=CARTESIAN_POINT('',(0.000726073350102421,0.,-0.00410385711856773));
#3466=CARTESIAN_POINT('',(8.0725786102765,20.7535813220743,0.797920083685912));
#3467=CARTESIAN_POINT('',(8.07230353331101,20.7525848644645,0.799272272473418));
#3468=CARTESIAN_POINT('',(8.07208065831755,20.7517590979412,0.800393085638908));
#3469=CARTESIAN_POINT('',(0.000346356479861988,0.,-0.00185097655186895));
#3470=CARTESIAN_POINT('',(0.000156498044741749,0.,-0.000724536268519428));
#3471=CARTESIAN_POINT('',(-1.68578687521933E-05,0.,0.000158207239675441));
#3472=CARTESIAN_POINT('',(8.07190670618304,20.7511997984339,0.801151085093895));
#3473=CARTESIAN_POINT('',(8.07181973011578,20.7509201486803,0.801530084821389));
#3474=CARTESIAN_POINT('',(8.0717429823133,20.7507010170839,0.801826641111214));
#3475=CARTESIAN_POINT('',(-0.000159418956462299,0.,0.000639836463395915));
#3476=CARTESIAN_POINT('',(-0.000301980044172388,0.,0.00112146568711634));
#3477=CARTESIAN_POINT('',(-0.000413556354565633,0.,0.00123561402783124));
#3478=CARTESIAN_POINT('',(8.07168433937956,20.75058149307,0.801987565573966));
#3479=CARTESIAN_POINT('',(8.07162569644583,20.750461969056,0.802148490036718));
#3480=CARTESIAN_POINT('',(8.07158460918868,20.7504336984987,0.80218520612749));
#3481=CARTESIAN_POINT('',(-0.000494356071855233,0.,0.00113985581679031));
#3482=CARTESIAN_POINT('',(-0.000817554941013642,0.,0.000756822972626589));
#3483=CARTESIAN_POINT('',(-0.000648328320513665,0.,-0.00298471469963152));
#3484=CARTESIAN_POINT('',(0.,0.,0.));
#3485=CARTESIAN_POINT('',(8.07155812079986,20.7504575426673,0.802151213261601));
#3486=CARTESIAN_POINT('',(8.07145216724457,20.750552919342,0.802015241798042));
#3487=CARTESIAN_POINT('',(8.07157979558248,20.7514821316324,0.800747927027893));
#3488=CARTESIAN_POINT('',(8.07175177008481,20.7507403007792,0.801773231531465));
#3489=B_SPLINE_SURFACE_WITH_KNOTS('Surf_YQAQDGAXIA, MainWing, 0, 10, upper',1,3,((#3490, #3491, #3492, #3496, #3497, #3498, #3502, #3503, #3504, #3508, #3509, #3510, #3514, #3515, #3516, #3520, #3521, #3522, #3526, #3527, #3528, #3532, #3533, #3534, #3538, #3539, #3540, #3544, #3545, #3546, #3550, #3551, #3552, #3556, #3557, #3558, #3562, #3563, #3564, #3568, #3569, #3570, #3574, #3575, #3576, #3580, #3581, #3582, #3586, #3587, #3588, #3592, #3593, #3594, #3598, #3599, #3600, #3604, #3605, #3606, #3610, #3611, #3612, #3616, #3617, #3618, #3622, #3623, #3624, #3628, #3629, #3630, #3634, #3635, #3636, #3640, #3641, #3642, #3646, #3647, #3648, #3652, #3653, #3654, #3658, #3659, #3660, #3664, #3665, #3666, #3670, #3671, #3672, #3676, #3677, #3678, #3682, #3683, #3684, #3688, #3689, #3690, #3694, #3695, #3696, #3700, #3701, #3702, #3706, #3707, #3708, #3712, #3713, #3714, #3718, #3719, #3720, #3724, #3725, #3726, #3730, #3731, #3732, #3736, #3737, #3738, #3742, #3743, #3744, #3748, #3749, #3750, #3754, #3755, #3756, #3760, #3761, #3762, #3766, #3767, #3768, #3772, #3773, #3774, #3778, #3779, #3780, #3784, #3785, #3786, #3790, #3791, #3792, #3796, #3797, #3798, #3802, #3803, #3804, #3808, #3809, #3810, #3814, #3815, #3816, #3820, #3821, #3822, #3826, #3827, #3828, #3832, #3833, #3834, #3838, #3839, #3840, #3844, #3845, #3846, #3850, #3851, #3852, #3856, #3857, #3858, #3862, #3863, #3864, #3868, #3869, #3870, #3874, #3875, #3876, #3880, #3881, #3882, #3886, #3887, #3888, #3892, #3893, #3894, #3898, #3899, #3900, #3904, #3905, #3906, #3910, #3911, #3912, #3916, #3917, #3918, #3922, #3923, #3924, #3928, #3929, #3930, #3934, #3935, #3936, #3940, #3941, #3942, #3946, #3947, #3948, #3952, #3953, #3954, #3958, #3959, #3960, #3964, #3965, #3966, #3970, #3971, #3972, #3976, #3977, #3978, #3982, #3983, #3984, #3988, #3989, #3990, #3994, #3995, #3996, #4000, #4001, #4002, #4006, #4007, #4008, #4012, #4013, #4014, #4018, #4019, #4020, #4024, #4025, #4026, #4030, #4031, #4032, #4036, #4037, #4038, #4042, #4043, #4044, #4048, #4049, #4050, #4054, #4055, #4056, #4060, #4061, #4062, #4066, #4067, #4068, #4072, #4073, #4074, #4078, #4079, #4080, #4084, #4085, #4086, #4090, #4091, #4092, #4096, #4097, #4098, #4102, #4103, #4104, #4108, #4109, #4110, #4114, #4115, #4116, #4120, #4121, #4122, #4126, #4127, #4128, #4132, #4133, #4134, #4138, #4139, #4140, #4144, #4145, #4146, #4150, #4151, #4152, #4156, #4157, #4158, #4162, #4163, #4164, #4168, #4169, #4170, #4174, #4175, #4176, #4180, #4181, #4182, #4186, #4187, #4188, #4192, #4193, #4194, #4198, #4199, #4200, #4204, #4205, #4206, #4210, #4211, #4212, #4216, #4217, #4218, #4222, #4223, #4224, #4228, #4229, #4230, #4234, #4235, #4236, #4240, #4241, #4242, #4246, #4247, #4248, #4252, #4253, #4254, #4258, #4259, #4260, #4264, #4265, #4266, #4270, #4271, #4272, #4276, #4277, #4278, #4282, #4283, #4284, #4288, #4289, #4290, #4294, #4295, #4296, #4300, #4301, #4302, #4306, #4307, #4308, #4312, #4313, #4314, #4318, #4319, #4320, #4324, #4325, #4326, #4330, #4331, #4332, #4336, #4337, #4338, #4342, #4343, #4344, #4348, #4349, #4350, #4354, #4355, #4356, #4360, #4361, #4362, #4366, #4367, #4368, #4372, #4373, #4374, #4378, #4379, #4380, #4384, #4385, #4386, #4390, #4391, #4392, #4396, #4397, #4398, #4402, #4403, #4404, #4408, #4409, #4410, #4414, #4415, #4416, #4420, #4421, #4422, #4426, #4427, #4428, #4432, #4433, #4434, #4438, #4439, #4440, #4444, #4445, #4446, #4450, #4451, #4452, #4456, #4457, #4458, #4462, #4463, #4464, #4468, #4469, #4470, #4474, #4475, #4476, #4480, #4481, #4482, #4486, #4487, #4488, #4492, #4493, #4494, #4498, #4499, #4500, #4504, #4505, #4506, #4510, #4511, #4512, #4516, #4517, #4518, #4522, #4523, #4524, #4528, #4529, #4530, #4534, #4535, #4536, #4540, #4541, #4542, #4546, #4547, #4548, #4552, #4553, #4554, #4558, #4559, #4560, #4564, #4565, #4566, #4570, #4571, #4572, #4576, #4577, #4578, #4582, #4583, #4584, #4588, #4589, #4590, #4594, #4595, #4596, #4600, #4601, #4602, #4606, #4607, #4608, #4612, #4613, #4614, #4618, #4619, #4620, #4624, #4625, #4626, #4627),(#3493, #3494, #3495, #3499, #3500, #3501, #3505, #3506, #3507, #3511, #3512, #3513, #3517, #3518, #3519, #3523, #3524, #3525, #3529, #3530, #3531, #3535, #3536, #3537, #3541, #3542, #3543, #3547, #3548, #3549, #3553, #3554, #3555, #3559, #3560, #3561, #3565, #3566, #3567, #3571, #3572, #3573, #3577, #3578, #3579, #3583, #3584, #3585, #3589, #3590, #3591, #3595, #3596, #3597, #3601, #3602, #3603, #3607, #3608, #3609, #3613, #3614, #3615, #3619, #3620, #3621, #3625, #3626, #3627, #3631, #3632, #3633, #3637, #3638, #3639, #3643, #3644, #3645, #3649, #3650, #3651, #3655, #3656, #3657, #3661, #3662, #3663, #3667, #3668, #3669, #3673, #3674, #3675, #3679, #3680, #3681, #3685, #3686, #3687, #3691, #3692, #3693, #3697, #3698, #3699, #3703, #3704, #3705, #3709, #3710, #3711, #3715, #3716, #3717, #3721, #3722, #3723, #3727, #3728, #3729, #3733, #3734, #3735, #3739, #3740, #3741, #3745, #3746, #3747, #3751, #3752, #3753, #3757, #3758, #3759, #3763, #3764, #3765, #3769, #3770, #3771, #3775, #3776, #3777, #3781, #3782, #3783, #3787, #3788, #3789, #3793, #3794, #3795, #3799, #3800, #3801, #3805, #3806, #3807, #3811, #3812, #3813, #3817, #3818, #3819, #3823, #3824, #3825, #3829, #3830, #3831, #3835, #3836, #3837, #3841, #3842, #3843, #3847, #3848, #3849, #3853, #3854, #3855, #3859, #3860, #3861, #3865, #3866, #3867, #3871, #3872, #3873, #3877, #3878, #3879, #3883, #3884, #3885, #3889, #3890, #3891, #3895, #3896, #3897, #3901, #3902, #3903, #3907, #3908, #3909, #3913, #3914, #3915, #3919, #3920, #3921, #3925, #3926, #3927, #3931, #3932, #3933, #3937, #3938, #3939, #3943, #3944, #3945, #3949, #3950, #3951, #3955, #3956, #3957, #3961, #3962, #3963, #3967, #3968, #3969, #3973, #3974, #3975, #3979, #3980, #3981, #3985, #3986, #3987, #3991, #3992, #3993, #3997, #3998, #3999, #4003, #4004, #4005, #4009, #4010, #4011, #4015, #4016, #4017, #4021, #4022, #4023, #4027, #4028, #4029, #4033, #4034, #4035, #4039, #4040, #4041, #4045, #4046, #4047, #4051, #4052, #4053, #4057, #4058, #4059, #4063, #4064, #4065, #4069, #4070, #4071, #4075, #4076, #4077, #4081, #4082, #4083, #4087, #4088, #4089, #4093, #4094, #4095, #4099, #4100, #4101, #4105, #4106, #4107, #4111, #4112, #4113, #4117, #4118, #4119, #4123, #4124, #4125, #4129, #4130, #4131, #4135, #4136, #4137, #4141, #4142, #4143, #4147, #4148, #4149, #4153, #4154, #4155, #4159, #4160, #4161, #4165, #4166, #4167, #4171, #4172, #4173, #4177, #4178, #4179, #4183, #4184, #4185, #4189, #4190, #4191, #4195, #4196, #4197, #4201, #4202, #4203, #4207, #4208, #4209, #4213, #4214, #4215, #4219, #4220, #4221, #4225, #4226, #4227, #4231, #4232, #4233, #4237, #4238, #4239, #4243, #4244, #4245, #4249, #4250, #4251, #4255, #4256, #4257, #4261, #4262, #4263, #4267, #4268, #4269, #4273, #4274, #4275, #4279, #4280, #4281, #4285, #4286, #4287, #4291, #4292, #4293, #4297, #4298, #4299, #4303, #4304, #4305, #4309, #4310, #4311, #4315, #4316, #4317, #4321, #4322, #4323, #4327, #4328, #4329, #4333, #4334, #4335, #4339, #4340, #4341, #4345, #4346, #4347, #4351, #4352, #4353, #4357, #4358, #4359, #4363, #4364, #4365, #4369, #4370, #4371, #4375, #4376, #4377, #4381, #4382, #4383, #4387, #4388, #4389, #4393, #4394, #4395, #4399, #4400, #4401, #4405, #4406, #4407, #4411, #4412, #4413, #4417, #4418, #4419, #4423, #4424, #4425, #4429, #4430, #4431, #4435, #4436, #4437, #4441, #4442, #4443, #4447, #4448, #4449, #4453, #4454, #4455, #4459, #4460, #4461, #4465, #4466, #4467, #4471, #4472, #4473, #4477, #4478, #4479, #4483, #4484, #4485, #4489, #4490, #4491, #4495, #4496, #4497, #4501, #4502, #4503, #4507, #4508, #4509, #4513, #4514, #4515, #4519, #4520, #4521, #4525, #4526, #4527, #4531, #4532, #4533, #4537, #4538, #4539, #4543, #4544, #4545, #4549, #4550, #4551, #4555, #4556, #4557, #4561, #4562, #4563, #4567, #4568, #4569, #4573, #4574, #4575, #4579, #4580, #4581, #4585, #4586, #4587, #4591, #4592, #4593, #4597, #4598, #4599, #4603, #4604, #4605, #4609, #4610, #4611, #4615, #4616, #4617, #4621, #4622, #4623, #4628, #4629, #4630, #4631)),.UNSPECIFIED.,.F.,.F.,.F.,(2,2),(4,3,3,3,3,3,3,3,3,3,3,3,3,3,3,3,3,3,3,3,3,3,3,3,3,3,3,3,3,3,3,3,3,3,3,3,3,3,3,3,3,3,3,3,3,3,3,3,3,3,3,3,3,3,3,3,3,3,3,3,3,3,3,3,3,3,3,3,3,3,3,3,3,3,3,3,3,3,3,3,3,3,3,3,3,3,3,3,3,3,3,3,3,3,3,3,3,3,3,3,3,3,3,3,3,3,3,3,3,3,3,3,3,3,3,3,3,3,3,3,3,3,3,3,3,3,3,3,3,3,3,3,3,3,3,3,3,3,3,3,3,3,3,3,3,3,3,3,3,3,3,3,3,3,3,3,3,3,3,3,3,3,3,3,3,3,3,3,3,3,3,3,3,3,3,3,3,3,3,3,3,3,3,3,3,3,3,3,3,3,4),(0.,1.),(0.,1.,2.,3.,4.,5.,6.,7.,8.,9.,10.,11.,12.,13.,14.,15.,16.,17.,18.,19.,20.,21.,22.,23.,24.,25.,26.,27.,28.,29.,30.,31.,32.,33.,34.,35.,36.,37.,38.,39.,40.,41.,42.,43.,44.,45.,46.,47.,48.,49.,50.,51.,52.,53.,54.,55.,56.,57.,58.,59.,60.,61.,62.,63.,64.,65.,66.,67.,68.,69.,70.,71.,72.,73.,74.,75.,76.,77.,78.,79.,80.,81.,82.,83.,84.,85.,86.,87.,88.,89.,90.,91.,92.,93.,94.,95.,96.,97.,98.,99.,100.,101.,102.,103.,104.,105.,106.,107.,108.,109.,110.,111.,112.,113.,114.,115.,116.,117.,118.,119.,120.,121.,122.,123.,124.,125.,126.,127.,128.,129.,130.,131.,132.,133.,134.,135.,136.,137.,138.,139.,140.,141.,142.,143.,144.,145.,146.,147.,148.,149.,150.,151.,152.,153.,154.,155.,156.,157.,158.,159.,160.,161.,162.,163.,164.,165.,166.,167.,168.,169.,170.,171.,172.,173.,174.,175.,176.,177.,178.,179.,180.,181.,182.,183.,184.,185.,186.,187.,188.,189.,190.),.PIECEWISE_BEZIER_KNOTS.);
#3490=CARTESIAN_POINT('',(0.,0.,0.));
#3491=CARTESIAN_POINT('',(0.000648328320513683,0.,0.00298471469963161));
#3492=CARTESIAN_POINT('',(0.00159130475182806,0.,0.0107067171863894));
#3493=CARTESIAN_POINT('',(8.07175177008481,20.7507403007792,0.801773231531465));
#3494=CARTESIAN_POINT('',(8.07192374458714,20.7499984699259,0.802798536035037));
#3495=CARTESIAN_POINT('',(8.07211199876586,20.7480797577577,0.805437745249999));
#3496=CARTESIAN_POINT('',(0.00305879400186177,0.,0.0201424598492666));
#3497=CARTESIAN_POINT('',(0.00342566631437021,0.,0.0225013955149861));
#3498=CARTESIAN_POINT('',(0.00382532067804862,0.,0.024967439941713));
#3499=CARTESIAN_POINT('',(8.07245221392177,20.7457349950147,0.808668442587733));
#3500=CARTESIAN_POINT('',(8.07253726771075,20.7451488043289,0.809476116922166));
#3501=CARTESIAN_POINT('',(8.0726318190608,20.7445359854822,0.810320759264272));
#3502=CARTESIAN_POINT('',(0.00426134872895822,0.,0.0274933501980254));
#3503=CARTESIAN_POINT('',(0.00469737677986781,0.,0.0300192604543378));
#3504=CARTESIAN_POINT('',(0.0051697785180086,0.,0.0326050365402357));
#3505=CARTESIAN_POINT('',(8.07273798799226,20.7439082702049,0.811186394354855));
#3506=CARTESIAN_POINT('',(8.07284415692371,20.7432805549276,0.812052029445438));
#3507=CARTESIAN_POINT('',(8.07296194343656,20.7426379432197,0.812938657284496));
#3508=CARTESIAN_POINT('',(0.00568214557944181,0.,0.0352034355242971));
#3509=CARTESIAN_POINT('',(0.00670687970230799,0.,0.0404002334924187));
#3510=CARTESIAN_POINT('',(0.00789147511834378,0.,0.0456475230531942));
#3511=CARTESIAN_POINT('',(8.07309346755114,20.7419921668115,0.813830302612834));
#3512=CARTESIAN_POINT('',(8.07335651578029,20.7407006139951,0.815613593269508));
#3513=CARTESIAN_POINT('',(8.07367451441634,20.7393964023775,0.817416953883297));
#3514=CARTESIAN_POINT('',(0.00926466491603899,0.,0.0505673607552481));
#3515=CARTESIAN_POINT('',(0.00995125981488675,0.,0.0530272796062756));
#3516=CARTESIAN_POINT('',(0.0106850033091494,0.,0.0554053354926228));
#3517=CARTESIAN_POINT('',(8.0740644236219,20.7381733858013,0.819112582380625));
#3518=CARTESIAN_POINT('',(8.07425937822468,20.7375618775131,0.819960396629289));
#3519=CARTESIAN_POINT('',(8.07447231046983,20.7369706679853,0.820781277848837));
#3520=CARTESIAN_POINT('',(0.0114694870348882,0.,0.0576542854828676));
#3521=CARTESIAN_POINT('',(0.0122539707606267,0.,0.0599032354731118));
#3522=CARTESIAN_POINT('',(0.0130893167475535,0.,0.0620047750085029));
#3523=CARTESIAN_POINT('',(8.07470534037768,20.7364114889482,0.821559250780073));
#3524=CARTESIAN_POINT('',(8.07493837028553,20.7358523099111,0.822337223711309));
#3525=CARTESIAN_POINT('',(8.07519187553158,20.7353297078275,0.823066075407042));
#3526=CARTESIAN_POINT('',(0.0139787394248144,0.,0.0639684050868698));
#3527=CARTESIAN_POINT('',(0.0157575847793364,0.,0.0678956652436041));
#3528=CARTESIAN_POINT('',(0.0177482725482539,0.,0.0717855539112048));
#3529=CARTESIAN_POINT('',(8.07546680572512,20.7348413204423,0.82374909069534));
#3530=CARTESIAN_POINT('',(8.0760166661122,20.733864545672,0.825115121271936));
#3531=CARTESIAN_POINT('',(8.07664125342628,20.7328968976391,0.826472339928643));
#3532=CARTESIAN_POINT('',(0.0199069635061701,0.,0.0756070026432395));
#3533=CARTESIAN_POINT('',(0.0220656544640865,0.,0.0794284513752745));
#3534=CARTESIAN_POINT('',(0.0243923486110016,0.,0.0831814601717433));
#3535=CARTESIAN_POINT('',(8.07732581366797,20.731946125464,0.82780939522047));
#3536=CARTESIAN_POINT('',(8.07801037390965,20.7309953532889,0.829146450512298));
#3537=CARTESIAN_POINT('',(8.07875490707894,20.7300614569716,0.830463342439246));
#3538=CARTESIAN_POINT('',(0.0268432067215187,0.,0.0868349605862131));
#3539=CARTESIAN_POINT('',(0.0280686357767772,0.,0.088661710793448));
#3540=CARTESIAN_POINT('',(0.0293251058229363,0.,0.0904635839051832));
#3541=CARTESIAN_POINT('',(8.07954465917643,20.7291521856321,0.831748719556325));
#3542=CARTESIAN_POINT('',(8.07993953522518,20.7286975499624,0.832391408114864));
#3543=CARTESIAN_POINT('',(8.08034571600598,20.7282490705372,0.833026217970936));
#3544=CARTESIAN_POINT('',(0.0306071369568212,0.,0.0922366963656145));
#3545=CARTESIAN_POINT('',(0.0312481525237636,0.,0.0931232525958302));
#3546=CARTESIAN_POINT('',(0.0318955583626376,0.,0.0940026186632199));
#3547=CARTESIAN_POINT('',(8.0807613572689,20.7278077159965,0.833651730193917));
#3548=CARTESIAN_POINT('',(8.08096917790036,20.7275870387262,0.833964486305408));
#3549=CARTESIAN_POINT('',(8.08117936365236,20.7273681426769,0.834274918008625));
#3550=CARTESIAN_POINT('',(0.0325486694855462,0.,0.0948743091233082));
#3551=CARTESIAN_POINT('',(0.0332017806084541,0.,0.0957459995833956));
#3552=CARTESIAN_POINT('',(0.0338605970153968,0.,0.0966100144361816));
#3553=CARTESIAN_POINT('',(8.08139168399365,20.7271511489288,0.834582847937242));
#3554=CARTESIAN_POINT('',(8.08160400433493,20.7269341551807,0.834890777865859));
#3555=CARTESIAN_POINT('',(8.08181845926551,20.7267190637338,0.835196206019875));
#3556=CARTESIAN_POINT('',(0.0345244337184772,0.,0.0974658682371907));
#3557=CARTESIAN_POINT('',(0.039835127343125,0.,0.104312698645269));
#3558=CARTESIAN_POINT('',(0.0459089055260115,0.,0.110658709075439));
#3559=CARTESIAN_POINT('',(8.08203481825414,20.7265059956679,0.835498955032961));
#3560=CARTESIAN_POINT('',(8.08376569016316,20.7248014511413,0.83792094713766));
#3561=CARTESIAN_POINT('',(8.08577244092522,20.723220741142,0.84018685598503));
#3562=CARTESIAN_POINT('',(0.0523161761688679,0.,0.11667219111159));
#3563=CARTESIAN_POINT('',(0.0539179938295829,0.,0.118175561620628));
#3564=CARTESIAN_POINT('',(0.0555405902414015,0.,0.119658145930799));
#3565=CARTESIAN_POINT('',(8.08790183978708,20.7217223805955,0.842345961048686));
#3566=CARTESIAN_POINT('',(8.08843418950255,20.7213477904589,0.842885737314601));
#3567=CARTESIAN_POINT('',(8.08897418222872,20.7209783479989,0.843418836085209));
#3568=CARTESIAN_POINT('',(0.0571772046038102,0.,0.121122571216023));
#3569=CARTESIAN_POINT('',(0.0588138189662175,0.,0.122586996501245));
#3570=CARTESIAN_POINT('',(0.0604644512792149,0.,0.124033262761521));
#3571=CARTESIAN_POINT('',(8.08951940685357,20.7206134056387,0.843946025657176));
#3572=CARTESIAN_POINT('',(8.09006463147843,20.7202484632784,0.844473215229144));
#3573=CARTESIAN_POINT('',(8.09061508800198,20.7198880210177,0.84499449560247));
#3574=CARTESIAN_POINT('',(0.062122340742289,0.,0.125463997170772));
#3575=CARTESIAN_POINT('',(0.0637802302053639,0.,0.126894731580024));
#3576=CARTESIAN_POINT('',(0.0654453768185159,0.,0.128309934138251));
#3577=CARTESIAN_POINT('',(8.0911683653122,20.7195314312797,0.845510635073823));
#3578=CARTESIAN_POINT('',(8.09172164262242,20.7191748415417,0.846026774545176));
#3579=CARTESIAN_POINT('',(8.09227774071931,20.7188221043263,0.846537773114556));
#3580=CARTESIAN_POINT('',(0.067111019781232,0.,0.129712232019376));
#3581=CARTESIAN_POINT('',(0.0687766627439477,0.,0.131114529900501));
#3582=CARTESIAN_POINT('',(0.0704393174046472,0.,0.13250553400488));
#3583=CARTESIAN_POINT('',(8.09283424849087,20.7184725720565,0.847044399078628));
#3584=CARTESIAN_POINT('',(8.09339075626242,20.7181230397868,0.847551025042699));
#3585=CARTESIAN_POINT('',(8.09394642627315,20.7177763149029,0.848053761592326));
#3586=CARTESIAN_POINT('',(0.0721309945116644,0.,0.133868581136643));
#3587=CARTESIAN_POINT('',(0.0788977029397354,0.,0.139320769663699));
#3588=CARTESIAN_POINT('',(0.0860080775482789,0.,0.144390785189033));
#3589=CARTESIAN_POINT('',(8.09451275186671,20.7174365127385,0.848547536744542));
#3590=CARTESIAN_POINT('',(8.09677805424093,20.7160773040808,0.850522637353407));
#3591=CARTESIAN_POINT('',(8.09917046925542,20.7148127683048,0.852374263917794));
#3592=CARTESIAN_POINT('',(0.0933360824564256,0.,0.149178514878102));
#3593=CARTESIAN_POINT('',(0.0951680836834622,0.,0.150375447300369));
#3594=CARTESIAN_POINT('',(0.097013686804224,0.,0.151554736857869));
#3595=CARTESIAN_POINT('',(8.10164411677875,20.713618187725,0.85413402559952));
#3596=CARTESIAN_POINT('',(8.10226252865958,20.7133195425801,0.854573966019952));
#3597=CARTESIAN_POINT('',(8.10288601757221,20.7130252696349,0.855008164885217));
#3598=CARTESIAN_POINT('',(0.0988709225080724,0.,0.152717944287563));
#3599=CARTESIAN_POINT('',(0.100728158211921,0.,0.153881151717257));
#3600=CARTESIAN_POINT('',(0.102597026498856,0.,0.155028277019144));
#3601=CARTESIAN_POINT('',(8.1035138666396,20.7127349826756,0.855437116088469));
#3602=CARTESIAN_POINT('',(8.10414171570698,20.7124446957164,0.855866067291722));
#3603=CARTESIAN_POINT('',(8.10477392492912,20.7121583947431,0.856289770832961));
#3604=CARTESIAN_POINT('',(0.104475558058239,0.,0.156160880930185));
#3605=CARTESIAN_POINT('',(0.108232621177003,0.,0.158426088752267));
#3606=CARTESIAN_POINT('',(0.11202833738556,0.,0.160633211010964));
#3607=CARTESIAN_POINT('',(8.10540977742894,20.7118756935418,0.856708720605341));
#3608=CARTESIAN_POINT('',(8.1066814824286,20.7113102911393,0.8575466201501));
#3609=CARTESIAN_POINT('',(8.10796776053903,20.7107592878252,0.858365504619422));
#3610=CARTESIAN_POINT('',(0.1158469521988,0.,0.162794733601957));
#3611=CARTESIAN_POINT('',(0.123484181825282,0.,0.167117778783946));
#3612=CARTESIAN_POINT('',(0.131202084265489,0.,0.171267910288142));
#3613=CARTESIAN_POINT('',(8.10926287674382,20.7102195938888,0.859169325158532));
#3614=CARTESIAN_POINT('',(8.11185310915339,20.709140206016,0.860776966236754));
#3615=CARTESIAN_POINT('',(8.11447470303161,20.7081037077655,0.862327372259549));
#3616=CARTESIAN_POINT('',(0.138907935188491,0.,0.175316085138818));
#3617=CARTESIAN_POINT('',(0.146613786111493,0.,0.179364259989495));
#3618=CARTESIAN_POINT('',(0.154466425781217,0.,0.18317284924056));
#3619=CARTESIAN_POINT('',(8.11709395076426,20.7070925427376,0.863842939061371));
#3620=CARTESIAN_POINT('',(8.11971319849691,20.7060813777096,0.865358505863193));
#3621=CARTESIAN_POINT('',(8.1223881367455,20.7051296139149,0.866795409743798));
#3622=CARTESIAN_POINT('',(0.16241617472134,0.,0.186795692151384));
#3623=CARTESIAN_POINT('',(0.166391049191404,0.,0.188607113606797));
#3624=CARTESIAN_POINT('',(0.170390200979068,0.,0.190372098477151));
#3625=CARTESIAN_POINT('',(8.12510041618791,20.7042239150832,0.868171022163557));
#3626=CARTESIAN_POINT('',(8.12645655590911,20.7037710656674,0.868858828373436));
#3627=CARTESIAN_POINT('',(8.12782203092876,20.7033297324922,0.869531311718105));
#3628=CARTESIAN_POINT('',(0.174407420149791,0.,0.192097376669865));
#3629=CARTESIAN_POINT('',(0.178424639320511,0.,0.193822654862578));
#3630=CARTESIAN_POINT('',(0.18245992587429,0.,0.195508226377652));
#3631=CARTESIAN_POINT('',(8.1291945475816,20.7028982485241,0.870190643630107));
#3632=CARTESIAN_POINT('',(8.13056706423444,20.7024667645559,0.87084997554211));
#3633=CARTESIAN_POINT('',(8.13194662252046,20.7020451297947,0.871496156021446));
#3634=CARTESIAN_POINT('',(0.186507069876587,0.,0.197160821122508));
#3635=CARTESIAN_POINT('',(0.190554213878888,0.,0.198813415867365));
#3636=CARTESIAN_POINT('',(0.194613215329711,0.,0.200433033842007));
#3637=CARTESIAN_POINT('',(8.13333092877441,20.7016316772066,0.872131356500664));
#3638=CARTESIAN_POINT('',(8.13471523502835,20.7012182246185,0.872766556979882));
#3639=CARTESIAN_POINT('',(8.13610428925022,20.7008129542036,0.873390777458981));
#3640=CARTESIAN_POINT('',(0.198677864294511,0.,0.202026404953851));
#3641=CARTESIAN_POINT('',(0.20274251325931,0.,0.203619776065695));
#3642=CARTESIAN_POINT('',(0.206806432087799,0.,0.20519559570026));
#3643=CARTESIAN_POINT('',(8.13749579777474,20.7004141989281,0.874006189370507));
#3644=CARTESIAN_POINT('',(8.13888730629926,20.7000154436525,0.874621601282032));
#3645=CARTESIAN_POINT('',(8.14027888086769,20.6996210484132,0.875231040352758));
#3646=CARTESIAN_POINT('',(0.210887605985983,0.,0.206727512850216));
#3647=CARTESIAN_POINT('',(0.219049953782355,0.,0.209791347150129));
#3648=CARTESIAN_POINT('',(0.227288575925199,0.,0.212671765552201));
#3649=CARTESIAN_POINT('',(8.14167728994525,20.6992375451478,0.875825888467307));
#3650=CARTESIAN_POINT('',(8.14447410810037,20.698470538617,0.877015584696405));
#3651=CARTESIAN_POINT('',(8.14730094259627,20.6977490335214,0.878144399413085));
#3652=CARTESIAN_POINT('',(0.235573393117418,0.,0.215427393872154));
#3653=CARTESIAN_POINT('',(0.239715801713527,0.,0.216805208032129));
#3654=CARTESIAN_POINT('',(0.24386975907198,0.,0.218151824671575));
#3655=CARTESIAN_POINT('',(8.15014620713659,20.6970584902802,0.879231688055565));
#3656=CARTESIAN_POINT('',(8.15156883940675,20.6967132186596,0.879775332376804));
#3657=CARTESIAN_POINT('',(8.15299607918801,20.6963756875026,0.880308595179494));
#3658=CARTESIAN_POINT('',(0.248031505280639,0.,0.219474572017456));
#3659=CARTESIAN_POINT('',(0.252193251489296,0.,0.220797319363336));
#3660=CARTESIAN_POINT('',(0.256362786548159,0.,0.222096197415651));
#3661=CARTESIAN_POINT('',(8.15442647819334,20.6960440793616,0.880833895893411));
#3662=CARTESIAN_POINT('',(8.15585687719866,20.6957124712205,0.881359196607328));
#3663=CARTESIAN_POINT('',(8.15729043542803,20.6953867860955,0.881876535232473));
#3664=CARTESIAN_POINT('',(0.260536350545091,0.,0.223378534401366));
#3665=CARTESIAN_POINT('',(0.264709914542025,0.,0.224660871387081));
#3666=CARTESIAN_POINT('',(0.268887507477029,0.,0.225926667306197));
#3667=CARTESIAN_POINT('',(8.15872570459443,20.6950652065387,0.882388331198621));
#3668=CARTESIAN_POINT('',(8.16016097376082,20.694743626982,0.882900127164771));
#3669=CARTESIAN_POINT('',(8.16159795386422,20.6944261529937,0.883406380471925));
#3670=CARTESIAN_POINT('',(0.273065369437965,0.,0.227183250385678));
#3671=CARTESIAN_POINT('',(0.277243231398901,0.,0.228439833465159));
#3672=CARTESIAN_POINT('',(0.281422548511722,0.,0.229684614769865));
#3673=CARTESIAN_POINT('',(8.16303519661759,20.6941109671261,0.88390951054986));
#3674=CARTESIAN_POINT('',(8.16447243937097,20.6937957812585,0.884412640627796));
#3675=CARTESIAN_POINT('',(8.16591040673237,20.6934835256888,0.884911790131663));
#3676=CARTESIAN_POINT('',(0.285612581384899,0.,0.230898723334924));
#3677=CARTESIAN_POINT('',(0.293992647131255,0.,0.233326940465042));
#3678=CARTESIAN_POINT('',(0.302403891860147,0.,0.235656854559487));
#3679=CARTESIAN_POINT('',(8.16735268085001,20.693178880848,0.885400721056308));
#3680=CARTESIAN_POINT('',(8.1702372290853,20.6925695911665,0.886378582905597));
#3681=CARTESIAN_POINT('',(8.17313447418012,20.6919846954293,0.887323637330581));
#3682=CARTESIAN_POINT('',(0.310834930273819,0.,0.237915784608798));
#3683=CARTESIAN_POINT('',(0.319265968687492,0.,0.24017471465811));
#3684=CARTESIAN_POINT('',(0.327716800785946,0.,0.242362660662289));
#3685=CARTESIAN_POINT('',(8.17603993674509,20.6914174164159,0.888244951914826));
#3686=CARTESIAN_POINT('',(8.17894539931006,20.6908501374026,0.889166266499071));
#3687=CARTESIAN_POINT('',(8.1818590793452,20.690300475113,0.890063841242578));
#3688=CARTESIAN_POINT('',(0.336176041271427,0.,0.244506941611877));
#3689=CARTESIAN_POINT('',(0.344635281756909,0.,0.246651222561466));
#3690=CARTESIAN_POINT('',(0.353101144597276,0.,0.248755966706625));
#3691=CARTESIAN_POINT('',(8.18477649746112,20.6897616523269,0.890946743728914));
#3692=CARTESIAN_POINT('',(8.18769391557705,20.6892228295408,0.891829646215251));
#3693=CARTESIAN_POINT('',(8.19061437196345,20.6886938221814,0.892699245472627));
#3694=CARTESIAN_POINT('',(0.361587632039041,0.,0.25078663938094));
#3695=CARTESIAN_POINT('',(0.370074119480809,0.,0.252817312055255));
#3696=CARTESIAN_POINT('',(0.378576689265288,0.,0.254785456354962));
#3697=CARTESIAN_POINT('',(8.19354339274945,20.6881831978009,0.893544071784234));
#3698=CARTESIAN_POINT('',(8.19647241353545,20.6876725734205,0.89438889809584));
#3699=CARTESIAN_POINT('',(8.19940819984541,20.6871774682421,0.895212787700766));
#3700=CARTESIAN_POINT('',(0.387089917679563,0.,0.256705769079316));
#3701=CARTESIAN_POINT('',(0.395603146093834,0.,0.258626081803668));
#3702=CARTESIAN_POINT('',(0.4041270331379,0.,0.260498562952668));
#3703=CARTESIAN_POINT('',(8.20234858699731,20.6866942358084,0.896020631522136));
#3704=CARTESIAN_POINT('',(8.20528897414921,20.6862110033747,0.896828475343507));
#3705=CARTESIAN_POINT('',(8.20823396214305,20.6857396436859,0.897620273381321));
#3706=CARTESIAN_POINT('',(0.412656155098846,0.,0.262337909325571));
#3707=CARTESIAN_POINT('',(0.421185277059795,0.,0.264177255698475));
#3708=CARTESIAN_POINT('',(0.42972710087202,0.,0.265959514141129));
#3709=CARTESIAN_POINT('',(8.21118138629684,20.6852765102845,0.898400916558706));
#3710=CARTESIAN_POINT('',(8.21412881045063,20.6848133768832,0.899181559736091));
#3711=CARTESIAN_POINT('',(8.21708171900764,20.6843644138517,0.899943051598072));
#3712=CARTESIAN_POINT('',(0.438278213126972,0.,0.267697938331524));
#3713=CARTESIAN_POINT('',(0.446829325381919,0.,0.269436362521918));
#3714=CARTESIAN_POINT('',(0.455389726079594,0.,0.271130952460054));
#3715=CARTESIAN_POINT('',(8.22003867633832,20.6839263317025,0.900689829860478));
#3716=CARTESIAN_POINT('',(8.222995633669,20.6834882495534,0.901436608122884));
#3717=CARTESIAN_POINT('',(8.22595663977335,20.6830610482867,0.902168672785714));
#3718=CARTESIAN_POINT('',(0.463956001811444,0.,0.27279496182392));
#3719=CARTESIAN_POINT('',(0.48108855327515,0.,0.276122980551655));
#3720=CARTESIAN_POINT('',(0.498236252947402,0.,0.279360866708637));
#3721=CARTESIAN_POINT('',(8.2289202590218,20.682641438415,0.902890461564799));
#3722=CARTESIAN_POINT('',(8.23484749751871,20.6818022186717,0.90433403912297));
#3723=CARTESIAN_POINT('',(8.24078168027479,20.6809853752475,0.905747290071881));
#3724=CARTESIAN_POINT('',(0.515409614360892,0.,0.28246846580081));
#3725=CARTESIAN_POINT('',(0.532582975774383,0.,0.285576064892983));
#3726=CARTESIAN_POINT('',(0.549778736635941,0.,0.288559443949384));
#3727=CARTESIAN_POINT('',(8.24672721690611,20.6802008741324,0.907116772669785));
#3728=CARTESIAN_POINT('',(8.25267275353742,20.6794163730173,0.908486255267689));
#3729=CARTESIAN_POINT('',(8.25862839276753,20.6786627096589,0.909813969821516));
#3730=CARTESIAN_POINT('',(0.566994953605818,0.,0.2914172602643));
#3731=CARTESIAN_POINT('',(0.575603062090756,0.,0.292846168421758));
#3732=CARTESIAN_POINT('',(0.584216284602773,0.,0.294243685893845));
#3733=CARTESIAN_POINT('',(8.2645934799377,20.6779402189918,0.911099424856778));
#3734=CARTESIAN_POINT('',(8.26757602352279,20.6775789736583,0.911742152374408));
#3735=CARTESIAN_POINT('',(8.27056092909288,20.6772255214976,0.912374315012398));
#3736=CARTESIAN_POINT('',(0.592834378224402,0.,0.295609644842347));
#3737=CARTESIAN_POINT('',(0.601452471846029,0.,0.296975603790849));
#3738=CARTESIAN_POINT('',(0.610075436577268,0.,0.298310004215766));
#3739=CARTESIAN_POINT('',(8.27354811481565,20.6768799043766,0.912995851336434));
#3740=CARTESIAN_POINT('',(8.27653530053843,20.6765342872556,0.913617387660471));
#3741=CARTESIAN_POINT('',(8.27952476641387,20.6761965051742,0.914228297670555));
#3742=CARTESIAN_POINT('',(0.618703029500649,0.,0.299612678278884));
#3743=CARTESIAN_POINT('',(0.627330622424034,0.,0.300915352342002));
#3744=CARTESIAN_POINT('',(0.635965147232323,0.,0.30217231253137));
#3745=CARTESIAN_POINT('',(8.28251643060964,20.6758665999994,0.914828519932375));
#3746=CARTESIAN_POINT('',(8.28550809480541,20.6755366948246,0.915428742194196));
#3747=CARTESIAN_POINT('',(8.28850301851561,20.6752181391317,0.916013569513051));
#3748=CARTESIAN_POINT('',(0.644604239533028,0.,0.30339847609012));
#3749=CARTESIAN_POINT('',(0.653243331833729,0.,0.304624639648869));
#3750=CARTESIAN_POINT('',(0.661886991626847,0.,0.305820006577001));
#3751=CARTESIAN_POINT('',(8.2915001023138,20.67490722946,0.916588023656175));
#3752=CARTESIAN_POINT('',(8.294497186112,20.6745963197882,0.917162477799299));
#3753=CARTESIAN_POINT('',(8.29749642999818,20.6742930561376,0.917726558766693));
#3754=CARTESIAN_POINT('',(0.670532854519894,0.,0.306999494117648));
#3755=CARTESIAN_POINT('',(0.68782458030599,0.,0.309358469198941));
#3756=CARTESIAN_POINT('',(0.705119338661124,0.,0.311688266146502));
#3757=CARTESIAN_POINT('',(8.3004967345459,20.6739937350473,0.91828528832559));
#3758=CARTESIAN_POINT('',(8.30649734364134,20.6733950928667,0.919402747443386));
#3759=CARTESIAN_POINT('',(8.3124995467171,20.6728036958275,0.920510354841051));
#3760=CARTESIAN_POINT('',(0.722423972044009,0.,0.313947212232921));
#3761=CARTESIAN_POINT('',(0.757033238809778,0.,0.318465104405759));
#3762=CARTESIAN_POINT('',(0.791675829147725,0.,0.322726985216514));
#3763=CARTESIAN_POINT('',(8.31850649806738,20.6722298897227,0.921594086080918));
#3764=CARTESIAN_POINT('',(8.33052040076793,20.6710822775132,0.923761548560651));
#3765=CARTESIAN_POINT('',(8.34255063639903,20.6699982298372,0.925842694145222));
#3766=CARTESIAN_POINT('',(0.826347510038037,0.,0.326730772039381));
#3767=CARTESIAN_POINT('',(0.843683350483193,0.,0.328732665450815));
#3768=CARTESIAN_POINT('',(0.861027040898074,0.,0.330670302141668));
#3769=CARTESIAN_POINT('',(8.35459576355807,20.6689782670968,0.927836738218173));
#3770=CARTESIAN_POINT('',(8.36061832713759,20.6684682857265,0.928833760254649));
#3771=CARTESIAN_POINT('',(8.36664481050467,20.6679742589029,0.929809108061973));
#3772=CARTESIAN_POINT('',(0.878377551462296,0.,0.332543216794859));
#3773=CARTESIAN_POINT('',(0.887052806744406,0.,0.333479674121455));
#3774=CARTESIAN_POINT('',(0.895729244872128,0.,0.334404087681757));
#3775=CARTESIAN_POINT('',(8.37267486223421,20.66749630296,0.930762604796546));
#3776=CARTESIAN_POINT('',(8.37568988809898,20.6672573249886,0.931239353163833));
#3777=CARTESIAN_POINT('',(8.3787055478247,20.667021337622,0.931712033806624));
#3778=CARTESIAN_POINT('',(0.904408471197164,0.,0.335301363755049));
#3779=CARTESIAN_POINT('',(0.9130876975222,0.,0.33619863982834));
#3780=CARTESIAN_POINT('',(0.921769855669819,0.,0.337067970622184));
#3781=CARTESIAN_POINT('',(8.38172267876876,20.6667920887131,0.932175551143461));
#3782=CARTESIAN_POINT('',(8.38473980971282,20.6665628398042,0.932639068480297));
#3783=CARTESIAN_POINT('',(8.38775847685979,20.66634052989,0.933093150859831));
#3784=CARTESIAN_POINT('',(0.930453025256116,0.,0.337927660658129));
#3785=CARTESIAN_POINT('',(0.947819364428709,0.,0.339647040730019));
#3786=CARTESIAN_POINT('',(0.965187749703043,0.,0.341345739680781));
#3787=CARTESIAN_POINT('',(8.39077767397609,20.6661206138386,0.933543978301789));
#3788=CARTESIAN_POINT('',(8.39681606820868,20.6656807817358,0.934445633185706));
#3789=CARTESIAN_POINT('',(8.40285555611393,20.6652460849807,0.935340303393662));
#3790=CARTESIAN_POINT('',(0.982549728721282,0.,0.343109111052296));
#3791=CARTESIAN_POINT('',(0.999911707739521,0.,0.344872482423811));
#3792=CARTESIAN_POINT('',(1.01727162922675,0.,0.3466575301971));
#3793=CARTESIAN_POINT('',(8.40889162122835,20.6647953293646,0.936256815402693));
#3794=CARTESIAN_POINT('',(8.41492768634277,20.6643445737486,0.937173327411723));
#3795=CARTESIAN_POINT('',(8.42096263557342,20.6638884355818,0.938097161827879));
#3796=CARTESIAN_POINT('',(1.03464344789405,0.,0.348317240233852));
#3797=CARTESIAN_POINT('',(1.05201526656135,0.,0.349976950270604));
#3798=CARTESIAN_POINT('',(1.06939980989579,0.,0.351502605083459));
#3799=CARTESIAN_POINT('',(8.4270040371188,20.6634634205106,0.938978656472329));
#3800=CARTESIAN_POINT('',(8.43304543866418,20.6630384054394,0.939860151116779));
#3801=CARTESIAN_POINT('',(8.43909374130067,20.6626466781366,0.940696361174968));
#3802=CARTESIAN_POINT('',(1.08678319154005,0.,0.353040498338403));
#3803=CARTESIAN_POINT('',(1.09547488236218,0.,0.353809444965875));
#3804=CARTESIAN_POINT('',(1.10416603005458,0.,0.354583666477611));
#3805=CARTESIAN_POINT('',(8.44514141390732,20.6622519118592,0.941536705445615));
#3806=CARTESIAN_POINT('',(8.44816525021065,20.6620545287205,0.941956877580938));
#3807=CARTESIAN_POINT('',(8.45118880013497,20.6618558357862,0.942378830824333));
#3808=CARTESIAN_POINT('',(1.11285574357996,0.,0.355374269042489));
#3809=CARTESIAN_POINT('',(1.12154545710534,0.,0.356164871607367));
#3810=CARTESIAN_POINT('',(1.13023423556865,0.,0.356966484079136));
#3811=CARTESIAN_POINT('',(8.45421154897247,20.6616530751208,0.94280631988676));
#3812=CARTESIAN_POINT('',(8.45723429780997,20.6614503144553,0.943233808949188));
#3813=CARTESIAN_POINT('',(8.46025651831401,20.6612448197967,0.943665019231741));
#3814=CARTESIAN_POINT('',(1.13892364686891,0.,0.357760645221167));
#3815=CARTESIAN_POINT('',(1.14761305816918,0.,0.358554806363197));
#3816=CARTESIAN_POINT('',(1.15630310230639,0.,0.359341516175491));
#3817=CARTESIAN_POINT('',(8.46327909638637,20.6610411754612,0.944093711051778));
#3818=CARTESIAN_POINT('',(8.46630167445873,20.6608375311257,0.944522402871815));
#3819=CARTESIAN_POINT('',(8.4693246100994,20.6606357371132,0.944948576229335));
#3820=CARTESIAN_POINT('',(1.16499534717958,0.,0.360102313421419));
#3821=CARTESIAN_POINT('',(1.17368759205276,0.,0.360863110667348));
#3822=CARTESIAN_POINT('',(1.18238236464208,0.,0.361594357417402));
#3823=CARTESIAN_POINT('',(8.47234878921014,20.6604403777401,0.945365991441696));
#3824=CARTESIAN_POINT('',(8.47537296832089,20.6602450183671,0.945783406654057));
#3825=CARTESIAN_POINT('',(8.47839857177159,20.6600569969951,0.946190834473216));
#3826=CARTESIAN_POINT('',(1.19107830780407,0.,0.362313176153505));
#3827=CARTESIAN_POINT('',(1.20847019412804,0.,0.363750813625711));
#3828=CARTESIAN_POINT('',(1.22586779730575,0.,0.36512327979886));
#3829=CARTESIAN_POINT('',(8.4814248118264,20.6598720616779,0.946594063874734));
#3830=CARTESIAN_POINT('',(8.48747729193603,20.6595021910433,0.947400522677772));
#3831=CARTESIAN_POINT('',(8.49353296300819,20.6591485036898,0.948184957671251));
#3832=CARTESIAN_POINT('',(1.24326967516236,0.,0.366430110918637));
#3833=CARTESIAN_POINT('',(1.26067155301897,0.,0.367736942038414));
#3834=CARTESIAN_POINT('',(1.27808317866729,0.,0.368913510945821));
#3835=CARTESIAN_POINT('',(8.4995913294635,20.6588111158663,0.948947184994977));
#3836=CARTESIAN_POINT('',(8.5056496959188,20.6584737280429,0.949709412318703));
#3837=CARTESIAN_POINT('',(8.51171385356847,20.6581686880543,0.950427588460812));
#3838=CARTESIAN_POINT('',(1.29549360923798,0.,0.370106118863735));
#3839=CARTESIAN_POINT('',(1.31290403980867,0.,0.37129872678165));
#3840=CARTESIAN_POINT('',(1.33031014445432,0.,0.372552091408671));
#3841=CARTESIAN_POINT('',(8.51777729995788,20.6578596651166,0.951151188659844));
#3842=CARTESIAN_POINT('',(8.5238407463473,20.6575506421789,0.951874788858876));
#3843=CARTESIAN_POINT('',(8.52990156872921,20.6572265314496,0.952618939383168));
#3844=CARTESIAN_POINT('',(1.34771719041445,0.,0.373792665165406));
#3845=CARTESIAN_POINT('',(1.35642071339451,0.,0.374412952043773));
#3846=CARTESIAN_POINT('',(1.36512479420638,0.,0.375024649766353));
#3847=CARTESIAN_POINT('',(8.53596295422643,20.6569055970711,0.953358764088517));
#3848=CARTESIAN_POINT('',(8.53899364697503,20.6567451298818,0.953728676441192));
#3849=CARTESIAN_POINT('',(8.54202469190159,20.6565867956881,0.954095682617935));
#3850=CARTESIAN_POINT('',(1.37383064091933,0.,0.375609157187322));
#3851=CARTESIAN_POINT('',(1.38253648763229,0.,0.376193664608291));
#3852=CARTESIAN_POINT('',(1.3912444558707,0.,0.376745506036557));
#3853=CARTESIAN_POINT('',(8.54505685170129,20.656435213822,0.954453488845073));
#3854=CARTESIAN_POINT('',(8.54808901150099,20.6562836319558,0.954811295072211));
#3855=CARTESIAN_POINT('',(8.55112251069149,20.6561401622278,0.955158048627302));
#3856=CARTESIAN_POINT('',(1.39995386509986,0.,0.377275159957814));
#3857=CARTESIAN_POINT('',(1.41737268355819,0.,0.378334467800326));
#3858=CARTESIAN_POINT('',(1.43479642281853,0.,0.379318008083029));
#3859=CARTESIAN_POINT('',(8.55415691962792,20.656002202454,0.955497294948795));
#3860=CARTESIAN_POINT('',(8.56022573750079,20.6557262829062,0.95617578759178));
#3861=CARTESIAN_POINT('',(8.5662976620418,20.6554691791623,0.956828643971491));
#3862=CARTESIAN_POINT('',(1.45221610414551,0.,0.380364029894482));
#3863=CARTESIAN_POINT('',(1.46963578547249,0.,0.381410051705935));
#3864=CARTESIAN_POINT('',(1.4870554670055,0.,0.382456070080866));
#3865=CARTESIAN_POINT('',(8.57236702467449,20.6551965590128,0.957502641231497));
#3866=CARTESIAN_POINT('',(8.57843638730719,20.6549239388633,0.958176638491502));
#3867=CARTESIAN_POINT('',(8.5845057500748,20.6546513195672,0.958850634588432));
#3868=CARTESIAN_POINT('',(1.50447514833164,0.,0.383502091906507));
#3869=CARTESIAN_POINT('',(1.5131849889947,0.,0.384025102819328));
#3870=CARTESIAN_POINT('',(1.52189501320579,0.,0.384544773625254));
#3871=CARTESIAN_POINT('',(8.59057511270693,20.6543786994142,0.959524631853238));
#3872=CARTESIAN_POINT('',(8.593609794023,20.6542423893377,0.959861630485642));
#3873=CARTESIAN_POINT('',(8.59664460062572,20.6541069087541,0.960197498368316));
#3874=CARTESIAN_POINT('',(1.53060428509102,0.,0.385078134347182));
#3875=CARTESIAN_POINT('',(1.53931355697625,0.,0.38561149506911));
#3876=CARTESIAN_POINT('',(1.54802234550073,0.,0.38615365138658));
#3877=CARTESIAN_POINT('',(8.5996788937132,20.6539680283726,0.960538000793423));
#3878=CARTESIAN_POINT('',(8.60271318680068,20.6538291479911,0.960878503218529));
#3879=CARTESIAN_POINT('',(8.60574714996084,20.653688083283,0.961221983277719));
#3880=CARTESIAN_POINT('',(1.55673167608065,0.,0.386685943937763));
#3881=CARTESIAN_POINT('',(1.5741503372405,0.,0.387750529040129));
#3882=CARTESIAN_POINT('',(1.59157366759327,0.,0.388738692713071));
#3883=CARTESIAN_POINT('',(8.60878148311369,20.6535494681745,0.961562124087441));
#3884=CARTESIAN_POINT('',(8.61485014941939,20.6532722379575,0.962242405706885));
#3885=CARTESIAN_POINT('',(8.62092184641871,20.6530139861397,0.962896824441213));
#3886=CARTESIAN_POINT('',(1.60900079688039,0.,0.389653055763851));
#3887=CARTESIAN_POINT('',(1.62642792616749,0.,0.390567418814631));
#3888=CARTESIAN_POINT('',(1.64385885438894,0.,0.391407981243251));
#3889=CARTESIAN_POINT('',(8.62699622197185,20.6527740623954,0.963526254238468));
#3890=CARTESIAN_POINT('',(8.633070597525,20.6525341386511,0.964155684035724));
#3891=CARTESIAN_POINT('',(8.63914765163196,20.6523125429802,0.964760124895907));
#3892=CARTESIAN_POINT('',(1.66129271128612,0.,0.392177363856973));
#3893=CARTESIAN_POINT('',(1.67000963973471,0.,0.392562055163835));
#3894=CARTESIAN_POINT('',(1.67872794585942,0.,0.392916106067602));
#3895=CARTESIAN_POINT('',(8.64522703215294,20.6521086250569,0.96534045076706));
#3896=CARTESIAN_POINT('',(8.64826672241344,20.6520066660952,0.965630613702637));
#3897=CARTESIAN_POINT('',(8.65130745500146,20.6519123166952,0.965910398125992));
#3898=CARTESIAN_POINT('',(1.68744678830781,0.,0.393258228752637));
#3899=CARTESIAN_POINT('',(1.6961656307562,0.,0.393600351437671));
#3900=CARTESIAN_POINT('',(1.70488500952827,0.,0.393930545903973));
#3901=CARTESIAN_POINT('',(8.65434859336398,20.6518209296752,0.966186142225061));
#3902=CARTESIAN_POINT('',(8.6573897317265,20.6517295426551,0.96646188632413));
#3903=CARTESIAN_POINT('',(8.66043127586351,20.651641118015,0.966733590098911));
#3904=CARTESIAN_POINT('',(1.71360408327159,0.,0.394267524335902));
#3905=CARTESIAN_POINT('',(1.73104223075823,0.,0.394941481199761));
#3906=CARTESIAN_POINT('',(1.74847869108401,0.,0.395652961237719));
#3907=CARTESIAN_POINT('',(8.66347258922196,20.6515510085732,0.96700759173734));
#3908=CARTESIAN_POINT('',(8.66955521593888,20.6513707896895,0.967555595014199));
#3909=CARTESIAN_POINT('',(8.67563656618384,20.651181251904,0.968116308134021));
#3910=CARTESIAN_POINT('',(1.7659157555334,0.,0.396351005009917));
#3911=CARTESIAN_POINT('',(1.78335281998278,0.,0.397049048782114));
#3912=CARTESIAN_POINT('',(1.80078988444713,0.,0.397747092180123));
#3913=CARTESIAN_POINT('',(8.68171837350205,20.6509950510229,0.968672470124009));
#3914=CARTESIAN_POINT('',(8.68780018082027,20.6508088501417,0.969228632113996));
#3915=CARTESIAN_POINT('',(8.69388198815056,20.6506226493535,0.969784793977205));
#3916=CARTESIAN_POINT('',(1.81822694896675,0.,0.398445134194832));
#3917=CARTESIAN_POINT('',(1.83566401348638,0.,0.399143176209541));
#3918=CARTESIAN_POINT('',(1.85310142259914,0.,0.399831364637555));
#3919=CARTESIAN_POINT('',(8.69996379552549,20.6504364489089,0.970340955371736));
#3920=CARTESIAN_POINT('',(8.70604560290043,20.6502502484642,0.970897116766267));
#3921=CARTESIAN_POINT('',(8.71212771106493,20.6500664952358,0.971449938753634));
#3922=CARTESIAN_POINT('',(1.87053807883024,0.,0.40054108147771));
#3923=CARTESIAN_POINT('',(1.88797473506134,0.,0.401250798317866));
#3924=CARTESIAN_POINT('',(1.90540960566833,0.,0.402011575100951));
#3925=CARTESIAN_POINT('',(8.71820916205387,20.6498773952558,0.972010056777988));
#3926=CARTESIAN_POINT('',(8.72429061304281,20.6496882952758,0.972570174802342));
#3927=CARTESIAN_POINT('',(8.73037050538491,20.6494865141547,0.973147597179561));
#3928=CARTESIAN_POINT('',(1.92284793450152,0.,0.402673463534477));
#3929=CARTESIAN_POINT('',(1.93156709891811,0.,0.40300440775124));
#3930=CARTESIAN_POINT('',(1.9402874795389,0.,0.403300574535879));
#3931=CARTESIAN_POINT('',(8.73645341637135,20.6493092927382,0.973691506027238));
#3932=CARTESIAN_POINT('',(8.73949487186458,20.6492206820299,0.973963460451077));
#3933=CARTESIAN_POINT('',(8.74253738896687,20.6491407085723,0.974223628708997));
#3934=CARTESIAN_POINT('',(1.9490085844278,0.,0.403576030798506));
#3935=CARTESIAN_POINT('',(1.9577296893167,0.,0.403851487061133));
#3936=CARTESIAN_POINT('',(1.96645151847372,0.,0.404106232801748));
#3937=CARTESIAN_POINT('',(8.7455805382741,20.6490658787367,0.974476778114907));
#3938=CARTESIAN_POINT('',(8.74862368758133,20.6489910489012,0.974729927520817));
#3939=CARTESIAN_POINT('',(8.75166746909351,20.6489213626878,0.974976058074717));
#3940=CARTESIAN_POINT('',(1.9751735799628,0.,0.404354334930464));
#3941=CARTESIAN_POINT('',(1.98389564145187,0.,0.404602437059181));
#3942=CARTESIAN_POINT('',(1.99261783554166,0.,0.40484674737007));
#3943=CARTESIAN_POINT('',(8.75471145340651,20.6488533264681,0.975219937090514));
#3944=CARTESIAN_POINT('',(8.7577554377195,20.6487852902483,0.975463816106311));
#3945=CARTESIAN_POINT('',(8.76079953777966,20.6487181957565,0.975706410064721));
#3946=CARTESIAN_POINT('',(2.00133950655662,0.,0.405106014862694));
#3947=CARTESIAN_POINT('',(2.01006117757158,0.,0.405365282355318));
#3948=CARTESIAN_POINT('',(2.01878236113357,0.,0.405642122205892));
#3949=CARTESIAN_POINT('',(8.76384318125769,20.6486473865302,0.975954073052409));
#3950=CARTESIAN_POINT('',(8.76688682473572,20.6485765773039,0.976201736040097));
#3951=CARTESIAN_POINT('',(8.76992997621722,20.6485014037499,0.976455356673232));
#3952=CARTESIAN_POINT('',(2.02750357904247,0.,0.405918493339855));
#3953=CARTESIAN_POINT('',(2.04494601486027,0.,0.406471235607782));
#3954=CARTESIAN_POINT('',(2.06238864528916,0.,0.407016187429752));
#3955=CARTESIAN_POINT('',(8.77297314828241,20.6484263465923,0.976708818785671));
#3956=CARTESIAN_POINT('',(8.7790594924128,20.648276232277,0.97721574301055));
#3957=CARTESIAN_POINT('',(8.78514604715004,20.6481280528378,0.97772002560771));
#3958=CARTESIAN_POINT('',(2.07983482895508,0.,0.407418890079652));
#3959=CARTESIAN_POINT('',(2.097281012621,0.,0.407821592729552));
#3960=CARTESIAN_POINT('',(2.11472997786726,0.,0.40811293864296));
#3961=CARTESIAN_POINT('',(8.7912364473621,20.6480152031516,0.978176073560297));
#3962=CARTESIAN_POINT('',(8.79732684757416,20.6479023534655,0.978632121512884));
#3963=CARTESIAN_POINT('',(8.80342025813587,20.6478171609245,0.979050410000752));
#3964=CARTESIAN_POINT('',(2.13217797235395,0.,0.408443148242846));
#3965=CARTESIAN_POINT('',(2.14962596684063,0.,0.408773357842731));
#3966=CARTESIAN_POINT('',(2.16707315118219,0.,0.409136001813816));
#3967=CARTESIAN_POINT('',(8.80951261808633,20.6477223159938,0.979481876604992));
#3968=CARTESIAN_POINT('',(8.8156049780368,20.647627471063,0.979913343209231));
#3969=CARTESIAN_POINT('',(8.82169646118798,20.6475245705611,0.980355807841979));
#3970=CARTESIAN_POINT('',(2.18452067035417,0.,0.409485241173463));
#3971=CARTESIAN_POINT('',(2.20196818952615,0.,0.409834480533109));
#3972=CARTESIAN_POINT('',(2.21941570879939,0.,0.410183714825848));
#3973=CARTESIAN_POINT('',(8.82778830670999,20.6474249992991,0.980793727164083));
#3974=CARTESIAN_POINT('',(8.83388015223201,20.6473254280371,0.981231646486187));
#3975=CARTESIAN_POINT('',(8.83997199788216,20.6472258580335,0.981669564089712));
#3976=CARTESIAN_POINT('',(2.23686322815952,0.,0.410532944770343));
#3977=CARTESIAN_POINT('',(2.25431074751966,0.,0.410882174714839));
#3978=CARTESIAN_POINT('',(2.27175846723418,0.,0.411218036989538));
#3979=CARTESIAN_POINT('',(8.84606384364227,20.6471262891099,0.982107480218413));
#3980=CARTESIAN_POINT('',(8.85215568940237,20.6470267201863,0.982545396347114));
#3981=CARTESIAN_POINT('',(8.85824784985527,20.6469304714257,0.982978777247158));
#3982=CARTESIAN_POINT('',(2.28920570390294,0.,0.411586128403454));
#3983=CARTESIAN_POINT('',(2.3066529405717,0.,0.41195421981737));
#3984=CARTESIAN_POINT('',(2.32409958915108,0.,0.412361549844245));
#3985=CARTESIAN_POINT('',(8.86433925159259,20.6468262178297,0.983423092477492));
#3986=CARTESIAN_POINT('',(8.87043065332992,20.6467219642338,0.983867407707826));
#3987=CARTESIAN_POINT('',(8.87652113134429,20.6466079648412,0.984325035362027));
#3988=CARTESIAN_POINT('',(2.34154790290256,0.,0.412657775434229));
#3989=CARTESIAN_POINT('',(2.35899621665403,0.,0.412954001024213));
#3990=CARTESIAN_POINT('',(2.37644666429051,0.,0.413107847870086));
#3991=CARTESIAN_POINT('',(8.88261422488474,20.6465215607473,0.984744968784671));
#3992=CARTESIAN_POINT('',(8.8887073184252,20.6464351566535,0.985164902207316));
#3993=CARTESIAN_POINT('',(8.89480376372166,20.6463841155396,0.985536531012089));
#3994=CARTESIAN_POINT('',(2.39389723543776,0.,0.413253454261579));
#3995=CARTESIAN_POINT('',(2.41134780658501,0.,0.413399060653073));
#3996=CARTESIAN_POINT('',(2.42879791818113,0.,0.413575330722169));
#3997=CARTESIAN_POINT('',(8.90090040301046,20.6463351211289,0.985905364090703));
#3998=CARTESIAN_POINT('',(8.90699704229925,20.6462861267182,0.986274197169318));
#3999=CARTESIAN_POINT('',(8.91309295973656,20.6462295162899,0.986653433467059));
#4000=CARTESIAN_POINT('',(2.44624805413614,0.,0.413749976723382));
#4001=CARTESIAN_POINT('',(2.46369819009115,0.,0.413924622724595));
#4002=CARTESIAN_POINT('',(2.48114832604109,0.,0.414099269231964));
#4003=CARTESIAN_POINT('',(8.91918891541266,20.6461733092355,0.98703211877012));
#4004=CARTESIAN_POINT('',(8.92528487108877,20.6461171021812,0.98741080407318));
#4005=CARTESIAN_POINT('',(8.93138082675384,20.6460608950011,0.98778948954801));
#4006=CARTESIAN_POINT('',(2.498598462065,0.,0.414273908337454));
#4007=CARTESIAN_POINT('',(2.51604859808891,0.,0.414448547442943));
#4008=CARTESIAN_POINT('',(2.53349873415914,0.,0.414623181912324));
#4009=CARTESIAN_POINT('',(8.93747678258024,20.6460046896595,0.988168172510938));
#4010=CARTESIAN_POINT('',(8.94357273840664,20.6459484843179,0.988546855473867));
#4011=CARTESIAN_POINT('',(8.94966869433409,20.6458922801278,0.988925536863486));
#4012=CARTESIAN_POINT('',(2.55094887016821,0.,0.414797822503279));
#4013=CARTESIAN_POINT('',(2.55967393817274,0.,0.414885142798756));
#4014=CARTESIAN_POINT('',(2.56839893887093,0.,0.41498593380668));
#4015=CARTESIAN_POINT('',(8.95576465012811,20.6458360744172,0.989304220330522));
#4016=CARTESIAN_POINT('',(8.95881262802512,20.645807971562,0.98949356206404));
#4017=CARTESIAN_POINT('',(8.96186033584619,20.6457765228518,0.989687476448748));
#4018=CARTESIAN_POINT('',(2.57712394127393,0.,0.415086382867852));
#4019=CARTESIAN_POINT('',(2.58584894367693,0.,0.415186831929024));
#4020=CARTESIAN_POINT('',(2.59457394778474,0.,0.415286939043445));
#4021=CARTESIAN_POINT('',(8.96490805052168,20.6457451590743,0.989881274759111));
#4022=CARTESIAN_POINT('',(8.96795576519717,20.6457137952968,0.990075073069473));
#4023=CARTESIAN_POINT('',(8.97100348672708,20.645682516452,0.990268755305489));
#4024=CARTESIAN_POINT('',(2.60329902260849,0.,0.415372891551916));
#4025=CARTESIAN_POINT('',(2.61202409743225,0.,0.415458844060387));
#4026=CARTESIAN_POINT('',(2.62074926278109,0.,0.415526677020579));
#4027=CARTESIAN_POINT('',(8.97405149204181,20.6456547533276,0.990457632741622));
#4028=CARTESIAN_POINT('',(8.97709949735654,20.6456269902032,0.990646510177756));
#4029=CARTESIAN_POINT('',(8.98014786594909,20.6456037276114,0.990829236909047));
#4030=CARTESIAN_POINT('',(2.62947459959821,0.,0.415560188776521));
#4031=CARTESIAN_POINT('',(2.63819993641533,0.,0.415593700532462));
#4032=CARTESIAN_POINT('',(2.64692542342824,0.,0.415597148698782));
#4033=CARTESIAN_POINT('',(8.98319692264555,20.6455889897186,0.991000313261756));
#4034=CARTESIAN_POINT('',(8.98624597934201,20.6455742518259,0.991171389614465));
#4035=CARTESIAN_POINT('',(8.98929563878116,20.6455669811261,0.991332260841531));
#4036=CARTESIAN_POINT('',(2.65565096669311,0.,0.415589337321556));
#4037=CARTESIAN_POINT('',(2.66437650995798,0.,0.41558152594433));
#4038=CARTESIAN_POINT('',(2.67310210947481,0.,0.415562455023559));
#4039=CARTESIAN_POINT('',(8.99234552396208,20.6455625070712,0.991489310001505));
#4040=CARTESIAN_POINT('',(8.99539540914299,20.6455580330163,0.991646359161479));
#4041=CARTESIAN_POINT('',(8.99844552006567,20.6455563556062,0.991799586254362));
#4042=CARTESIAN_POINT('',(2.68182767129979,0.,0.41555092860532));
#4043=CARTESIAN_POINT('',(2.69055323312477,0.,0.41553940218708));
#4044=CARTESIAN_POINT('',(2.6992787262605,0.,0.415541624792613));
#4045=CARTESIAN_POINT('',(9.00149547972917,20.6455528042931,0.991955374338703));
#4046=CARTESIAN_POINT('',(9.00454543939267,20.6455492529799,0.992111162423044));
#4047=CARTESIAN_POINT('',(9.007595123403,20.6455422866848,0.992271617631865));
#4048=CARTESIAN_POINT('',(2.70800423050022,0.,0.415541624792613));
#4049=CARTESIAN_POINT('',(2.72545523897967,0.,0.415541624792613));
#4050=CARTESIAN_POINT('',(2.74290624745912,0.,0.415541624792613));
#4051=CARTESIAN_POINT('',(9.01064485197419,20.6455358724404,0.992431318374269));
#4052=CARTESIAN_POINT('',(9.01674430911656,20.6455230439516,0.992750719859078));
#4053=CARTESIAN_POINT('',(9.02284376625894,20.6455102154628,0.993070121343887));
#4054=CARTESIAN_POINT('',(2.76035725593857,0.,0.415541624792613));
#4055=CARTESIAN_POINT('',(2.77780826441802,0.,0.415541624792613));
#4056=CARTESIAN_POINT('',(2.79525927289747,0.,0.415541624792613));
#4057=CARTESIAN_POINT('',(9.02894322340131,20.6454973869739,0.993389522828696));
#4058=CARTESIAN_POINT('',(9.03504268054369,20.6454845584851,0.993708924313505));
#4059=CARTESIAN_POINT('',(9.04114213768606,20.6454717299963,0.994028325798314));
#4060=CARTESIAN_POINT('',(2.81271028137692,0.,0.415541624792613));
#4061=CARTESIAN_POINT('',(2.82143578561665,0.,0.415541624792613));
#4062=CARTESIAN_POINT('',(2.83016126853024,0.,0.415537356082995));
#4063=CARTESIAN_POINT('',(9.04724159482844,20.6454589015075,0.994347727283123));
#4064=CARTESIAN_POINT('',(9.05029132339963,20.6454524872631,0.994507428025527));
#4065=CARTESIAN_POINT('',(9.05334112264606,20.6454471333119,0.994665678968096));
#4066=CARTESIAN_POINT('',(2.83888680738831,0.,0.415544285404436));
#4067=CARTESIAN_POINT('',(2.84761234624638,0.,0.415551214725876));
#4068=CARTESIAN_POINT('',(2.85633794492249,0.,0.415570117420877));
#4069=CARTESIAN_POINT('',(9.05639073649136,20.6454389979121,0.994827733145141));
#4070=CARTESIAN_POINT('',(9.05944035033666,20.6454308625123,0.994989787322185));
#4071=CARTESIAN_POINT('',(9.06248976594381,20.6454197530785,0.995155908066546));
#4072=CARTESIAN_POINT('',(2.86506350947351,0.,0.415582189527413));
#4073=CARTESIAN_POINT('',(2.88251463857555,0.,0.415606333740485));
#4074=CARTESIAN_POINT('',(2.89996553555543,0.,0.415584015200423));
#4075=CARTESIAN_POINT('',(9.06553929464216,20.6454103402762,0.995319708909364));
#4076=CARTESIAN_POINT('',(9.07163835203886,20.6453915146715,0.995647310594999));
#4077=CARTESIAN_POINT('',(9.07773817870074,20.6453842298246,0.995959131940038));
#4078=CARTESIAN_POINT('',(2.91741577707972,0.,0.415430499844181));
#4079=CARTESIAN_POINT('',(2.93486601860401,0.,0.415276984487938));
#4080=CARTESIAN_POINT('',(2.95231582581928,0.,0.415036537131249));
#4081=CARTESIAN_POINT('',(9.08384017753133,20.6454095326003,0.996226394357431));
#4082=CARTESIAN_POINT('',(9.08994217636191,20.645434835376,0.996493656774825));
#4083=CARTESIAN_POINT('',(9.09604561448817,20.6454817309564,0.996731394110523));
#4084=CARTESIAN_POINT('',(2.9697659502822,0.,0.414859586655462));
#4085=CARTESIAN_POINT('',(2.98721607474511,0.,0.414682636179674));
#4086=CARTESIAN_POINT('',(3.00466622203559,0.,0.414510247936709));
#4087=CARTESIAN_POINT('',(9.10214800133078,20.6455128547181,0.996990697159854));
#4088=CARTESIAN_POINT('',(9.1082503881734,20.6455439784798,0.997250000209186));
#4089=CARTESIAN_POINT('',(9.11435269949326,20.6455739690408,0.997510852749516));
#4090=CARTESIAN_POINT('',(3.02211635806765,0.,0.414335609646871));
#4091=CARTESIAN_POINT('',(3.03084142608368,0.,0.414248290501952));
#4092=CARTESIAN_POINT('',(3.03956649408251,0.,0.414160969636282));
#4093=CARTESIAN_POINT('',(9.12045504806014,20.6456045184849,0.997770941096628));
#4094=CARTESIAN_POINT('',(9.12350622234359,20.645619793207,0.997900985270184));
#4095=CARTESIAN_POINT('',(9.12655739665251,20.6456350683564,0.998031028859157));
#4096=CARTESIAN_POINT('',(3.04829156207063,0.,0.414073647698627));
#4097=CARTESIAN_POINT('',(3.05701663005876,0.,0.413986325760972));
#4098=CARTESIAN_POINT('',(3.06574169803617,0.,0.41389900275133));
#4099=CARTESIAN_POINT('',(9.12960857097731,20.6456503437722,0.998161072083948));
#4100=CARTESIAN_POINT('',(9.13265974530212,20.6456656191879,0.99829111530874));
#4101=CARTESIAN_POINT('',(9.1357109196428,20.6456808948699,0.99842115816935));
#4102=CARTESIAN_POINT('',(3.07446676600936,0.,0.413811679318465));
#4103=CARTESIAN_POINT('',(3.09191690195573,0.,0.413637032452736));
#4104=CARTESIAN_POINT('',(3.10936688181036,0.,0.413451971510746));
#4105=CARTESIAN_POINT('',(9.13876209398974,20.645696170657,0.998551200886181));
#4106=CARTESIAN_POINT('',(9.14486444268364,20.6457267222313,0.998811286319842));
#4107=CARTESIAN_POINT('',(9.15096692742678,20.6457598606063,0.999067832872246));
#4108=CARTESIAN_POINT('',(3.12681743269047,0.,0.41330501282366));
#4109=CARTESIAN_POINT('',(3.14426798357058,0.,0.413158054136574));
#4110=CARTESIAN_POINT('',(3.16171875087017,0.,0.413025536564998));
#4111=CARTESIAN_POINT('',(9.15706891437799,20.6457835345854,0.999337327221341));
#4112=CARTESIAN_POINT('',(9.16317090132919,20.6458072085644,0.999606821570436));
#4113=CARTESIAN_POINT('',(9.16927269961093,20.6458272954478,0.999881223257034));
#4114=CARTESIAN_POINT('',(3.17916748808613,0.,0.412757565653854));
#4115=CARTESIAN_POINT('',(3.19661622530208,0.,0.412489594742709));
#4116=CARTESIAN_POINT('',(3.21406303198779,0.,0.412092813805235));
#4117=CARTESIAN_POINT('',(9.175376267509,20.645881028215,1.00010959558475));
#4118=CARTESIAN_POINT('',(9.18147983540708,20.6459347609822,1.00033796791246));
#4119=CARTESIAN_POINT('',(9.18758508612636,20.6460204894699,1.00052256839241));
#4120=CARTESIAN_POINT('',(3.23151016138795,0.,0.411717565219621));
#4121=CARTESIAN_POINT('',(3.24023372608802,0.,0.411529940926813));
#4122=CARTESIAN_POINT('',(3.24895743500766,0.,0.411351939269192));
#4123=CARTESIAN_POINT('',(9.19369005553914,20.6461008694368,1.00071448593341));
#4124=CARTESIAN_POINT('',(9.19674254024552,20.6461410594202,1.00081044470391));
#4125=CARTESIAN_POINT('',(9.19979489923866,20.6461788591926,1.00090967341028));
#4126=CARTESIAN_POINT('',(3.25768119266994,0.,0.411177189824159));
#4127=CARTESIAN_POINT('',(3.26640495033223,0.,0.411002440379127));
#4128=CARTESIAN_POINT('',(3.27512875673716,0.,0.410830943146684));
#4129=CARTESIAN_POINT('',(9.20284721574384,20.6462158511328,1.00101000727405));
#4130=CARTESIAN_POINT('',(9.20589953224901,20.646252843073,1.00111034113783));
#4131=CARTESIAN_POINT('',(9.20895180626622,20.646289027181,1.00121178015902));
#4132=CARTESIAN_POINT('',(3.28385251640783,0.,0.410656327704233));
#4133=CARTESIAN_POINT('',(3.2925762760785,0.,0.410481712261782));
#4134=CARTESIAN_POINT('',(3.30129998628848,0.,0.410305116646121));
#4135=CARTESIAN_POINT('',(9.21200412102075,20.6463259858357,1.00131215955917));
#4136=CARTESIAN_POINT('',(9.21505643577528,20.6463629444904,1.00141253895931));
#4137=CARTESIAN_POINT('',(9.21810876948499,20.646400395024,1.00151224510069));
#4138=CARTESIAN_POINT('',(3.31002378576896,0.,0.410132094667591));
#4139=CARTESIAN_POINT('',(3.31874758524945,0.,0.409959072689061));
#4140=CARTESIAN_POINT('',(3.32747147400043,0.,0.409789624347663));
#4141=CARTESIAN_POINT('',(9.22116106898902,20.6464369578591,1.00161316627862));
#4142=CARTESIAN_POINT('',(9.22421336849306,20.6464735206942,1.00171408745656));
#4143=CARTESIAN_POINT('',(9.22726563379142,20.6465091958307,1.00181622367106));
#4144=CARTESIAN_POINT('',(3.33619559075312,0.,0.409629303453738));
#4145=CARTESIAN_POINT('',(3.3536438242585,0.,0.409308661665888));
#4146=CARTESIAN_POINT('',(3.37109224168222,0.,0.408995382350714));
#4147=CARTESIAN_POINT('',(9.23031781172328,20.6465426036911,1.00192146321746));
#4148=CARTESIAN_POINT('',(9.236422167587,20.6466094194119,1.00213194231026));
#4149=CARTESIAN_POINT('',(9.24252645298014,20.6466744062799,1.00234492464367));
#4150=CARTESIAN_POINT('',(3.38853717787849,0.,0.408542738690698));
#4151=CARTESIAN_POINT('',(3.40598211407477,0.,0.408090095030682));
#4152=CARTESIAN_POINT('',(3.4234239869093,0.,0.407514814841683));
#4153=CARTESIAN_POINT('',(9.2486320723696,20.6467740115282,1.00251052310469));
#4154=CARTESIAN_POINT('',(9.25473769175906,20.6468736167764,1.00267612156571));
#4155=CARTESIAN_POINT('',(9.26084448503172,20.6470036851823,1.00280002361145));
#4156=CARTESIAN_POINT('',(3.44086654745148,0.,0.406967066472775));
#4157=CARTESIAN_POINT('',(3.44958782772256,0.,0.406693192288321));
#4158=CARTESIAN_POINT('',(3.45830934239692,0.,0.406428702326284));
#4159=CARTESIAN_POINT('',(9.26695101476312,20.6471269146293,1.00293328647471));
#4160=CARTESIAN_POINT('',(9.27000427962882,20.6471885293528,1.00299991790634));
#4161=CARTESIAN_POINT('',(9.27305745466579,20.6472478130169,1.00306973997312));
#4162=CARTESIAN_POINT('',(3.4670309320898,0.,0.406167215767947));
#4163=CARTESIAN_POINT('',(3.47575252178268,0.,0.405905729209609));
#4164=CARTESIAN_POINT('',(3.48447418649408,0.,0.405647246054971));
#4165=CARTESIAN_POINT('',(9.2761106009526,20.6473063506294,1.00314058319696));
#4166=CARTESIAN_POINT('',(9.27916374723941,20.647364888242,1.00321142642081));
#4167=CARTESIAN_POINT('',(9.28221686477605,20.6474226798031,1.00328329080173));
#4168=CARTESIAN_POINT('',(3.49319576683925,0.,0.405385385485314));
#4169=CARTESIAN_POINT('',(3.51063892752959,0.,0.404861664345999));
#4170=CARTESIAN_POINT('',(3.52808191629439,0.,0.404333027463869));
#4171=CARTESIAN_POINT('',(9.2852700146411,20.6474813103209,1.00335400686164));
#4172=CARTESIAN_POINT('',(9.29137631437118,20.6475985713563,1.00349543898148));
#4173=CARTESIAN_POINT('',(9.29748264398167,20.6477170535082,1.00363519884964));
#4174=CARTESIAN_POINT('',(3.54552609165833,0.,0.403838322178719));
#4175=CARTESIAN_POINT('',(3.56297026702228,0.,0.403343616893568));
#4176=CARTESIAN_POINT('',(3.58041443204725,0.,0.402848616172741));
#4177=CARTESIAN_POINT('',(9.30358876728936,20.6478271067347,1.00378650166443));
#4178=CARTESIAN_POINT('',(9.30969489059705,20.6479371599612,1.00393780447922));
#4179=CARTESIAN_POINT('',(9.31580101569836,20.6480472865767,1.00408900679172));
#4180=CARTESIAN_POINT('',(3.59785365068937,0.,0.402212172930854));
#4181=CARTESIAN_POINT('',(3.61529286933149,0.,0.401575729688966));
#4182=CARTESIAN_POINT('',(3.63272801007183,0.,0.400822678782306));
#4183=CARTESIAN_POINT('',(9.32190800073284,20.6481925488345,1.00419209278574));
#4184=CARTESIAN_POINT('',(9.32801498576732,20.6483378110923,1.00429517877976));
#4185=CARTESIAN_POINT('',(9.33412267973929,20.6485120397824,1.00435859684689));
#4186=CARTESIAN_POINT('',(3.65016431744576,0.,0.400102987040904));
#4187=CARTESIAN_POINT('',(3.66760062481969,0.,0.399383295299501));
#4188=CARTESIAN_POINT('',(3.68503817195605,0.,0.398699053373936));
#4189=CARTESIAN_POINT('',(9.3402301709072,20.6486779817444,1.00443336313017));
#4190=CARTESIAN_POINT('',(9.34633766207511,20.6488439237065,1.00450812941345));
#4191=CARTESIAN_POINT('',(9.35244493773422,20.6490010596034,1.00459495511663));
#4192=CARTESIAN_POINT('',(3.70247523662451,0.,0.39800101508296));
#4193=CARTESIAN_POINT('',(3.71991230129297,0.,0.397302976791984));
#4194=CARTESIAN_POINT('',(3.73734929616932,0.,0.396603385907564));
#4195=CARTESIAN_POINT('',(9.35855229727313,20.6491616226462,1.00467708753312));
#4196=CARTESIAN_POINT('',(9.36465965681205,20.649322185689,1.00475921994961));
#4197=CARTESIAN_POINT('',(9.37076702037404,20.6494831344219,1.00484082391683));
#4198=CARTESIAN_POINT('',(3.75478766208353,0.,0.395934287500137));
#4199=CARTESIAN_POINT('',(3.77222602799774,0.,0.395265189092711));
#4200=CARTESIAN_POINT('',(3.78966402119709,0.,0.394587801088516));
#4201=CARTESIAN_POINT('',(9.37687430504341,20.649636508315,1.00493280647807));
#4202=CARTESIAN_POINT('',(9.38298158971278,20.6497898822081,1.0050247890393));
#4203=CARTESIAN_POINT('',(9.3890888958337,20.6499453153752,1.00511395010614));
#4204=CARTESIAN_POINT('',(3.80709563598062,0.,0.393768553120959));
#4205=CARTESIAN_POINT('',(3.82452725076415,0.,0.392949305153401));
#4206=CARTESIAN_POINT('',(3.84195388638013,0.,0.392019317376781));
#4207=CARTESIAN_POINT('',(9.39519656900556,20.6501359889232,1.00515482690482));
#4208=CARTESIAN_POINT('',(9.40130424217741,20.6503266624713,1.00519570370351));
#4209=CARTESIAN_POINT('',(9.40741220187944,20.6505448456348,1.00519888846768));
#4210=CARTESIAN_POINT('',(3.85938227157225,0.,0.391128240902316));
#4211=CARTESIAN_POINT('',(3.87681065676437,0.,0.39023716442785));
#4212=CARTESIAN_POINT('',(3.89424049300872,0.,0.389378359558143));
#4213=CARTESIAN_POINT('',(9.41352006090745,20.6507533625818,1.00521531730542));
#4214=CARTESIAN_POINT('',(9.41962791993547,20.6509618795289,1.00523174614315));
#4215=CARTESIAN_POINT('',(9.42573569547446,20.6511623796711,1.00525915912936));
#4216=CARTESIAN_POINT('',(3.91166972880455,0.,0.388506200389754));
#4217=CARTESIAN_POINT('',(3.92909896460038,0.,0.387634041221365));
#4218=CARTESIAN_POINT('',(3.94652831285534,0.,0.386763928055822));
#4219=CARTESIAN_POINT('',(9.43184350556578,20.6513661972439,1.00528202677008));
#4220=CARTESIAN_POINT('',(9.43795131565709,20.6515700148166,1.0053048944108));
#4221=CARTESIAN_POINT('',(9.44405912760751,20.651773324113,1.00532845881531));
#4222=CARTESIAN_POINT('',(3.9639591126647,0.,0.385920228371516));
#4223=CARTESIAN_POINT('',(3.98138991247405,0.,0.385076528687211));
#4224=CARTESIAN_POINT('',(3.99881981383929,0.,0.384216479972193));
#4225=CARTESIAN_POINT('',(9.45016696346421,20.6519700716662,1.00536101829398));
#4226=CARTESIAN_POINT('',(9.45627479932092,20.6521668192194,1.00539357777264));
#4227=CARTESIAN_POINT('',(9.46238262038669,20.6523676282645,1.00542056961205));
#4228=CARTESIAN_POINT('',(4.01624197085777,0.,0.383215508190505));
#4229=CARTESIAN_POINT('',(4.03366412787626,0.,0.382214536408818));
#4230=CARTESIAN_POINT('',(4.05108050803607,0.,0.381108443623683));
#4231=CARTESIAN_POINT('',(9.46849031393694,20.6526034459848,1.00539957029952));
#4232=CARTESIAN_POINT('',(9.47459800748718,20.6528392637051,1.00537857098699));
#4233=CARTESIAN_POINT('',(9.48070560591988,20.653101196008,1.00532177286485));
#4234=CARTESIAN_POINT('',(4.0684993138077,0.,0.380046489502121));
#4235=CARTESIAN_POINT('',(4.07720871669352,0.,0.379515512441341));
#4236=CARTESIAN_POINT('',(4.08591927768366,0.,0.379003450680251));
#4237=CARTESIAN_POINT('',(9.4868132442907,20.6533521632066,1.00528000610239));
#4238=CARTESIAN_POINT('',(9.48986706347611,20.6534776468058,1.00525912272116));
#4239=CARTESIAN_POINT('',(9.49292094123882,20.653598431303,1.00524468308976));
#4240=CARTESIAN_POINT('',(4.09462997527024,0.,0.378493798515974));
#4241=CARTESIAN_POINT('',(4.10334067285682,0.,0.377984146351698));
#4242=CARTESIAN_POINT('',(4.11205150703984,0.,0.377476903784236));
#4243=CARTESIAN_POINT('',(9.49597482264231,20.6537186171954,1.00523106411965));
#4244=CARTESIAN_POINT('',(9.4990287040458,20.6538388030879,1.00521744514954));
#4245=CARTESIAN_POINT('',(9.50208258909008,20.6539583903755,1.0052046468407));
#4246=CARTESIAN_POINT('',(4.12076145631142,0.,0.376955565110712));
#4247=CARTESIAN_POINT('',(4.12947140558299,0.,0.376434226437189));
#4248=CARTESIAN_POINT('',(4.13818034311051,0.,0.375897309540386));
#4249=CARTESIAN_POINT('',(9.50513642283862,20.6540814795555,1.00518704610459));
#4250=CARTESIAN_POINT('',(9.50819025658716,20.6542045687355,1.00516944536847));
#4251=CARTESIAN_POINT('',(9.5112440218364,20.6543315280349,1.0051465366415));
#4252=CARTESIAN_POINT('',(4.14688709030767,0.,0.375326667285224));
#4253=CARTESIAN_POINT('',(4.15559383750484,0.,0.374756025030063));
#4254=CARTESIAN_POINT('',(4.16429853370439,0.,0.374153802807597));
#4255=CARTESIAN_POINT('',(9.51429763879069,20.6544668657712,1.00511213662369));
#4256=CARTESIAN_POINT('',(9.51735125574497,20.6546022035075,1.00507773660589));
#4257=CARTESIAN_POINT('',(9.52040473383716,20.6547453866982,1.00503257629946));
#4258=CARTESIAN_POINT('',(4.17300238704852,0.,0.3735386028015));
#4259=CARTESIAN_POINT('',(4.18170624039264,0.,0.372923402795402));
#4260=CARTESIAN_POINT('',(4.19040925088136,0.,0.372295225005673));
#4261=CARTESIAN_POINT('',(9.52345815486461,20.6548917939775,1.00498299405379));
#4262=CARTESIAN_POINT('',(9.52651157589207,20.6550382012568,1.00493341180812));
#4263=CARTESIAN_POINT('',(9.52956493985479,20.6551878326247,1.00487940762321));
#4264=CARTESIAN_POINT('',(4.19911262665685,0.,0.371672671615982));
#4265=CARTESIAN_POINT('',(4.20781600243233,0.,0.371050118226292));
#4266=CARTESIAN_POINT('',(4.21652019815372,0.,0.370440189798672));
#4267=CARTESIAN_POINT('',(9.53261832855014,20.6553360667151,1.00482731984846));
#4268=CARTESIAN_POINT('',(9.53567171724549,20.6554843008056,1.0047752320737));
#4269=CARTESIAN_POINT('',(9.53872516145587,20.6556293984594,1.00472744602086));
#4270=CARTESIAN_POINT('',(4.22522440327308,0.,0.369830405949599));
#4271=CARTESIAN_POINT('',(4.2426328135118,0.,0.368610838251452));
#4272=CARTESIAN_POINT('',(4.26004122409997,0.,0.367391275549397));
#4273=CARTESIAN_POINT('',(9.54177860630483,20.6557744601954,1.00467970923063));
#4274=CARTESIAN_POINT('',(9.54788549600276,20.6560645836674,1.00458423565017));
#4275=CARTESIAN_POINT('',(9.55399238573138,20.6563547058982,1.0044887637725));
#4276=CARTESIAN_POINT('',(4.27744963426312,0.,0.366171706770836));
#4277=CARTESIAN_POINT('',(4.29485804442627,0.,0.364952137992275));
#4278=CARTESIAN_POINT('',(4.31227032145259,0.,0.36378416967972));
#4279=CARTESIAN_POINT('',(9.56009927542267,20.6566448296386,1.00439328982381));
#4280=CARTESIAN_POINT('',(9.56620616511396,20.656934953379,1.00429781587512));
#4281=CARTESIAN_POINT('',(9.57231346191643,20.657212257566,1.00421993326608));
#4282=CARTESIAN_POINT('',(4.32967867725516,0.,0.362563875105644));
#4283=CARTESIAN_POINT('',(4.33838285515645,0.,0.361953727818606));
#4284=CARTESIAN_POINT('',(4.34708575166072,0.,0.361326481090614));
#4285=CARTESIAN_POINT('',(9.57842034589172,20.6575025616221,1.00412421188382));
#4286=CARTESIAN_POINT('',(9.58147378787937,20.6576477136501,1.00407635119269));
#4287=CARTESIAN_POINT('',(9.58452709496138,20.6577971138413,1.00402266105684));
#4288=CARTESIAN_POINT('',(4.35578610355131,0.,0.360665278126353));
#4289=CARTESIAN_POINT('',(4.36448645544191,0.,0.360004075162093));
#4290=CARTESIAN_POINT('',(4.37318453470577,0.,0.359312545448167));
#4291=CARTESIAN_POINT('',(9.58758013414542,20.6579549500761,1.00395739475287));
#4292=CARTESIAN_POINT('',(9.59063317332947,20.6581127863109,1.0038921284489));
#4293=CARTESIAN_POINT('',(9.59368597325052,20.6582781568844,1.00381652332088));
#4294=CARTESIAN_POINT('',(4.3818817304469,0.,0.358609225664018));
#4295=CARTESIAN_POINT('',(4.39927612192917,0.,0.35720258609572));
#4296=CARTESIAN_POINT('',(4.41666782476635,0.,0.355761876119756));
#4297=CARTESIAN_POINT('',(9.59673868015442,20.6584464565677,1.00373689878881));
#4298=CARTESIAN_POINT('',(9.60284409396222,20.6587830559344,1.00357764972465));
#4299=CARTESIAN_POINT('',(9.60894919162,20.6591281198089,1.00340678309014));
#4300=CARTESIAN_POINT('',(4.43406519597447,0.,0.354391954220504));
#4301=CARTESIAN_POINT('',(4.45146256718259,0.,0.353022032321252));
#4302=CARTESIAN_POINT('',(4.46886245675832,0.,0.351681763191065));
#4303=CARTESIAN_POINT('',(9.61505497486388,20.6594555969174,1.0032600557824));
#4304=CARTESIAN_POINT('',(9.62116075810776,20.6597830740259,1.00311332847466));
#4305=CARTESIAN_POINT('',(9.62726687884141,20.6601031840209,1.00297671564347));
#4306=CARTESIAN_POINT('',(4.48625231097618,0.,0.350223332458144));
#4307=CARTESIAN_POINT('',(4.50364216519404,0.,0.348764901725224));
#4308=CARTESIAN_POINT('',(4.52102023034604,0.,0.347167660227796));
#4309=CARTESIAN_POINT('',(9.63337165471044,20.6604526508002,1.00279979821915));
#4310=CARTESIAN_POINT('',(9.63947643057946,20.6608021175795,1.00262288079483));
#4311=CARTESIAN_POINT('',(9.6455796265663,20.6611860713461,1.00239861540601));
#4312=CARTESIAN_POINT('',(4.53839855693667,0.,0.345573497250839));
#4313=CARTESIAN_POINT('',(4.55577688352729,0.,0.343979334273883));
#4314=CARTESIAN_POINT('',(4.57315815912044,0.,0.342419894729949));
#4315=CARTESIAN_POINT('',(9.65168285758546,20.6615692602664,1.00217540009162));
#4316=CARTESIAN_POINT('',(9.65778608860464,20.6619524491867,1.00195218477723));
#4317=CARTESIAN_POINT('',(9.66388971482151,20.662327011207,1.00174081352849));
#4318=CARTESIAN_POINT('',(4.5905389172347,0.,0.340854362349745));
#4319=CARTESIAN_POINT('',(4.60791967534895,0.,0.33928882996954));
#4320=CARTESIAN_POINT('',(4.62529918822787,0.,0.337710178918189));
#4321=CARTESIAN_POINT('',(9.6699932716854,20.6627030869684,1.00152736402994));
#4322=CARTESIAN_POINT('',(9.6760968285493,20.6630791627298,1.00131391453139));
#4323=CARTESIAN_POINT('',(9.68220019028771,20.6634584978698,1.0010959878916));
#4324=CARTESIAN_POINT('',(4.64268224472027,0.,0.336168860138215));
#4325=CARTESIAN_POINT('',(4.66006530121267,0.,0.334627541358242));
#4326=CARTESIAN_POINT('',(4.67745079811236,0.,0.333111932418424));
#4327=CARTESIAN_POINT('',(9.68830410730266,20.6638285576798,1.0008908020127));
#4328=CARTESIAN_POINT('',(9.69440802431761,20.6641986174899,1.00068561613381));
#4329=CARTESIAN_POINT('',(9.70051232374018,20.6645622896027,1.00048920451155));
#4330=CARTESIAN_POINT('',(4.6948247667678,0.,0.331474872719799));
#4331=CARTESIAN_POINT('',(4.71219873542323,0.,0.329837813021173));
#4332=CARTESIAN_POINT('',(4.72955973873656,0.,0.32806416253611));
#4333=CARTESIAN_POINT('',(9.70661481670674,20.6649561365698,1.00025134416304));
#4334=CARTESIAN_POINT('',(9.7127173096733,20.6653499835369,1.00001348381454));
#4335=CARTESIAN_POINT('',(9.71881777099519,20.6657777669498,0.999729007749964));
#4336=CARTESIAN_POINT('',(4.7469214607807,0.,0.326298084053697));
#4337=CARTESIAN_POINT('',(4.76428318282484,0.,0.324532005571284));
#4338=CARTESIAN_POINT('',(4.78164832485046,0.,0.32280195706077));
#4339=CARTESIAN_POINT('',(9.72491834493858,20.6662036690728,0.999447115858928));
#4340=CARTESIAN_POINT('',(9.73101891888197,20.6666295711959,0.999165223967892));
#4341=CARTESIAN_POINT('',(9.73712002872585,20.6670465215498,0.998895628388563));
#4342=CARTESIAN_POINT('',(4.79901272662413,0.,0.321064110097902));
#4343=CARTESIAN_POINT('',(4.83374153017148,0.,0.317588416172165));
#4344=CARTESIAN_POINT('',(4.86847033452183,0.,0.314112730282915));
#4345=CARTESIAN_POINT('',(9.74322102257083,20.6674654094558,0.998623371352434));
#4346=CARTESIAN_POINT('',(9.75542301026079,20.6683031852677,0.998078857280177));
#4347=CARTESIAN_POINT('',(9.76762499808432,20.6691409590829,0.997534345951348));
#4348=CARTESIAN_POINT('',(4.90319914061331,0.,0.310637061819014));
#4349=CARTESIAN_POINT('',(4.92056354365905,0.,0.308899227587063));
#4350=CARTESIAN_POINT('',(4.93793429461339,0.,0.307221900395634));
#4351=CARTESIAN_POINT('',(9.77982698619748,20.6699787285687,0.996989840571038));
#4352=CARTESIAN_POINT('',(9.78592798025406,20.6703976133115,0.996717587880882));
#4353=CARTESIAN_POINT('',(9.79203008557925,20.6708014644299,0.996465996103356));
#4354=CARTESIAN_POINT('',(4.95529752512346,0.,0.305472890188419));
#4355=CARTESIAN_POINT('',(4.96397914037849,0.,0.304598385084811));
#4356=CARTESIAN_POINT('',(4.97265854330844,0.,0.303702792626585));
#4357=CARTESIAN_POINT('',(9.79813087436357,20.671223125964,0.996189927230919));
#4358=CARTESIAN_POINT('',(9.80118126875573,20.671433956731,0.996051892794701));
#4359=CARTESIAN_POINT('',(9.8042312758551,20.671650026878,0.995906657807945));
#4360=CARTESIAN_POINT('',(4.98133452184099,0.,0.302774559656562));
#4361=CARTESIAN_POINT('',(4.99001050037354,0.,0.301846326686538));
#4362=CARTESIAN_POINT('',(4.99868360918377,0.,0.300890740242013));
#4363=CARTESIAN_POINT('',(9.80728068347409,20.6718742069109,0.995750277295347));
#4364=CARTESIAN_POINT('',(9.81033009109309,20.6720983869438,0.99559389678275));
#4365=CARTESIAN_POINT('',(9.81337899633378,20.6723293632415,0.995428176071704));
#4366=CARTESIAN_POINT('',(5.00735576689625,0.,0.29992608817188));
#4367=CARTESIAN_POINT('',(5.01602792460872,0.,0.298961436101746));
#4368=CARTESIAN_POINT('',(5.02469913122344,0.,0.297987718406003));
#4369=CARTESIAN_POINT('',(9.81642773507374,20.6725625919912,0.995259359785278));
#4370=CARTESIAN_POINT('',(9.8194764738137,20.672795820741,0.995090543498852));
#4371=CARTESIAN_POINT('',(9.82252504605293,20.6730313019429,0.994918631637045));
#4372=CARTESIAN_POINT('',(5.03337130536498,0.,0.297023222933544));
#4373=CARTESIAN_POINT('',(5.04204347950651,0.,0.296058727461086));
#4374=CARTESIAN_POINT('',(5.05071705094107,0.,0.295107550635814));
#4375=CARTESIAN_POINT('',(9.82557378766899,20.6732644917843,0.994749868822925));
#4376=CARTESIAN_POINT('',(9.82862252928505,20.6734976816257,0.994581106008805));
#4377=CARTESIAN_POINT('',(9.83167151551352,20.6737275623061,0.994416891019415));
#4378=CARTESIAN_POINT('',(5.05939024006476,0.,0.294152729719128));
#4379=CARTESIAN_POINT('',(5.07673661831215,0.,0.292243087885754));
#4380=CARTESIAN_POINT('',(5.09408299655954,0.,0.290333446052381));
#4381=CARTESIAN_POINT('',(9.83472043481402,20.6739583484001,0.994251431707773));
#4382=CARTESIAN_POINT('',(9.84081827341502,20.6744199205882,0.993920513084489));
#4383=CARTESIAN_POINT('',(9.84691611201602,20.6748814927762,0.993589594461206));
#4384=CARTESIAN_POINT('',(5.11142937480693,0.,0.288423804219008));
#4385=CARTESIAN_POINT('',(5.12877575305432,0.,0.286514162385634));
#4386=CARTESIAN_POINT('',(5.14612930281464,0.,0.284666933247922));
#4387=CARTESIAN_POINT('',(9.85301395061702,20.6753430649643,0.993258675837922));
#4388=CARTESIAN_POINT('',(9.85911178921803,20.6758046371524,0.992927757214639));
#4389=CARTESIAN_POINT('',(9.86521099207418,20.676250701777,0.992618161629644));
#4390=CARTESIAN_POINT('',(5.16347408693482,0.,0.282743417943607));
#4391=CARTESIAN_POINT('',(5.17214647899491,0.,0.281781660291449));
#4392=CARTESIAN_POINT('',(5.18081633779124,0.,0.280797855991438));
#4393=CARTESIAN_POINT('',(9.8713085274203,20.6767157210799,0.992282503192626));
#4394=CARTESIAN_POINT('',(9.87435729509337,20.6769482307314,0.992114673974117));
#4395=CARTESIAN_POINT('',(9.87740558085722,20.6771862182714,0.991939312609923));
#4396=CARTESIAN_POINT('',(5.18948252190094,0.,0.279782071396522));
#4397=CARTESIAN_POINT('',(5.19814870601063,0.,0.278766286801606));
#4398=CARTESIAN_POINT('',(5.20681183241898,0.,0.277723891450244));
#4399=CARTESIAN_POINT('',(9.8804531675761,20.6774321518943,0.991753025310781));
#4400=CARTESIAN_POINT('',(9.88350075429497,20.6776780855173,0.991566738011639));
#4401=CARTESIAN_POINT('',(9.88654775933954,20.6779306310641,0.991371359258064));
#4402=CARTESIAN_POINT('',(5.21547399087898,0.,0.276673072176959));
#4403=CARTESIAN_POINT('',(5.22413614933899,0.,0.275622252903673));
#4404=CARTESIAN_POINT('',(5.23279733985066,0.,0.274563009708466));
#4405=CARTESIAN_POINT('',(9.88959458024883,20.6781852696868,0.991173102506547));
#4406=CARTESIAN_POINT('',(9.89264140115812,20.6784399083095,0.99097484575503));
#4407=CARTESIAN_POINT('',(9.89568803793214,20.678696640008,0.990773711005571));
#4408=CARTESIAN_POINT('',(5.24145965216701,0.,0.273513529425862));
#4409=CARTESIAN_POINT('',(5.25012196448336,0.,0.272464049143257));
#4410=CARTESIAN_POINT('',(5.25878576518253,0.,0.271427522056237));
#4411=CARTESIAN_POINT('',(9.89873488810991,20.6789509459342,0.990575911714659));
#4412=CARTESIAN_POINT('',(9.90178173828769,20.6792052518604,0.990378112423748));
#4413=CARTESIAN_POINT('',(9.90482887160425,20.6794563393308,0.990184738538309));
#4414=CARTESIAN_POINT('',(5.26744911589697,0.,0.270387078831611));
#4415=CARTESIAN_POINT('',(5.28477581732585,0.,0.268306192382361));
#4416=CARTESIAN_POINT('',(5.30210251867846,0.,0.266225305296908));
#4417=CARTESIAN_POINT('',(9.90787591931874,20.6797083998365,0.989990026720682));
#4418=CARTESIAN_POINT('',(9.91397001474773,20.6802125208478,0.989600603085429));
#4419=CARTESIAN_POINT('',(9.9200641101617,20.6807166420171,0.989211179232762));
#4420=CARTESIAN_POINT('',(5.31942922060317,0.,0.264144422982838));
#4421=CARTESIAN_POINT('',(5.33675592252787,0.,0.262063540668768));
#4422=CARTESIAN_POINT('',(5.3540826247669,0.,0.259982660976118));
#4423=CARTESIAN_POINT('',(9.9261582056883,20.681220762001,0.988821757010654));
#4424=CARTESIAN_POINT('',(9.9322523012149,20.6817248819848,0.988432334788547));
#4425=CARTESIAN_POINT('',(9.93834639680338,20.6822290013173,0.988042913462276));
#4426=CARTESIAN_POINT('',(5.37140932726254,0.,0.257901783423639));
#4427=CARTESIAN_POINT('',(5.38007267851036,0.,0.256861344647399));
#4428=CARTESIAN_POINT('',(5.38873553036045,0.,0.255816907379547));
#4429=CARTESIAN_POINT('',(9.94444049244239,20.682733120118,0.987653492867382));
#4430=CARTESIAN_POINT('',(9.94748754026189,20.6829851795183,0.987458782569935));
#4431=CARTESIAN_POINT('',(9.95053448671585,20.6832382324456,0.987262705473198));
#4432=CARTESIAN_POINT('',(5.39739996875461,0.,0.254785173066834));
#4433=CARTESIAN_POINT('',(5.40606440714878,0.,0.25375343875412));
#4434=CARTESIAN_POINT('',(5.41473009280193,0.,0.252731690853445));
#4435=CARTESIAN_POINT('',(9.9535817551979,20.6834881290006,0.987070970611219));
#4436=CARTESIAN_POINT('',(9.95662902367994,20.6837380255556,0.98687923574924));
#4437=CARTESIAN_POINT('',(9.95967654532374,20.6839854407324,0.986690914529588));
#4438=CARTESIAN_POINT('',(5.42339476483989,0.,0.251701827293343));
#4439=CARTESIAN_POINT('',(5.44072410891581,0.,0.249642100173138));
#4440=CARTESIAN_POINT('',(5.45804666292238,0.,0.247528007288211));
#4441=CARTESIAN_POINT('',(9.96272386122879,20.6842348724513,0.986499819144466));
#4442=CARTESIAN_POINT('',(9.96881849303888,20.6847337358891,0.986117628374223));
#4443=CARTESIAN_POINT('',(9.97491174663458,20.6852461078841,0.985716853824417));
#4444=CARTESIAN_POINT('',(5.47535394420324,0.,0.245291630881409));
#4445=CARTESIAN_POINT('',(5.4926612254841,0.,0.243055254474608));
#4446=CARTESIAN_POINT('',(5.50995870715897,0.,0.240740415973006));
#4447=CARTESIAN_POINT('',(9.98100190024913,20.6857888643308,0.985274279255374));
#4448=CARTESIAN_POINT('',(9.98709205386367,20.6863316207775,0.98483170468633));
#4449=CARTESIAN_POINT('',(9.99318021840308,20.6868938731276,0.984362309520145));
#4450=CARTESIAN_POINT('',(5.52726409754813,0.,0.238488899842797));
#4451=CARTESIAN_POINT('',(5.5359167927427,0.,0.237363141777693));
#4452=CARTESIAN_POINT('',(5.54456948793728,0.,0.236237383712589));
#4453=CARTESIAN_POINT('',(9.99926998821385,20.6874403914237,0.983914559758885));
#4454=CARTESIAN_POINT('',(10.0023148731192,20.6877136505717,0.983690684878255));
#4455=CARTESIAN_POINT('',(10.0053597580246,20.6879869097198,0.983466809997624));
#4456=CARTESIAN_POINT('',(5.55322218313186,0.,0.235111625647485));
#4457=CARTESIAN_POINT('',(5.56187487832643,0.,0.23398586758238));
#4458=CARTESIAN_POINT('',(5.57052757352101,0.,0.232860109517276));
#4459=CARTESIAN_POINT('',(10.00840464293,20.6882601688678,0.983242935116994));
#4460=CARTESIAN_POINT('',(10.0114495278354,20.6885334280159,0.983019060236364));
#4461=CARTESIAN_POINT('',(10.0144944127408,20.6888066871639,0.982795185355734));
#4462=CARTESIAN_POINT('',(5.57918026871559,0.,0.231734351452172));
#4463=CARTESIAN_POINT('',(5.58783296391017,0.,0.230608593387068));
#4464=CARTESIAN_POINT('',(5.59648565910474,0.,0.229482835321963));
#4465=CARTESIAN_POINT('',(10.0175392976462,20.689079946312,0.982571310475103));
#4466=CARTESIAN_POINT('',(10.0205841825516,20.68935320546,0.982347435594473));
#4467=CARTESIAN_POINT('',(10.023629067457,20.6896264646081,0.982123560713843));
#4468=CARTESIAN_POINT('',(5.60513835429932,0.,0.228357077256859));
#4469=CARTESIAN_POINT('',(5.6137910494939,0.,0.227231319191755));
#4470=CARTESIAN_POINT('',(5.62244374468848,0.,0.22610556112665));
#4471=CARTESIAN_POINT('',(10.0266739523624,20.6898997237561,0.981899685833213));
#4472=CARTESIAN_POINT('',(10.0297188372677,20.6901729829042,0.981675810952583));
#4473=CARTESIAN_POINT('',(10.0327637221731,20.6904462420522,0.981451936071953));
#4474=CARTESIAN_POINT('',(5.63109643988306,0.,0.224979803061546));
#4475=CARTESIAN_POINT('',(5.64840183027222,0.,0.222728286931337));
#4476=CARTESIAN_POINT('',(5.6657058743276,0.,0.220466789679024));
#4477=CARTESIAN_POINT('',(10.0358086070785,20.6907195012003,0.981228061191323));
#4478=CARTESIAN_POINT('',(10.0418983768893,20.6912660194964,0.980780311430062));
#4479=CARTESIAN_POINT('',(10.047987858813,20.6918150179295,0.980329148009294));
#4480=CARTESIAN_POINT('',(5.68301489862204,0.,0.218242213712702));
#4481=CARTESIAN_POINT('',(5.70032392291649,0.,0.216017637746381));
#4482=CARTESIAN_POINT('',(5.71763483303831,0.,0.2138070424643));
#4483=CARTESIAN_POINT('',(10.0540784056632,20.6923548420587,0.9798906120965));
#4484=CARTESIAN_POINT('',(10.0601689525134,20.6928946661879,0.979452076183706));
#4485=CARTESIAN_POINT('',(10.0662599026108,20.6934310163577,0.979018321827064));
#4486=CARTESIAN_POINT('',(5.73492824670482,0.,0.211466736222961));
#4487=CARTESIAN_POINT('',(5.74357495353807,0.,0.210296583102293));
#4488=CARTESIAN_POINT('',(5.75221742940094,0.,0.209095063478536));
#4489=CARTESIAN_POINT('',(10.0723471114342,20.6939995974678,0.978540204818113));
#4490=CARTESIAN_POINT('',(10.0753907158459,20.6942838880228,0.978301146313637));
#4491=CARTESIAN_POINT('',(10.0784334155468,20.6945759726139,0.978051360101267));
#4492=CARTESIAN_POINT('',(5.76085809736216,0.,0.207880140866806));
#4493=CARTESIAN_POINT('',(5.76949876532338,0.,0.206665218255076));
#4494=CARTESIAN_POINT('',(5.77813762538296,0.,0.205436892655373));
#4495=CARTESIAN_POINT('',(10.0814757286635,20.6948713876167,0.977796989911594));
#4496=CARTESIAN_POINT('',(10.0845180417803,20.6951668026194,0.977542619721921));
#4497=CARTESIAN_POINT('',(10.0875599683128,20.695465548034,0.977283665554946));
#4498=CARTESIAN_POINT('',(5.78677710060963,0.,0.204213127582812));
#4499=CARTESIAN_POINT('',(5.7954165758363,0.,0.202989362510253));
#4500=CARTESIAN_POINT('',(5.80405731211043,0.,0.201774946196292));
#4501=CARTESIAN_POINT('',(10.0906020263876,20.695763160236,0.977026271141262));
#4502=CARTESIAN_POINT('',(10.0936440844624,20.6960607724381,0.976768876727578));
#4503=CARTESIAN_POINT('',(10.0966864121892,20.6963560616346,0.976514679697968));
#4504=CARTESIAN_POINT('',(5.81269848757118,0.,0.20056378575927));
#4505=CARTESIAN_POINT('',(5.82133966303193,0.,0.199352625322247));
#4506=CARTESIAN_POINT('',(5.82998127767931,0.,0.198144720762163));
#4507=CARTESIAN_POINT('',(10.0997288338284,20.6966505418017,0.976261596216173));
#4508=CARTESIAN_POINT('',(10.1027712554677,20.6969450219688,0.976008512734377));
#4509=CARTESIAN_POINT('',(10.1058137710194,20.6972386931066,0.975756542800396));
#4510=CARTESIAN_POINT('',(5.83862250965247,0.,0.196933979197357));
#4511=CARTESIAN_POINT('',(5.84726374162563,0.,0.195723237632552));
#4512=CARTESIAN_POINT('',(5.85590493380915,0.,0.194512221356349));
#4513=CARTESIAN_POINT('',(10.1088562047443,20.6975330691912,0.975503602577968));
#4514=CARTESIAN_POINT('',(10.1118986384692,20.6978274452758,0.97525066235554));
#4515=CARTESIAN_POINT('',(10.1149410633148,20.6981218896234,0.974997628128581));
#4516=CARTESIAN_POINT('',(5.8645461160459,0.,0.193301136373723));
#4517=CARTESIAN_POINT('',(5.87318729828265,0.,0.192090051391097));
#4518=CARTESIAN_POINT('',(5.88182847057262,0.,0.190878897702049));
#4519=CARTESIAN_POINT('',(10.1179834859414,20.6984163510439,0.974744570390801));
#4520=CARTESIAN_POINT('',(10.1210259085679,20.6987108124644,0.97449151265302));
#4521=CARTESIAN_POINT('',(10.1240683289754,20.6990052909578,0.974238431404416));
#4522=CARTESIAN_POINT('',(5.89046966275867,0.,0.189667881311555));
#4523=CARTESIAN_POINT('',(5.90775204713077,0.,0.187245848530566));
#4524=CARTESIAN_POINT('',(5.92503451108717,0.,0.184824364943792));
#4525=CARTESIAN_POINT('',(10.127110753824,20.6992997353338,0.973985397138697));
#4526=CARTESIAN_POINT('',(10.1331956035212,20.6998886240859,0.97347932860726));
#4527=CARTESIAN_POINT('',(10.1392804709829,20.7004773763686,0.972973448007362));
#4528=CARTESIAN_POINT('',(5.94231729337071,0.,0.182405078591039));
#4529=CARTESIAN_POINT('',(5.95960007565424,0.,0.179985792238287));
#4530=CARTESIAN_POINT('',(5.97689168662241,0.,0.177627443876662));
#4531=CARTESIAN_POINT('',(10.1453654094905,20.7010655826603,0.972468319288663));
#4532=CARTESIAN_POINT('',(10.1514503479981,20.7016537889521,0.971963190569964));
#4533=CARTESIAN_POINT('',(10.1575372569648,20.7022268527546,0.971478914495087));
#4534=CARTESIAN_POINT('',(5.99417142085512,0.,0.17518711904515));
#4535=CARTESIAN_POINT('',(6.01145115508782,0.,0.172746794213638));
#4536=CARTESIAN_POINT('',(6.0287128965386,0.,0.170182278305187));
#4537=CARTESIAN_POINT('',(10.163621515183,20.7028202869006,0.970966586525214));
#4538=CARTESIAN_POINT('',(10.1697057734013,20.7034137210467,0.970454258555342));
#4539=CARTESIAN_POINT('',(10.175786015841,20.7040380154494,0.969899433085176));
#4540=CARTESIAN_POINT('',(6.04596760496749,0.,0.167569218557795));
#4541=CARTESIAN_POINT('',(6.05459495918193,0.,0.166262688684099));
#4542=CARTESIAN_POINT('',(6.06322125736194,0.,0.164948869766984));
#4543=CARTESIAN_POINT('',(10.1818646885924,20.7046743725169,0.969327996181583));
#4544=CARTESIAN_POINT('',(10.1849040249681,20.7049925510506,0.969042277729786));
#4545=CARTESIAN_POINT('',(10.1879431256494,20.7053125408397,0.968754065007625));
#4546=CARTESIAN_POINT('',(6.07184908406173,0.,0.163645601093681));
#4547=CARTESIAN_POINT('',(6.08047691076152,0.,0.162342332420377));
#4548=CARTESIAN_POINT('',(6.08910647550659,0.,0.161051060189664));
#4549=CARTESIAN_POINT('',(10.1909825674788,20.7056299089974,0.968469462520641));
#4550=CARTESIAN_POINT('',(10.1940220093081,20.705947277155,0.968184860033657));
#4551=CARTESIAN_POINT('',(10.1970618390492,20.7062616643151,0.967904362663089));
#4552=CARTESIAN_POINT('',(6.0977354437337,0.,0.159755670615488));
#4553=CARTESIAN_POINT('',(6.11499338018793,0.,0.157164891467134));
#4554=CARTESIAN_POINT('',(6.13225131687159,0.,0.154574113849557));
#4555=CARTESIAN_POINT('',(10.2001015356547,20.7065770745944,0.967622456360376));
#4556=CARTESIAN_POINT('',(10.2061809288657,20.7072078951529,0.967058643754952));
#4557=CARTESIAN_POINT('',(10.2122603221289,20.7078387153311,0.96649483167349));
#4558=CARTESIAN_POINT('',(6.14950925334073,0.,0.151983334800682));
#4559=CARTESIAN_POINT('',(6.16676718980987,0.,0.149392555751807));
#4560=CARTESIAN_POINT('',(6.18402512563249,0.,0.146801772389346));
#4561=CARTESIAN_POINT('',(10.2183397153433,20.708469535865,0.965931019102115));
#4562=CARTESIAN_POINT('',(10.2244191085577,20.7091003563988,0.96536720653074));
#4563=CARTESIAN_POINT('',(10.2304985016251,20.7097311780046,0.964803392482886));
#4564=CARTESIAN_POINT('',(6.20128306231819,0.,0.144210994785361));
#4565=CARTESIAN_POINT('',(6.20991203066104,0.,0.142915605983369));
#4566=CARTESIAN_POINT('',(6.2185404235064,0.,0.141616501256551));
#4567=CARTESIAN_POINT('',(10.2365778948887,20.7103619981794,0.964239580406076));
#4568=CARTESIAN_POINT('',(10.2396175915205,20.7106774082668,0.963957674367672));
#4569=CARTESIAN_POINT('',(10.2426571550167,20.7109937417521,0.963674496080653));
#4570=CARTESIAN_POINT('',(6.2271708081296,0.,0.140330257476717));
#4571=CARTESIAN_POINT('',(6.23580119275279,0.,0.139044013696882));
#4572=CARTESIAN_POINT('',(6.24443302050898,0.,0.137767088261094));
#4573=CARTESIAN_POINT('',(10.2456971792862,20.7113068793246,0.963395721090276));
#4574=CARTESIAN_POINT('',(10.2487372035557,20.7116200168971,0.963116946099898));
#4575=CARTESIAN_POINT('',(10.2517775616761,20.7119308388847,0.96284136149922));
#4576=CARTESIAN_POINT('',(6.2530635445146,0.,0.136481744545563));
#4577=CARTESIAN_POINT('',(6.26169406852021,0.,0.135196400830033));
#4578=CARTESIAN_POINT('',(6.27032328877525,0.,0.133902638834762));
#4579=CARTESIAN_POINT('',(10.2548176181887,20.7122437527935,0.962562894670255));
#4580=CARTESIAN_POINT('',(10.2578576747013,20.7125566667023,0.962284427841291));
#4581=CARTESIAN_POINT('',(10.2608974296062,20.7128716725324,0.962003078784041));
#4582=CARTESIAN_POINT('',(6.27894845839616,0.,0.132582721935962));
#4583=CARTESIAN_POINT('',(6.28757362801707,0.,0.131262805037162));
#4584=CARTESIAN_POINT('',(6.2961939384715,0.,0.129911512548529));
#4585=CARTESIAN_POINT('',(10.2639362474446,20.7131931777899,0.96171277488052));
#4586=CARTESIAN_POINT('',(10.266975065283,20.7135146830474,0.961422470977));
#4587=CARTESIAN_POINT('',(10.2700127590106,20.7138439850597,0.961121424782528));
#4588=CARTESIAN_POINT('',(6.30481091561601,0.,0.12853869693456));
#4589=CARTESIAN_POINT('',(6.32204486990504,0.,0.125793065706623));
#4590=CARTESIAN_POINT('',(6.33926712752268,0.,0.122971909249554));
#4591=CARTESIAN_POINT('',(10.2730496816158,20.7141786355143,0.960813009557613));
#4592=CARTESIAN_POINT('',(10.2791235268263,20.7148479364234,0.960196179107783));
#4593=CARTESIAN_POINT('',(10.2851946661487,20.7155360051611,0.959553490530811));
#4594=CARTESIAN_POINT('',(6.35649896191993,0.,0.120212589983487));
#4595=CARTESIAN_POINT('',(6.37373079631718,0.,0.117453270717419));
#4596=CARTESIAN_POINT('',(6.39096263016195,0.,0.114693947995566));
#4597=CARTESIAN_POINT('',(10.2912680209457,20.7162087075132,0.958931973606679));
#4598=CARTESIAN_POINT('',(10.2973413757427,20.7168814098652,0.958310456682547));
#4599=CARTESIAN_POINT('',(10.3034147304098,20.717554113076,0.957688938574916));
#4600=CARTESIAN_POINT('',(6.40819446429535,0.,0.111934627079087));
#4601=CARTESIAN_POINT('',(6.41681038136205,0.,0.110554966620847));
#4602=CARTESIAN_POINT('',(6.42542566998387,0.,0.109171494263693));
#4603=CARTESIAN_POINT('',(10.3094880851448,20.7182268158381,0.95706742108557));
#4604=CARTESIAN_POINT('',(10.3125247625123,20.7185631672192,0.956756662340897));
#4605=CARTESIAN_POINT('',(10.3155612899947,20.7189004658755,0.956444597791218));
#4606=CARTESIAN_POINT('',(6.43404304087258,0.,0.107800652198012));
#4607=CARTESIAN_POINT('',(6.44266041176129,0.,0.106429810132331));
#4608=CARTESIAN_POINT('',(6.45127935235439,0.,0.105068489336401));
#4609=CARTESIAN_POINT('',(10.3185983140996,20.7192346258436,0.956136859876967));
#4610=CARTESIAN_POINT('',(10.3216353382045,20.7195687858116,0.955829121962716));
#4611=CARTESIAN_POINT('',(10.3246727366853,20.7199005796982,0.955524645656726));
#4612=CARTESIAN_POINT('',(6.45989696142678,0.,0.103699092024818));
#4613=CARTESIAN_POINT('',(6.46851457049918,0.,0.102329694713234));
#4614=CARTESIAN_POINT('',(6.47713084805087,0.,0.100952220885998));
#4615=CARTESIAN_POINT('',(10.3277098175969,20.7202343806379,0.955217402657707));
#4616=CARTESIAN_POINT('',(10.3307468985085,20.7205681815776,0.954910159658688));
#4617=CARTESIAN_POINT('',(10.333783661851,20.7209039895703,0.95460014996664));
#4618=CARTESIAN_POINT('',(6.48574289285677,0.,0.0995490727577059));
#4619=CARTESIAN_POINT('',(6.49435493766267,0.,0.0981459246294135));
#4620=CARTESIAN_POINT('',(6.50296237500591,0.,0.0967148293026498));
#4621=CARTESIAN_POINT('',(10.3368194156792,20.7212461777506,0.954281345280275));
#4622=CARTESIAN_POINT('',(10.3398551695074,20.7215883659309,0.95396254059391));
#4623=CARTESIAN_POINT('',(10.342889824451,20.7219374991246,0.953634162308981));
#4624=CARTESIAN_POINT('',(6.51156788353175,0.,0.0952720344738665));
#4625=CARTESIAN_POINT('',(6.52877890058345,0.,0.0923864448162998));
#4626=CARTESIAN_POINT('',(6.54597957862055,0.,0.0894381424593134));
#4627=CARTESIAN_POINT('',(6.56316991764307,0.,0.0864271274029072));
#4628=CARTESIAN_POINT('',(10.3459240193695,20.722289539701,0.953301776240007));
#4629=CARTESIAN_POINT('',(10.3519924092067,20.7229936208538,0.952637004102059));
#4630=CARTESIAN_POINT('',(10.3580583331779,20.7237132864146,0.951950749087715));
#4631=CARTESIAN_POINT('',(10.3641217912832,20.7244485363833,0.951243011196976));
#4632=B_SPLINE_SURFACE_WITH_KNOTS('Surf_YQAQDGAXIA, MainWing, 0, 11, teupper',1,1,((#4633, #4634),(#4635, #4636)),.UNSPECIFIED.,.F.,.F.,.F.,(2,2),(2,2),(0.,1.),(0.,1.),.PIECEWISE_BEZIER_KNOTS.);
#4633=CARTESIAN_POINT('',(6.56316991764307,0.,0.0864271274029072));
#4634=CARTESIAN_POINT('',(6.56316991764307,0.,0.0563504870924528));
#4635=CARTESIAN_POINT('',(10.3641217912832,20.7244485363833,0.951243011196976));
#4636=CARTESIAN_POINT('',(10.3646722765795,20.7319190813419,0.941030705290896));
#4637=B_SPLINE_SURFACE_WITH_KNOTS('Surf_YQAQDGAXIA, MainWing, 0, 12, telower',1,1,((#4638, #4639),(#4640, #4641)),.UNSPECIFIED.,.F.,.F.,.F.,(2,2),(2,2),(0.,1.),(0.,1.),.PIECEWISE_BEZIER_KNOTS.);
#4638=CARTESIAN_POINT('',(10.3646722765795,20.7319190813419,0.941030705290896));
#4639=CARTESIAN_POINT('',(10.3652227618758,20.7393896263006,0.930818399384816));
#4640=CARTESIAN_POINT('',(10.7792834691107,21.5086078687156,3.1111081319043));
#4641=CARTESIAN_POINT('',(10.7796436402227,21.5124763714735,3.10970011204926));
#4642=B_SPLINE_SURFACE_WITH_KNOTS('Surf_YQAQDGAXIA, MainWing, 0, 13, lower',1,3,((#4643, #4644, #4645, #4649, #4650, #4651, #4655, #4656, #4657, #4661, #4662, #4663, #4667, #4668, #4669, #4673, #4674, #4675, #4679, #4680, #4681, #4685, #4686, #4687, #4691, #4692, #4693, #4697, #4698, #4699, #4703, #4704, #4705, #4709, #4710, #4711, #4715, #4716, #4717, #4721, #4722, #4723, #4727, #4728, #4729, #4733, #4734, #4735, #4739, #4740, #4741, #4745, #4746, #4747, #4751, #4752, #4753, #4757, #4758, #4759, #4763, #4764, #4765, #4769, #4770, #4771, #4775, #4776, #4777, #4781, #4782, #4783, #4787, #4788, #4789, #4793, #4794, #4795, #4799, #4800, #4801, #4805, #4806, #4807, #4811, #4812, #4813, #4817, #4818, #4819, #4823, #4824, #4825, #4829, #4830, #4831, #4835, #4836, #4837, #4841, #4842, #4843, #4847, #4848, #4849, #4853, #4854, #4855, #4859, #4860, #4861, #4865, #4866, #4867, #4871, #4872, #4873, #4877, #4878, #4879, #4883, #4884, #4885, #4889, #4890, #4891, #4895, #4896, #4897, #4901, #4902, #4903, #4907, #4908, #4909, #4913, #4914, #4915, #4919, #4920, #4921, #4925, #4926, #4927, #4931, #4932, #4933, #4937, #4938, #4939, #4943, #4944, #4945, #4949, #4950, #4951, #4955, #4956, #4957, #4961, #4962, #4963, #4967, #4968, #4969, #4973, #4974, #4975, #4979, #4980, #4981, #4985, #4986, #4987, #4991, #4992, #4993, #4997, #4998, #4999, #5003, #5004, #5005, #5009, #5010, #5011, #5015, #5016, #5017, #5021, #5022, #5023, #5027, #5028, #5029, #5033, #5034, #5035, #5039, #5040, #5041, #5045, #5046, #5047, #5051, #5052, #5053, #5057, #5058, #5059, #5063, #5064, #5065, #5069, #5070, #5071, #5075, #5076, #5077, #5081, #5082, #5083, #5087, #5088, #5089, #5093, #5094, #5095, #5099, #5100, #5101, #5105, #5106, #5107, #5111, #5112, #5113, #5117, #5118, #5119, #5123, #5124, #5125, #5129, #5130, #5131, #5135, #5136, #5137, #5141, #5142, #5143, #5147, #5148, #5149, #5153, #5154, #5155, #5159, #5160, #5161, #5165, #5166, #5167, #5171, #5172, #5173, #5177, #5178, #5179, #5183, #5184, #5185, #5189, #5190, #5191, #5195, #5196, #5197, #5201, #5202, #5203, #5207, #5208, #5209, #5213, #5214, #5215, #5219, #5220, #5221, #5225, #5226, #5227, #5231, #5232, #5233, #5237, #5238, #5239, #5243, #5244, #5245, #5249, #5250, #5251, #5255, #5256, #5257, #5261, #5262, #5263, #5267, #5268, #5269, #5273, #5274, #5275, #5279, #5280, #5281, #5285, #5286, #5287, #5291, #5292, #5293, #5297, #5298, #5299, #5303, #5304, #5305, #5309, #5310, #5311, #5315, #5316, #5317, #5321, #5322, #5323, #5327, #5328, #5329, #5333, #5334, #5335, #5339, #5340, #5341, #5345, #5346, #5347, #5351, #5352, #5353, #5357, #5358, #5359, #5363, #5364, #5365, #5369, #5370, #5371, #5375, #5376, #5377, #5381, #5382, #5383, #5387, #5388, #5389, #5393, #5394, #5395, #5399, #5400, #5401, #5405, #5406, #5407, #5411, #5412, #5413, #5417, #5418, #5419, #5423, #5424, #5425, #5429, #5430, #5431, #5435, #5436, #5437, #5441, #5442, #5443, #5447, #5448, #5449, #5453, #5454, #5455, #5459, #5460, #5461, #5465, #5466, #5467, #5471, #5472, #5473, #5477, #5478, #5479, #5483, #5484, #5485, #5489, #5490, #5491, #5495, #5496, #5497, #5501, #5502, #5503, #5507, #5508, #5509, #5513, #5514, #5515, #5519, #5520, #5521, #5525, #5526, #5527, #5531, #5532, #5533, #5537, #5538, #5539, #5543, #5544, #5545, #5549, #5550, #5551, #5555, #5556, #5557, #5561, #5562, #5563, #5567, #5568, #5569, #5573, #5574, #5575, #5579, #5580, #5581, #5585, #5586, #5587, #5591, #5592, #5593, #5597, #5598, #5599, #5603, #5604, #5605, #5609, #5610, #5611, #5615, #5616, #5617, #5621, #5622, #5623, #5627, #5628, #5629, #5633, #5634, #5635, #5639, #5640, #5641, #5645, #5646, #5647, #5651, #5652, #5653, #5657, #5658, #5659, #5663, #5664, #5665, #5669, #5670, #5671, #5675, #5676, #5677, #5681, #5682, #5683, #5687, #5688, #5689, #5693, #5694, #5695, #5699, #5700, #5701, #5705, #5706, #5707, #5711, #5712, #5713, #5717, #5718, #5719, #5723, #5724, #5725, #5729, #5730, #5731, #5735, #5736, #5737, #5741, #5742, #5743, #5747, #5748, #5749, #5753, #5754, #5755, #5759, #5760, #5761, #5765, #5766, #5767, #5771, #5772, #5773, #5777, #5778, #5779, #5780),(#4646, #4647, #4648, #4652, #4653, #4654, #4658, #4659, #4660, #4664, #4665, #4666, #4670, #4671, #4672, #4676, #4677, #4678, #4682, #4683, #4684, #4688, #4689, #4690, #4694, #4695, #4696, #4700, #4701, #4702, #4706, #4707, #4708, #4712, #4713, #4714, #4718, #4719, #4720, #4724, #4725, #4726, #4730, #4731, #4732, #4736, #4737, #4738, #4742, #4743, #4744, #4748, #4749, #4750, #4754, #4755, #4756, #4760, #4761, #4762, #4766, #4767, #4768, #4772, #4773, #4774, #4778, #4779, #4780, #4784, #4785, #4786, #4790, #4791, #4792, #4796, #4797, #4798, #4802, #4803, #4804, #4808, #4809, #4810, #4814, #4815, #4816, #4820, #4821, #4822, #4826, #4827, #4828, #4832, #4833, #4834, #4838, #4839, #4840, #4844, #4845, #4846, #4850, #4851, #4852, #4856, #4857, #4858, #4862, #4863, #4864, #4868, #4869, #4870, #4874, #4875, #4876, #4880, #4881, #4882, #4886, #4887, #4888, #4892, #4893, #4894, #4898, #4899, #4900, #4904, #4905, #4906, #4910, #4911, #4912, #4916, #4917, #4918, #4922, #4923, #4924, #4928, #4929, #4930, #4934, #4935, #4936, #4940, #4941, #4942, #4946, #4947, #4948, #4952, #4953, #4954, #4958, #4959, #4960, #4964, #4965, #4966, #4970, #4971, #4972, #4976, #4977, #4978, #4982, #4983, #4984, #4988, #4989, #4990, #4994, #4995, #4996, #5000, #5001, #5002, #5006, #5007, #5008, #5012, #5013, #5014, #5018, #5019, #5020, #5024, #5025, #5026, #5030, #5031, #5032, #5036, #5037, #5038, #5042, #5043, #5044, #5048, #5049, #5050, #5054, #5055, #5056, #5060, #5061, #5062, #5066, #5067, #5068, #5072, #5073, #5074, #5078, #5079, #5080, #5084, #5085, #5086, #5090, #5091, #5092, #5096, #5097, #5098, #5102, #5103, #5104, #5108, #5109, #5110, #5114, #5115, #5116, #5120, #5121, #5122, #5126, #5127, #5128, #5132, #5133, #5134, #5138, #5139, #5140, #5144, #5145, #5146, #5150, #5151, #5152, #5156, #5157, #5158, #5162, #5163, #5164, #5168, #5169, #5170, #5174, #5175, #5176, #5180, #5181, #5182, #5186, #5187, #5188, #5192, #5193, #5194, #5198, #5199, #5200, #5204, #5205, #5206, #5210, #5211, #5212, #5216, #5217, #5218, #5222, #5223, #5224, #5228, #5229, #5230, #5234, #5235, #5236, #5240, #5241, #5242, #5246, #5247, #5248, #5252, #5253, #5254, #5258, #5259, #5260, #5264, #5265, #5266, #5270, #5271, #5272, #5276, #5277, #5278, #5282, #5283, #5284, #5288, #5289, #5290, #5294, #5295, #5296, #5300, #5301, #5302, #5306, #5307, #5308, #5312, #5313, #5314, #5318, #5319, #5320, #5324, #5325, #5326, #5330, #5331, #5332, #5336, #5337, #5338, #5342, #5343, #5344, #5348, #5349, #5350, #5354, #5355, #5356, #5360, #5361, #5362, #5366, #5367, #5368, #5372, #5373, #5374, #5378, #5379, #5380, #5384, #5385, #5386, #5390, #5391, #5392, #5396, #5397, #5398, #5402, #5403, #5404, #5408, #5409, #5410, #5414, #5415, #5416, #5420, #5421, #5422, #5426, #5427, #5428, #5432, #5433, #5434, #5438, #5439, #5440, #5444, #5445, #5446, #5450, #5451, #5452, #5456, #5457, #5458, #5462, #5463, #5464, #5468, #5469, #5470, #5474, #5475, #5476, #5480, #5481, #5482, #5486, #5487, #5488, #5492, #5493, #5494, #5498, #5499, #5500, #5504, #5505, #5506, #5510, #5511, #5512, #5516, #5517, #5518, #5522, #5523, #5524, #5528, #5529, #5530, #5534, #5535, #5536, #5540, #5541, #5542, #5546, #5547, #5548, #5552, #5553, #5554, #5558, #5559, #5560, #5564, #5565, #5566, #5570, #5571, #5572, #5576, #5577, #5578, #5582, #5583, #5584, #5588, #5589, #5590, #5594, #5595, #5596, #5600, #5601, #5602, #5606, #5607, #5608, #5612, #5613, #5614, #5618, #5619, #5620, #5624, #5625, #5626, #5630, #5631, #5632, #5636, #5637, #5638, #5642, #5643, #5644, #5648, #5649, #5650, #5654, #5655, #5656, #5660, #5661, #5662, #5666, #5667, #5668, #5672, #5673, #5674, #5678, #5679, #5680, #5684, #5685, #5686, #5690, #5691, #5692, #5696, #5697, #5698, #5702, #5703, #5704, #5708, #5709, #5710, #5714, #5715, #5716, #5720, #5721, #5722, #5726, #5727, #5728, #5732, #5733, #5734, #5738, #5739, #5740, #5744, #5745, #5746, #5750, #5751, #5752, #5756, #5757, #5758, #5762, #5763, #5764, #5768, #5769, #5770, #5774, #5775, #5776, #5781, #5782, #5783, #5784)),.UNSPECIFIED.,.F.,.F.,.F.,(2,2),(4,3,3,3,3,3,3,3,3,3,3,3,3,3,3,3,3,3,3,3,3,3,3,3,3,3,3,3,3,3,3,3,3,3,3,3,3,3,3,3,3,3,3,3,3,3,3,3,3,3,3,3,3,3,3,3,3,3,3,3,3,3,3,3,3,3,3,3,3,3,3,3,3,3,3,3,3,3,3,3,3,3,3,3,3,3,3,3,3,3,3,3,3,3,3,3,3,3,3,3,3,3,3,3,3,3,3,3,3,3,3,3,3,3,3,3,3,3,3,3,3,3,3,3,3,3,3,3,3,3,3,3,3,3,3,3,3,3,3,3,3,3,3,3,3,3,3,3,3,3,3,3,3,3,3,3,3,3,3,3,3,3,3,3,3,3,3,3,3,3,3,3,3,3,3,3,3,3,3,3,3,3,3,3,3,3,3,3,3,3,4),(0.,1.),(0.,1.,2.,3.,4.,5.,6.,7.,8.,9.,10.,11.,12.,13.,14.,15.,16.,17.,18.,19.,20.,21.,22.,23.,24.,25.,26.,27.,28.,29.,30.,31.,32.,33.,34.,35.,36.,37.,38.,39.,40.,41.,42.,43.,44.,45.,46.,47.,48.,49.,50.,51.,52.,53.,54.,55.,56.,57.,58.,59.,60.,61.,62.,63.,64.,65.,66.,67.,68.,69.,70.,71.,72.,73.,74.,75.,76.,77.,78.,79.,80.,81.,82.,83.,84.,85.,86.,87.,88.,89.,90.,91.,92.,93.,94.,95.,96.,97.,98.,99.,100.,101.,102.,103.,104.,105.,106.,107.,108.,109.,110.,111.,112.,113.,114.,115.,116.,117.,118.,119.,120.,121.,122.,123.,124.,125.,126.,127.,128.,129.,130.,131.,132.,133.,134.,135.,136.,137.,138.,139.,140.,141.,142.,143.,144.,145.,146.,147.,148.,149.,150.,151.,152.,153.,154.,155.,156.,157.,158.,159.,160.,161.,162.,163.,164.,165.,166.,167.,168.,169.,170.,171.,172.,173.,174.,175.,176.,177.,178.,179.,180.,181.,182.,183.,184.,185.,186.,187.,188.,189.,190.),.PIECEWISE_BEZIER_KNOTS.);
#4643=CARTESIAN_POINT('',(10.3652227618758,20.7393896263006,0.930818399384816));
#4644=CARTESIAN_POINT('',(10.3590696578446,20.7392060564806,0.930765537775515));
#4645=CARTESIAN_POINT('',(10.352916961109,20.7390391281528,0.930689886563397));
#4646=CARTESIAN_POINT('',(10.7796436402227,21.5124763714735,3.10970011204926));
#4647=CARTESIAN_POINT('',(10.7772282634652,21.5125724223429,3.1096651523918));
#4648=CARTESIAN_POINT('',(10.7748133680176,21.5126771162367,3.10962704693077));
#4649=CARTESIAN_POINT('',(10.3467646716689,20.7388888413171,0.930591445748462));
#4650=CARTESIAN_POINT('',(10.3436885269489,20.7388136978992,0.930542225340995));
#4651=CARTESIAN_POINT('',(10.340612609435,20.7387445967698,0.930484734278959));
#4652=CARTESIAN_POINT('',(10.7723989538797,21.5127904531547,3.10958579566617));
#4653=CARTESIAN_POINT('',(10.7711917468108,21.5128471216137,3.10956517003386));
#4654=CARTESIAN_POINT('',(10.7699847455907,21.5129069257624,3.10954340310384));
#4655=CARTESIAN_POINT('',(10.3375363390245,20.7386728309218,0.930430878166311));
#4656=CARTESIAN_POINT('',(10.3344600686139,20.7386010650739,0.930377022053664));
#4657=CARTESIAN_POINT('',(10.3313835847291,20.7385287271566,0.930323939487978));
#4658=CARTESIAN_POINT('',(10.7687775545398,21.5129653549018,3.10952213663629));
#4659=CARTESIAN_POINT('',(10.7675703634889,21.5130237840412,3.10950087016873));
#4660=CARTESIAN_POINT('',(10.7663630777051,21.5130819222764,3.10947970958168));
#4661=CARTESIAN_POINT('',(10.3283075235547,20.7384653659329,0.930258573882321));
#4662=CARTESIAN_POINT('',(10.3252314623803,20.7384020047092,0.930193208276664));
#4663=CARTESIAN_POINT('',(10.3221558239163,20.7383476201792,0.930115559631037));
#4664=CARTESIAN_POINT('',(10.7651561311208,21.5131447163813,3.10945685439658));
#4665=CARTESIAN_POINT('',(10.7639491845366,21.5132075104863,3.10943399921148));
#4666=CARTESIAN_POINT('',(10.7627425771518,21.5132749604611,3.10940944942834));
#4667=CARTESIAN_POINT('',(10.3190812443475,20.738311761106,0.930012571358507));
#4668=CARTESIAN_POINT('',(10.3160066647787,20.7382759020328,0.929909583085977));
#4669=CARTESIAN_POINT('',(10.3129330916146,20.7382597046478,0.929779695206941));
#4670=CARTESIAN_POINT('',(10.761536742899,21.51335201308,3.10938140456861));
#4671=CARTESIAN_POINT('',(10.7603309086463,21.5134290656988,3.10935335970888));
#4672=CARTESIAN_POINT('',(10.7591258489129,21.5135163135811,3.10932160407672));
#4673=CARTESIAN_POINT('',(10.3098599963853,20.7382559142464,0.929632825274117));
#4674=CARTESIAN_POINT('',(10.3037138059266,20.7382483334435,0.929339085408468));
#4675=CARTESIAN_POINT('',(10.2975706085544,20.7382926349655,0.92897438084172));
#4676=CARTESIAN_POINT('',(10.7579212163292,21.5136099998033,3.10928750508048));
#4677=CARTESIAN_POINT('',(10.7555119511618,21.5137973722477,3.10921930708799));
#4678=CARTESIAN_POINT('',(10.7531048620231,21.5140116369635,3.1091413211092));
#4679=CARTESIAN_POINT('',(10.2914298290167,20.7383517287133,0.928589520866783));
#4680=CARTESIAN_POINT('',(10.285289049479,20.7384108224611,0.928204660891845));
#4681=CARTESIAN_POINT('',(10.2791484935048,20.7384893145967,0.92779322346757));
#4682=CARTESIAN_POINT('',(10.7506990065197,21.5142335202657,3.10906056219171));
#4683=CARTESIAN_POINT('',(10.7482931510162,21.514455403568,3.10897980327422));
#4684=CARTESIAN_POINT('',(10.745887758093,21.5146873695516,3.1088953745608));
#4685=CARTESIAN_POINT('',(10.2730155035917,20.7386251069412,0.927303621571761));
#4686=CARTESIAN_POINT('',(10.2699490086352,20.7386930031135,0.927058820623857));
#4687=CARTESIAN_POINT('',(10.2668846330346,20.7387760914657,0.926793301298704));
#4688=CARTESIAN_POINT('',(10.7434864383867,21.5149489034535,3.10880018400528));
#4689=CARTESIAN_POINT('',(10.7422857785335,21.5150796704044,3.10875258872752));
#4690=CARTESIAN_POINT('',(10.7410862430518,21.5152182732599,3.10870214141371));
#4691=CARTESIAN_POINT('',(10.2638224257598,20.7388778991166,0.926502231553886));
#4692=CARTESIAN_POINT('',(10.260760218485,20.7389797067674,0.926211161809067));
#4693=CARTESIAN_POINT('',(10.2576999155048,20.7390973970946,0.925898416612253));
#4694=CARTESIAN_POINT('',(10.7398879193116,21.5153665450482,3.10864817489618));
#4695=CARTESIAN_POINT('',(10.7386895955715,21.5155148168366,3.10859420837866));
#4696=CARTESIAN_POINT('',(10.7374923252518,21.5156712903702,3.10853725666996));
#4697=CARTESIAN_POINT('',(10.2546404791583,20.7392214416377,0.925577004856303));
#4698=CARTESIAN_POINT('',(10.2515810428118,20.7393454861808,0.925255593100352));
#4699=CARTESIAN_POINT('',(10.248522473099,20.7394758849398,0.924925514785265));
#4700=CARTESIAN_POINT('',(10.7362955174464,21.5158310419319,3.10847911185661));
#4701=CARTESIAN_POINT('',(10.7350987096409,21.5159907934937,3.10842096704326));
#4702=CARTESIAN_POINT('',(10.7339023643496,21.5161538230835,3.10836162912526));
#4703=CARTESIAN_POINT('',(10.2454637323593,20.7396031094542,0.924599778803901));
#4704=CARTESIAN_POINT('',(10.2424049916196,20.7397303339686,0.924274042822537));
#4705=CARTESIAN_POINT('',(10.2393459827656,20.739855744648,0.92395077971746));
#4706=CARTESIAN_POINT('',(10.7327058906662,21.5163152069842,3.10830289018912));
#4707=CARTESIAN_POINT('',(10.7315094169827,21.5164765908848,3.10824415125299));
#4708=CARTESIAN_POINT('',(10.7303128031472,21.5166370397053,3.10818575265823));
#4709=CARTESIAN_POINT('',(10.2362876174077,20.7399859986904,0.923620909871105));
#4710=CARTESIAN_POINT('',(10.230170886692,20.7402465067751,0.922961170178395));
#4711=CARTESIAN_POINT('',(10.2240576847434,20.7405280328466,0.922272796674359));
#4712=CARTESIAN_POINT('',(10.7291165351596,21.5167999876629,3.10812644445192));
#4713=CARTESIAN_POINT('',(10.7267239991843,21.5171258835782,3.10800782803929));
#4714=CARTESIAN_POINT('',(10.7243332526331,21.5174626016906,3.10788527266902));
#4715=CARTESIAN_POINT('',(10.2179521817188,20.7408549506151,0.921522587743582));
#4716=CARTESIAN_POINT('',(10.2118466786941,20.7411818683836,0.920772378812806));
#4717=CARTESIAN_POINT('',(10.2057462464104,20.7415419597321,0.919976951237972));
#4718=CARTESIAN_POINT('',(10.7219464011981,21.5178226896377,3.10775421137457));
#4719=CARTESIAN_POINT('',(10.719559549763,21.5181827775847,3.10762315008013));
#4720=CARTESIAN_POINT('',(10.7171753271134,21.518559962193,3.10748586610991));
#4721=CARTESIAN_POINT('',(10.1996529097392,20.7419347426681,0.919137065861238));
#4722=CARTESIAN_POINT('',(10.1966062414036,20.7421311341361,0.918717123172871));
#4723=CARTESIAN_POINT('',(10.1935614830677,20.7423361764066,0.918285417724289));
#4724=CARTESIAN_POINT('',(10.7147945176205,21.5189539297355,3.10734247365115));
#4725=CARTESIAN_POINT('',(10.7136041128741,21.5191509135068,3.10727077742177));
#4726=CARTESIAN_POINT('',(10.712414624,21.5193523373473,3.10719746513934));
#4727=CARTESIAN_POINT('',(10.190518829737,20.742552303292,0.917838623245965));
#4728=CARTESIAN_POINT('',(10.1874761764064,20.7427684301775,0.91739182876764));
#4729=CARTESIAN_POINT('',(10.1844353657163,20.742993873719,0.916932355539925));
#4730=CARTESIAN_POINT('',(10.7112261744774,21.5195594610805,3.10712207826565));
#4731=CARTESIAN_POINT('',(10.7100377249548,21.5197665848137,3.10704669139196));
#4732=CARTESIAN_POINT('',(10.708850177772,21.5199784970419,3.10696956164865));
#4733=CARTESIAN_POINT('',(10.1813955543429,20.7432239330762,0.916466605067032));
#4734=CARTESIAN_POINT('',(10.1753159315961,20.7436840517904,0.915535104121246));
#4735=CARTESIAN_POINT('',(10.1692387192811,20.7441538398878,0.914590469054626));
#4736=CARTESIAN_POINT('',(10.7076631115096,21.5201927789777,3.10689156940227));
#4737=CARTESIAN_POINT('',(10.7052889789849,21.5206213428493,3.10673558490952));
#4738=CARTESIAN_POINT('',(10.7029159781745,21.521054861005,3.10657779720481));
#4739=CARTESIAN_POINT('',(10.1631649512761,20.744639497853,0.913624252296357));
#4740=CARTESIAN_POINT('',(10.1570911832711,20.7451251558182,0.912658035538087));
#4741=CARTESIAN_POINT('',(10.1510220375192,20.7456303616116,0.911665254158467));
#4742=CARTESIAN_POINT('',(10.7005446341761,21.5214965263073,3.1064170441813));
#4743=CARTESIAN_POINT('',(10.6981732901776,21.5219381916095,3.10625629115778));
#4744=CARTESIAN_POINT('',(10.6958041357998,21.5223898804011,3.10609188988248));
#4745=CARTESIAN_POINT('',(10.14495463805,20.7461437981046,0.910661277734013));
#4746=CARTESIAN_POINT('',(10.1388872385809,20.7466572345976,0.909657301309559));
#4747=CARTESIAN_POINT('',(10.1328210987042,20.7471776863294,0.908643771735745));
#4748=CARTESIAN_POINT('',(10.6934358250021,21.5228457958509,3.10592595022942));
#4749=CARTESIAN_POINT('',(10.6910675142044,21.5233017113006,3.10576001057636));
#4750=CARTESIAN_POINT('',(10.6886998327255,21.5237612363631,3.10559275713173));
#4751=CARTESIAN_POINT('',(10.1267663332934,20.7477415425571,0.907571312379963));
#4752=CARTESIAN_POINT('',(10.123738950588,20.7480234706709,0.907035082702071));
#4753=CARTESIAN_POINT('',(10.1207150701323,20.7483188120594,0.90648064134319));
#4754=CARTESIAN_POINT('',(10.6863374486522,21.5242429832512,3.10541741560401));
#4755=CARTESIAN_POINT('',(10.6851562566156,21.5244838566952,3.10532974484015));
#4756=CARTESIAN_POINT('',(10.683976696618,21.5247315977399,3.10523957447411));
#4757=CARTESIAN_POINT('',(10.1176940985198,20.74862557868,0.905910683861669));
#4758=CARTESIAN_POINT('',(10.1146731269074,20.7489323453006,0.905340726380147));
#4759=CARTESIAN_POINT('',(10.111654570645,20.7492485265526,0.904757984198229));
#4760=CARTESIAN_POINT('',(10.6827984976357,21.5249851908202,3.10514727414125));
#4761=CARTESIAN_POINT('',(10.6816202986534,21.5252387839005,3.1050549738084));
#4762=CARTESIAN_POINT('',(10.6804432283892,21.5254971986083,3.10496091854664));
#4763=CARTESIAN_POINT('',(10.1086360844447,20.7495649808774,0.904174871194256));
#4764=CARTESIAN_POINT('',(10.1056175982443,20.7498814352022,0.903591758190283));
#4765=CARTESIAN_POINT('',(10.1025990096055,20.7501974424066,0.903009252965613));
#4766=CARTESIAN_POINT('',(10.6792661908655,21.5257557531681,3.10486681238294));
#4767=CARTESIAN_POINT('',(10.6780891533417,21.5260143077279,3.10477270621924));
#4768=CARTESIAN_POINT('',(10.6769120670228,21.5262726329166,3.1046786835398));
#4769=CARTESIAN_POINT('',(10.0995785156664,20.7505061261165,0.902436691451176));
#4770=CARTESIAN_POINT('',(10.0965580217272,20.7508148098265,0.901864129936739));
#4771=CARTESIAN_POINT('',(10.0935365289324,20.7511198963732,0.901296449468618));
#4772=CARTESIAN_POINT('',(10.6757340923291,21.5265272082596,3.10458602569259));
#4773=CARTESIAN_POINT('',(10.6745561176354,21.5267817836026,3.10449336784537));
#4774=CARTESIAN_POINT('',(10.6733776818915,21.5270345190529,3.10440137966431));
#4775=CARTESIAN_POINT('',(10.0905152962966,20.7514259198371,0.900727497682905));
#4776=CARTESIAN_POINT('',(10.0874940636608,20.7517319433011,0.900158545897191));
#4777=CARTESIAN_POINT('',(10.084473091184,20.7520389036823,0.899588322793885));
#4778=CARTESIAN_POINT('',(10.6721993662316,21.5272877337217,3.10430921706196));
#4779=CARTESIAN_POINT('',(10.6710210505716,21.5275409483906,3.1042170544596));
#4780=CARTESIAN_POINT('',(10.6698428549957,21.5277946422781,3.10412471743595));
#4781=CARTESIAN_POINT('',(10.0814536378811,20.7523513350611,0.899010676009076));
#4782=CARTESIAN_POINT('',(10.0784341845782,20.7526637664399,0.898433029224267));
#4783=CARTESIAN_POINT('',(10.075416726665,20.7529833488541,0.897845679569184));
#4784=CARTESIAN_POINT('',(10.6686653606381,21.5280511344954,3.10403136190353));
#4785=CARTESIAN_POINT('',(10.6674878662804,21.5283076267127,3.10393800637112));
#4786=CARTESIAN_POINT('',(10.6663112922764,21.5285677762706,3.10384331967556));
#4787=CARTESIAN_POINT('',(10.0724003073014,20.7533068400814,0.897253023667114));
#4788=CARTESIAN_POINT('',(10.0663674685742,20.7539538225361,0.896067711862974));
#4789=CARTESIAN_POINT('',(10.0603390895701,20.7546167915383,0.894860708684801));
#4790=CARTESIAN_POINT('',(10.6651352009053,21.5288299265835,3.10374790476478));
#4791=CARTESIAN_POINT('',(10.662783018163,21.5293542272092,3.10355707494321));
#4792=CARTESIAN_POINT('',(10.6604328924988,21.5298867040626,3.10336326921816));
#4793=CARTESIAN_POINT('',(10.0543153234377,20.7552956726604,0.893632123725659));
#4794=CARTESIAN_POINT('',(10.0482915573053,20.7559745537825,0.892403538766516));
#4795=CARTESIAN_POINT('',(10.0422724040445,20.7566693470245,0.891153372026405));
#4796=CARTESIAN_POINT('',(10.6580848825036,21.5304273136644,3.10316650341473));
#4797=CARTESIAN_POINT('',(10.6557368725084,21.5309679232663,3.1029697376113));
#4798=CARTESIAN_POINT('',(10.6533909781822,21.5315166656166,3.10277001172948));
#4799=CARTESIAN_POINT('',(10.0362580168039,20.7573799779585,0.889881733098388));
#4800=CARTESIAN_POINT('',(10.0332508231835,20.7577352934255,0.88924591363438));
#4801=CARTESIAN_POINT('',(10.0302446056924,20.7580937513461,0.888605835249807));
#4802=CARTESIAN_POINT('',(10.6510472581159,21.5320734972364,3.10256734159438));
#4803=CARTESIAN_POINT('',(10.6498753980827,21.5323519130463,3.10246600652682));
#4804=CARTESIAN_POINT('',(10.6487039814026,21.5326319329492,3.10236408761717));
#4805=CARTESIAN_POINT('',(10.0272401837902,20.7584579681485,0.887957952271598));
#4806=CARTESIAN_POINT('',(10.0242357618881,20.7588221849508,0.88731006929339));
#4807=CARTESIAN_POINT('',(10.0212335642734,20.7591936747575,0.8866523275938));
#4808=CARTESIAN_POINT('',(10.6475333798516,21.5329148923143,3.10226109883076));
#4809=CARTESIAN_POINT('',(10.6463627783005,21.5331978516794,3.10215811004436));
#4810=CARTESIAN_POINT('',(10.6451931891816,21.5334845246997,3.10205376959802));
#4811=CARTESIAN_POINT('',(10.0182322271496,20.7595679782086,0.885990771935824));
#4812=CARTESIAN_POINT('',(10.0152308900257,20.7599422816596,0.885329216277847));
#4813=CARTESIAN_POINT('',(10.0122304133927,20.7603193987551,0.884663846661484));
#4814=CARTESIAN_POINT('',(10.6440239917335,21.5337726343896,3.10194890624667));
#4815=CARTESIAN_POINT('',(10.6428547942854,21.5340607440796,3.10184404289533));
#4816=CARTESIAN_POINT('',(10.6416859885081,21.5343502904392,3.10173865663898));
#4817=CARTESIAN_POINT('',(10.0092294334538,20.7606948701349,0.884000707849729));
#4818=CARTESIAN_POINT('',(10.006228453515,20.7610703415148,0.883337569037974));
#4819=CARTESIAN_POINT('',(10.0032264844305,20.7614425785753,0.882678814418932));
#4820=CARTESIAN_POINT('',(10.6405169536405,21.5346389964831,3.10163357623255));
#4821=CARTESIAN_POINT('',(10.6393479187728,21.534927702527,3.10152849582613));
#4822=CARTESIAN_POINT('',(10.6381784336743,21.5352147571012,3.10142401650552));
#4823=CARTESIAN_POINT('',(10.0002246201899,20.7618151584487,0.882019595109417));
#4824=CARTESIAN_POINT('',(9.99422089170869,20.7625603181955,0.880701156490387));
#4825=CARTESIAN_POINT('',(9.98821716342101,20.7633054785609,0.879382717033065));
#4826=CARTESIAN_POINT('',(10.6370089962976,21.5355019867183,3.10131947347448));
#4827=CARTESIAN_POINT('',(10.6346701215443,21.5360764459526,3.10111038741241));
#4828=CARTESIAN_POINT('',(10.6323312468788,21.5366509055026,3.10090130123542));
#4829=CARTESIAN_POINT('',(9.98221343425139,20.7640506361073,0.878064281395849));
#4830=CARTESIAN_POINT('',(9.97620970508176,20.7647957936538,0.876745845758634));
#4831=CARTESIAN_POINT('',(9.97020176541508,20.7655277893542,0.875445242134408));
#4832=CARTESIAN_POINT('',(10.6299923718131,21.5372253636138,3.10069221558209));
#4833=CARTESIAN_POINT('',(10.6276534967473,21.5377998217251,3.10048312992876));
#4834=CARTESIAN_POINT('',(10.6253127168911,21.5383675650567,3.10027648825534));
#4835=CARTESIAN_POINT('',(9.96419831558834,20.7662738200371,0.874125623550497));
#4836=CARTESIAN_POINT('',(9.96119659067497,20.7666468353785,0.873465814258542));
#4837=CARTESIAN_POINT('',(9.95819626476859,20.7670242239383,0.872800080016351));
#4838=CARTESIAN_POINT('',(10.622973968196,21.5389424686152,3.10006724047248));
#4839=CARTESIAN_POINT('',(10.6218045938485,21.5392299203944,3.09996261658105));
#4840=CARTESIAN_POINT('',(10.6206358523986,21.5395196032585,3.09985718064115));
#4841=CARTESIAN_POINT('',(9.95519854133108,20.767409747671,0.872123324030006));
#4842=CARTESIAN_POINT('',(9.95220081789358,20.7677952714037,0.871446568043662));
#4843=CARTESIAN_POINT('',(9.94920536707697,20.7681878992186,0.870760187261633));
#4844=CARTESIAN_POINT('',(10.6194682882812,21.5398134364437,3.0997502341079));
#4845=CARTESIAN_POINT('',(10.6183007241637,21.5401072696289,3.09964328757466));
#4846=CARTESIAN_POINT('',(10.6171341881585,21.5404047271037,3.09953502190787));
#4847=CARTESIAN_POINT('',(9.94621077403236,20.7685832083796,0.870070173722273));
#4848=CARTESIAN_POINT('',(9.94022158794314,20.7693738267014,0.868690146643552));
#4849=CARTESIAN_POINT('',(9.93423478695242,20.7701717593018,0.867300212228239));
#4850=CARTESIAN_POINT('',(10.6159680402013,21.5407035525207,3.09942625835084));
#4851=CARTESIAN_POINT('',(10.6136357442868,21.5413012033547,3.09920873123676));
#4852=CARTESIAN_POINT('',(10.6113045246352,21.5419025843061,3.098989846471));
#4853=CARTESIAN_POINT('',(9.92824252910503,20.7709530237206,0.865932854131454));
#4854=CARTESIAN_POINT('',(9.92225027125764,20.7717342881394,0.86456549603467));
#4855=CARTESIAN_POINT('',(9.91625577882984,20.7725088618277,0.86320719805298));
#4856=CARTESIAN_POINT('',(10.6089708438845,21.5424954655314,3.09877405535254));
#4857=CARTESIAN_POINT('',(10.6066371631337,21.5430883467567,3.09855826423407));
#4858=CARTESIAN_POINT('',(10.6043024771711,21.543677817504,3.09834371442807));
#4859=CARTESIAN_POINT('',(9.91027078520406,20.773311876616,0.861810387140918));
#4860=CARTESIAN_POINT('',(9.90727828839117,20.7737133840101,0.861111981684887));
#4861=CARTESIAN_POINT('',(9.90428855394035,20.7741231624068,0.860402376220885));
#4862=CARTESIAN_POINT('',(10.6019720641846,21.5442817855839,3.09812388802458));
#4863=CARTESIAN_POINT('',(10.6008068576913,21.5445837696238,3.09801397482283));
#4864=CARTESIAN_POINT('',(10.5996428938292,21.5448899696565,3.09790252712517));
#4865=CARTESIAN_POINT('',(9.90130016820791,20.7745369791059,0.859687302372906));
#4866=CARTESIAN_POINT('',(9.89831178247547,20.7749507958049,0.858972228524927));
#4867=CARTESIAN_POINT('',(9.89532474546139,20.7753686508062,0.858251686292973));
#4868=CARTESIAN_POINT('',(10.5984795366795,21.5451982281403,3.09779033021262));
#4869=CARTESIAN_POINT('',(10.5973161795299,21.5455064866241,3.09767813330006));
#4870=CARTESIAN_POINT('',(10.5961534290927,21.5458168035588,3.09756518717261));
#4871=CARTESIAN_POINT('',(9.89233764352199,20.7757863114096,0.857531407301037));
#4872=CARTESIAN_POINT('',(9.88935054158258,20.776203972013,0.856811128309101));
#4873=CARTESIAN_POINT('',(9.88636274574962,20.7766195549755,0.856093662711726));
#4874=CARTESIAN_POINT('',(10.5949906494492,21.5461270214028,3.09745227711127));
#4875=CARTESIAN_POINT('',(10.5938278698057,21.5464372392468,3.09733936704993));
#4876=CARTESIAN_POINT('',(10.5926647780186,21.5467463980512,3.09722684244746));
#4877=CARTESIAN_POINT('',(9.88337466234401,20.7770342768942,0.855377363079212));
#4878=CARTESIAN_POINT('',(9.8803865789384,20.7774489988129,0.854661063446698));
#4879=CARTESIAN_POINT('',(9.87739820796013,20.7778628596877,0.853945929779046));
#4880=CARTESIAN_POINT('',(10.5915015568687,21.5470551179542,3.09711447759205));
#4881=CARTESIAN_POINT('',(10.5903383357189,21.5473638378572,3.09700211273664));
#4882=CARTESIAN_POINT('',(10.5891749852063,21.5476721188587,3.09688990762829));
#4883=CARTESIAN_POINT('',(9.87440995573013,20.7782770761155,0.853230314646556));
#4884=CARTESIAN_POINT('',(9.86843345127012,20.7791055089712,0.851799084381577));
#4885=CARTESIAN_POINT('',(9.86245694677678,20.7799339417291,0.850367854248928));
#4886=CARTESIAN_POINT('',(10.5880116881118,21.5479805810969,3.09677763655517));
#4887=CARTESIAN_POINT('',(10.5856850939229,21.5485975055734,3.09655309440895));
#4888=CARTESIAN_POINT('',(10.583358499719,21.5492144300001,3.09632855228085));
#4889=CARTESIAN_POINT('',(9.85648044202376,20.7807623737256,0.848936625147118));
#4890=CARTESIAN_POINT('',(9.85050393727075,20.7815908057221,0.847505396045307));
#4891=CARTESIAN_POINT('',(9.84452743222414,20.7824192368577,0.846074168108961));
#4892=CARTESIAN_POINT('',(10.5810319053986,21.5498313540388,3.09610401029397));
#4893=CARTESIAN_POINT('',(10.5787053110783,21.5504482780775,3.09587946830708));
#4894=CARTESIAN_POINT('',(10.5763787166262,21.5510652016775,3.09565492647984));
#4895=CARTESIAN_POINT('',(9.83855092703167,20.7832476675655,0.844642940751675));
#4896=CARTESIAN_POINT('',(9.83556267443543,20.7836618829194,0.843927327073032));
#4897=CARTESIAN_POINT('',(9.83257442180273,20.7840760981664,0.843211713539154));
#4898=CARTESIAN_POINT('',(10.5740521221086,21.5516821250596,3.09543038473193));
#4899=CARTESIAN_POINT('',(10.5728888248498,21.5519905867507,3.09531811385797));
#4900=CARTESIAN_POINT('',(10.5717255275747,21.5522990483873,3.09520584300384));
#4901=CARTESIAN_POINT('',(9.82958616915202,20.7844903133606,0.84249610007674));
#4902=CARTESIAN_POINT('',(9.82659791650131,20.7849045285548,0.841780486614326));
#4903=CARTESIAN_POINT('',(9.8236096638326,20.7853187436962,0.841064873223376));
#4904=CARTESIAN_POINT('',(10.5705622302915,21.5526075099969,3.0950935721595));
#4905=CARTESIAN_POINT('',(10.5693989330083,21.5529159716066,3.09498130131517));
#4906=CARTESIAN_POINT('',(10.568235635717,21.5532244331894,3.09486903048062));
#4907=CARTESIAN_POINT('',(9.82062141116436,20.785732958839,0.84034925983059));
#4908=CARTESIAN_POINT('',(9.81763315849611,20.7861471739818,0.839633646437804));
#4909=CARTESIAN_POINT('',(9.81464490582833,20.7865613891259,0.838918033043182));
#4910=CARTESIAN_POINT('',(10.5670723384259,21.5535328947729,3.09475675964582));
#4911=CARTESIAN_POINT('',(10.5659090411349,21.5538413563564,3.09464448881102));
#4912=CARTESIAN_POINT('',(10.564745743844,21.5541498179405,3.09453221797597));
#4913=CARTESIAN_POINT('',(9.81165665317947,20.7869756043255,0.838202419573423));
#4914=CARTESIAN_POINT('',(9.80866840053062,20.7873898195251,0.837486806103664));
#4915=CARTESIAN_POINT('',(9.80568014790069,20.7878040347803,0.836771192558767));
#4916=CARTESIAN_POINT('',(10.5635824465616,21.554458279553,3.09441994713063));
#4917=CARTESIAN_POINT('',(10.5624191492792,21.5547667411654,3.09430767628529));
#4918=CARTESIAN_POINT('',(10.5612558520054,21.5550752028061,3.09419540542965));
#4919=CARTESIAN_POINT('',(9.80269189530815,20.788218250145,0.836055578865433));
#4920=CARTESIAN_POINT('',(9.79671539012308,20.7890466808746,0.834624351478766));
#4921=CARTESIAN_POINT('',(9.79073888508758,20.7898751120427,0.833193123498347));
#4922=CARTESIAN_POINT('',(10.5600925547483,21.5553836645027,3.09408313455368));
#4923=CARTESIAN_POINT('',(10.557765960234,21.5560005878959,3.09385859280174));
#4924=CARTESIAN_POINT('',(10.5554393657869,21.5566175115125,3.09363405096847));
#4925=CARTESIAN_POINT('',(9.78476238034937,20.7907035440826,0.831761894337774));
#4926=CARTESIAN_POINT('',(9.77280937087294,20.7923604081624,0.828899436016626));
#4927=CARTESIAN_POINT('',(9.76085636256642,20.7940172756727,0.826036973051246));
#4928=CARTESIAN_POINT('',(10.5531127714732,21.5572344355734,3.09340950897353));
#4929=CARTESIAN_POINT('',(10.5484595828457,21.558468283695,3.09296042498365));
#4930=CARTESIAN_POINT('',(10.5438063947431,21.5597021335645,3.09251134035759));
#4931=CARTESIAN_POINT('',(9.74890335296823,20.7956741393954,0.823174515213455));
#4932=CARTESIAN_POINT('',(9.74292684816914,20.7965025712568,0.82174328629456));
#4933=CARTESIAN_POINT('',(9.73695034359193,20.7973310037688,0.820312056494848));
#4934=CARTESIAN_POINT('',(10.539153206061,21.5609359815042,3.09206225643393));
#4935=CARTESIAN_POINT('',(10.53682661172,21.5615529054741,3.0918377144721));
#4936=CARTESIAN_POINT('',(10.5345000174785,21.5621698297754,3.09161317238961));
#4937=CARTESIAN_POINT('',(9.73097383911656,20.7981594365794,0.818880826290868));
#4938=CARTESIAN_POINT('',(9.72499733464118,20.79898786939,0.817449596086889));
#4939=CARTESIAN_POINT('',(9.71901975871309,20.79981309408,0.816022710093446));
#4940=CARTESIAN_POINT('',(10.5321734232826,21.5627867542289,3.09138863025174));
#4941=CARTESIAN_POINT('',(10.5298468290868,21.5634036786824,3.09116408811387));
#4942=CARTESIAN_POINT('',(10.5275197529048,21.5640189678549,3.09094014116962));
#4943=CARTESIAN_POINT('',(9.71304514920717,20.8006472007661,0.814583796727829));
#4944=CARTESIAN_POINT('',(9.70707053970125,20.8014813074521,0.813144883362213));
#4945=CARTESIAN_POINT('',(9.70109814447374,20.8023220440796,0.81169699219779));
#4946=CARTESIAN_POINT('',(10.525194011149,21.564638784463,3.09071454637357));
#4947=CARTESIAN_POINT('',(10.5228682693932,21.5652586010711,3.09048895157751));
#4948=CARTESIAN_POINT('',(10.5205435237166,21.5658817971711,3.09026212674702));
#4949=CARTESIAN_POINT('',(9.69511625121877,20.8031343419318,0.810287610815632));
#4950=CARTESIAN_POINT('',(9.68913435796381,20.803946639784,0.808878229433474));
#4951=CARTESIAN_POINT('',(9.68314141323912,20.8047258476102,0.807513656228689));
#4952=CARTESIAN_POINT('',(10.5182145054124,21.5664904971236,3.0900405780827));
#4953=CARTESIAN_POINT('',(10.5158854871082,21.5670991970762,3.08981902941837));
#4954=CARTESIAN_POINT('',(10.5135514973708,21.5676910299912,3.08960361985363));
#4955=CARTESIAN_POINT('',(9.67714874408205,20.8055058805018,0.80614796577907));
#4956=CARTESIAN_POINT('',(9.67115607492498,20.8062859133933,0.804782275329451));
#4957=CARTESIAN_POINT('',(9.66516618629358,20.8070742716057,0.803405311319129));
#4958=CARTESIAN_POINT('',(10.5112176315951,21.568283283468,3.08938805721693));
#4959=CARTESIAN_POINT('',(10.5088837658195,21.5688755369448,3.08917249458023));
#4960=CARTESIAN_POINT('',(10.5065511508444,21.5694720341015,3.08895538737038));
#4961=CARTESIAN_POINT('',(9.65917581077,20.8078611719325,0.802030321475136));
#4962=CARTESIAN_POINT('',(9.65318543524642,20.8086480722594,0.800655331631142));
#4963=CARTESIAN_POINT('',(9.64719403341331,20.8094317644042,0.799284688315777));
#4964=CARTESIAN_POINT('',(10.5042183168432,21.5700677881272,3.0887385506381));
#4965=CARTESIAN_POINT('',(10.5018854828419,21.5706635421528,3.08852171390582));
#4966=CARTESIAN_POINT('',(10.4995521845479,21.5712576594603,3.08830547289024));
#4967=CARTESIAN_POINT('',(9.64120550516979,20.8102244391373,0.797901875157184));
#4968=CARTESIAN_POINT('',(9.63521697692626,20.8110171138704,0.796519061998592));
#4969=CARTESIAN_POINT('',(9.6292305266264,20.8118162840873,0.795127448590112));
#4970=CARTESIAN_POINT('',(10.4972201862371,21.5718563594139,3.08808756392788));
#4971=CARTESIAN_POINT('',(10.4948881879262,21.5724550593674,3.08786965496552));
#4972=CARTESIAN_POINT('',(10.4925571296566,21.5730570731215,3.08765053987843));
#4973=CARTESIAN_POINT('',(9.62323483639522,20.8125865708949,0.793774967175491));
#4974=CARTESIAN_POINT('',(9.61723914616404,20.8133568577024,0.792422485760871));
#4975=CARTESIAN_POINT('',(9.61123703289351,20.8141076712018,0.79109637771839));
#4976=CARTESIAN_POINT('',(10.4902218913308,21.5736443514276,3.08743678805575));
#4977=CARTESIAN_POINT('',(10.487886653005,21.5742316297338,3.08722303623307));
#4978=CARTESIAN_POINT('',(10.4855485206459,21.5748089793645,3.08701289815275));
#4979=CARTESIAN_POINT('',(9.60523066302305,20.8148445109785,0.789789212210999));
#4980=CARTESIAN_POINT('',(9.60222747808782,20.8152129308669,0.789135629457303));
#4981=CARTESIAN_POINT('',(9.59922339961417,20.8155783541369,0.78848610982105));
#4982=CARTESIAN_POINT('',(10.4832084497326,21.5753791933709,3.08680535722724));
#4983=CARTESIAN_POINT('',(10.4820384142759,21.5756643003742,3.08670158676448));
#4984=CARTESIAN_POINT('',(10.4808679706581,21.5759478765666,3.0865983734713));
#4985=CARTESIAN_POINT('',(9.59621740963093,20.8159374435932,0.787845177076125));
#4986=CARTESIAN_POINT('',(9.59321141964769,20.8162965330496,0.787204244331199));
#4987=CARTESIAN_POINT('',(9.59020328770922,20.816648618709,0.78657280539092));
#4988=CARTESIAN_POINT('',(10.479696655361,21.576228217867,3.08649633758251));
#4989=CARTESIAN_POINT('',(10.478525340064,21.5765085591674,3.08639430169373));
#4990=CARTESIAN_POINT('',(10.4773530498101,21.5767853242722,3.08629356743371));
#4991=CARTESIAN_POINT('',(9.58719437991785,20.8169981674754,0.785944805266447));
#4992=CARTESIAN_POINT('',(9.58117656433511,20.817697265008,0.7846888050175));
#4993=CARTESIAN_POINT('',(9.57515687409219,20.8183900867108,0.783441314007555));
#4994=CARTESIAN_POINT('',(10.4761804064101,21.5770607940187,3.08619330464555));
#4995=CARTESIAN_POINT('',(10.4738351196101,21.5776117335117,3.08599277906921));
#4996=CARTESIAN_POINT('',(10.4714889766956,21.5781594671246,3.08579342033779));
#4997=CARTESIAN_POINT('',(9.56914206843041,20.8190993028399,0.78217159358546));
#4998=CARTESIAN_POINT('',(9.56312726276862,20.8198085189689,0.780901873163365));
#4999=CARTESIAN_POINT('',(9.55711422364962,20.8205237900192,0.779623940942078));
#5000=CARTESIAN_POINT('',(10.4691450652743,21.5787155758895,3.08559101330037));
#5001=CARTESIAN_POINT('',(10.466801153853,21.5792716846543,3.08538860626295));
#5002=CARTESIAN_POINT('',(10.4644580518976,21.5798308877639,3.08518507297616));
#5003=CARTESIAN_POINT('',(9.55109246005412,20.8212091573683,0.778386564689609));
#5004=CARTESIAN_POINT('',(9.54808157825637,20.8215518410429,0.777767876563374));
#5005=CARTESIAN_POINT('',(9.54506826697626,20.8218861975162,0.777160481945923));
#5006=CARTESIAN_POINT('',(10.4621109522075,21.5803748086987,3.08498710194611));
#5007=CARTESIAN_POINT('',(10.4609374023625,21.5806467691661,3.08488811643108));
#5008=CARTESIAN_POINT('',(10.4597627392787,21.5809144740484,3.08479067982233));
#5009=CARTESIAN_POINT('',(9.54205381829059,20.8222166554572,0.776558374592282));
#5010=CARTESIAN_POINT('',(9.53903936960491,20.8225471133982,0.775956267238642));
#5011=CARTESIAN_POINT('',(9.53602378351369,20.8228736728068,0.775359447148812));
#5012=CARTESIAN_POINT('',(10.4585875550122,21.5811801866003,3.08469396836255));
#5013=CARTESIAN_POINT('',(10.4574123707458,21.5814458991523,3.08459725690277));
#5014=CARTESIAN_POINT('',(10.4562366652966,21.5817096193738,3.08450127059196));
#5015=CARTESIAN_POINT('',(9.53300835209371,20.823200762352,0.77476190807782));
#5016=CARTESIAN_POINT('',(9.52999292067374,20.8235278518972,0.774164369006828));
#5017=CARTESIAN_POINT('',(9.52697778987032,20.8238559219232,0.773565500909644));
#5018=CARTESIAN_POINT('',(10.4550610307208,21.5819736105196,3.08440518567279));
#5019=CARTESIAN_POINT('',(10.4538853961451,21.5822376016654,3.08430910075363));
#5020=CARTESIAN_POINT('',(10.4527098983534,21.5825020934289,3.08421283362447));
#5021=CARTESIAN_POINT('',(9.52396382961636,20.8241881354526,0.77296101141758));
#5022=CARTESIAN_POINT('',(9.52094986936241,20.824520348982,0.772356521925517));
#5023=CARTESIAN_POINT('',(9.5179367106577,20.8248554491523,0.77174811550537));
#5024=CARTESIAN_POINT('',(10.4515349394709,21.5827687039076,3.08411579534611));
#5025=CARTESIAN_POINT('',(10.4503599805884,21.5830353143862,3.08401875706776));
#5026=CARTESIAN_POINT('',(10.4491853916844,21.5833034013367,3.08392118139757));
#5027=CARTESIAN_POINT('',(9.51492309644009,20.8251889088859,0.771141935019183));
#5028=CARTESIAN_POINT('',(9.51190948222248,20.8255223686195,0.770535754532996));
#5029=CARTESIAN_POINT('',(9.50889541249198,20.8258541879164,0.769931799980767));
#5030=CARTESIAN_POINT('',(10.4480105925254,21.5835706492295,3.08382391111942));
#5031=CARTESIAN_POINT('',(10.4468357933663,21.5838378971223,3.08372664084127));
#5032=CARTESIAN_POINT('',(10.4456607839522,21.5841043059573,3.08362967595516));
#5033=CARTESIAN_POINT('',(9.50587963018645,20.8261798396991,0.769336214224541));
#5034=CARTESIAN_POINT('',(9.50286384788092,20.8265054914817,0.768740628468314));
#5035=CARTESIAN_POINT('',(9.49984603077452,20.8268238227894,0.768154975875561));
#5036=CARTESIAN_POINT('',(10.4444849840496,21.584367560205,3.08353385924496));
#5037=CARTESIAN_POINT('',(10.443309184147,21.5846308144527,3.08343804253476));
#5038=CARTESIAN_POINT('',(10.4421324451677,21.5848903244563,3.08334358861798));
#5039=CARTESIAN_POINT('',(9.49682729691733,20.8271390059575,0.767573592935124));
#5040=CARTESIAN_POINT('',(9.49078982920293,20.8277693722937,0.766410827054249));
#5041=CARTESIAN_POINT('',(9.48474795956004,20.8283837261104,0.765269791005818));
#5042=CARTESIAN_POINT('',(10.4409552859999,21.5851482255611,3.08324972029245));
#5043=CARTESIAN_POINT('',(10.4386009676644,21.5856640277707,3.08306198364138));
#5044=CARTESIAN_POINT('',(10.4362446144025,21.586171638445,3.08287722846534));
#5045=CARTESIAN_POINT('',(9.4787018445714,20.8289820004422,0.76415058432436));
#5046=CARTESIAN_POINT('',(9.47265572958276,20.829580274774,0.763031377642901));
#5047=CARTESIAN_POINT('',(9.46660536924837,20.830162469621,0.761934000328414));
#5048=CARTESIAN_POINT('',(10.4338862862955,21.5866710178794,3.08269546921561));
#5049=CARTESIAN_POINT('',(10.4315279581885,21.5871703973138,3.08251370996587));
#5050=CARTESIAN_POINT('',(10.4291676552365,21.5876615455084,3.08233494664244));
#5051=CARTESIAN_POINT('',(9.46055092015097,20.8307285180179,0.760858551915427));
#5052=CARTESIAN_POINT('',(9.45449647105358,20.8312945664147,0.75978310350244));
#5053=CARTESIAN_POINT('',(9.44843804131389,20.8318444267465,0.758729646380695));
#5054=CARTESIAN_POINT('',(10.4268054375207,21.5881444227585,3.08215919369657));
#5055=CARTESIAN_POINT('',(10.4244432198048,21.5886273000087,3.08198344075071));
#5056=CARTESIAN_POINT('',(10.4220791289009,21.5891018813039,3.08181070728552));
#5057=CARTESIAN_POINT('',(9.44237554123774,20.8323781366108,0.757698124578764));
#5058=CARTESIAN_POINT('',(9.43631304116159,20.8329118464751,0.756666602776833));
#5059=CARTESIAN_POINT('',(9.43024733942549,20.8334319672059,0.755653548571908));
#5060=CARTESIAN_POINT('',(10.4197131303781,21.5895681889915,3.08164098516722));
#5061=CARTESIAN_POINT('',(10.4173471318554,21.5900344966791,3.08147126304891));
#5062=CARTESIAN_POINT('',(10.4149796157163,21.5904938359405,3.08130407723033));
#5063=CARTESIAN_POINT('',(9.42417567267784,20.83392643234,0.754675364192813));
#5064=CARTESIAN_POINT('',(9.41810400593019,20.8344208974742,0.753697179813718));
#5065=CARTESIAN_POINT('',(9.412027620135,20.8348952884229,0.752746276720943));
#5066=CARTESIAN_POINT('',(10.4126092655797,21.5909400166892,3.08114168071873));
#5067=CARTESIAN_POINT('',(10.4102389154431,21.5913861974378,3.08097928420713));
#5068=CARTESIAN_POINT('',(10.4078663275715,21.5918220839369,3.08082063449593));
#5069=CARTESIAN_POINT('',(9.40595518495443,20.8353865230868,0.751772482180352));
#5070=CARTESIAN_POINT('',(9.39988274977386,20.8358777577507,0.75079868763976));
#5071=CARTESIAN_POINT('',(9.39381378416577,20.8363846644415,0.749803583829408));
#5072=CARTESIAN_POINT('',(10.4054956137911,21.5922666083476,3.08065884084204));
#5073=CARTESIAN_POINT('',(10.4031249000108,21.5927111327583,3.08049704718815));
#5074=CARTESIAN_POINT('',(10.4007558491204,21.5931637006264,3.08033232595515));
#5075=CARTESIAN_POINT('',(9.38774006568966,20.8368701024713,0.748837670977752));
#5076=CARTESIAN_POINT('',(9.38166634721354,20.837355540501,0.747871758126096));
#5077=CARTESIAN_POINT('',(9.37558682816938,20.8378151978868,0.74694089463425));
#5078=CARTESIAN_POINT('',(10.3983845202846,21.5936052499924,3.08017161512898));
#5079=CARTESIAN_POINT('',(10.3960131914488,21.5940467993584,3.08001090430281));
#5080=CARTESIAN_POINT('',(10.3936390906553,21.5944751200522,3.07985500831951));
#5081=CARTESIAN_POINT('',(9.36950439609745,20.8382615722781,0.746028093410598));
#5082=CARTESIAN_POINT('',(9.36342196402551,20.8387079466695,0.745115292186947));
#5083=CARTESIAN_POINT('',(9.35733619008015,20.8391379283126,0.7442247944128));
#5084=CARTESIAN_POINT('',(10.3912635912979,21.5948966225669,3.07970159395052));
#5085=CARTESIAN_POINT('',(10.3888880919404,21.5953181250815,3.07954817958152));
#5086=CARTESIAN_POINT('',(10.3865109658163,21.5957312052965,3.0793978306789));
#5087=CARTESIAN_POINT('',(9.35124695237073,20.8395515507568,0.743356548072038));
#5088=CARTESIAN_POINT('',(9.34515771466131,20.8399651732011,0.742488301731276));
#5089=CARTESIAN_POINT('',(9.33906543871409,20.8403642596195,0.741639828937629));
#5090=CARTESIAN_POINT('',(10.3841321657967,21.5961358844559,3.07925053951044));
#5091=CARTESIAN_POINT('',(10.3817533657771,21.5965405636154,3.07910324834198));
#5092=CARTESIAN_POINT('',(10.3793730938953,21.5969377767566,3.07895867458191));
#5093=CARTESIAN_POINT('',(9.33296942446599,20.8407429556471,0.740819119368999));
#5094=CARTESIAN_POINT('',(9.32687341021789,20.8411216516747,0.739998409800369));
#5095=CARTESIAN_POINT('',(9.32077153436963,20.8414700154364,0.73921898527835));
#5096=CARTESIAN_POINT('',(10.3769909625892,21.597324500653,3.07881791859475));
#5097=CARTESIAN_POINT('',(10.3746088312831,21.5977112245493,3.07867716260759));
#5098=CARTESIAN_POINT('',(10.3722238161185,21.5980823542484,3.07854208244409));
#5099=CARTESIAN_POINT('',(9.31467104921274,20.8418255756941,0.738429765652956));
#5100=CARTESIAN_POINT('',(9.30857056405584,20.8421811359518,0.737640546027562));
#5101=CARTESIAN_POINT('',(9.3024733844661,20.8425544214643,0.736827194748234));
#5102=CARTESIAN_POINT('',(10.3698394851631,21.5984571837562,3.07840565566032));
#5103=CARTESIAN_POINT('',(10.3674551542076,21.598832013264,3.07826922887655));
#5104=CARTESIAN_POINT('',(10.3650724615437,21.5992159592754,3.07812948395686));
#5105=CARTESIAN_POINT('',(9.2963746465811,20.8429192762272,0.736025322015538));
#5106=CARTESIAN_POINT('',(9.2933252776386,20.8431017036087,0.73562438564919));
#5107=CARTESIAN_POINT('',(9.29027537634632,20.8432811599197,0.735227495255597));
#5108=CARTESIAN_POINT('',(10.3626889951183,21.5995955687254,3.07799131741639));
#5109=CARTESIAN_POINT('',(10.3614972619056,21.5997853734504,3.07792223414616));
#5110=CARTESIAN_POINT('',(10.3603052626005,21.5999736494099,3.0778537073011));
#5111=CARTESIAN_POINT('',(9.28722409946114,20.843452938988,0.734841059650681));
#5112=CARTESIAN_POINT('',(9.28417282257595,20.8436247180563,0.734454624045766));
#5113=CARTESIAN_POINT('',(9.28112046808328,20.843790699559,0.734076081584589));
#5114=CARTESIAN_POINT('',(10.359112575712,21.6001579750408,3.07778661825801));
#5115=CARTESIAN_POINT('',(10.3579198888235,21.6003423006718,3.07771952921492));
#5116=CARTESIAN_POINT('',(10.3567266674851,21.600523644371,3.07765352550624));
#5117=CARTESIAN_POINT('',(9.27806749852428,20.8439533159144,0.733702121146692));
#5118=CARTESIAN_POINT('',(9.27196155940629,20.8442785486251,0.732954200270898));
#5119=CARTESIAN_POINT('',(9.26585274357248,20.8445872700481,0.732228768338977));
#5120=CARTESIAN_POINT('',(10.3555331400147,21.6007032569091,3.07758815188867));
#5121=CARTESIAN_POINT('',(10.353146085074,21.6010624819853,3.07745740465353));
#5122=CARTESIAN_POINT('',(10.350757583403,21.6014132086269,3.07732975059563));
#5123=CARTESIAN_POINT('',(9.25974123412307,20.8448794472247,0.731525879585879));
#5124=CARTESIAN_POINT('',(9.25362972467365,20.8451716244013,0.730822990832782));
#5125=CARTESIAN_POINT('',(9.24751552160862,20.8454472573317,0.730142645258508));
#5126=CARTESIAN_POINT('',(10.3483677061344,21.6017554139918,3.07720519802879));
#5127=CARTESIAN_POINT('',(10.3459778288657,21.6020976193568,3.07708064546195));
#5128=CARTESIAN_POINT('',(10.3435865759994,21.602431303445,3.07695919438617));
#5129=CARTESIAN_POINT('',(9.24139880802817,20.8457063130573,0.729484897098009));
#5130=CARTESIAN_POINT('',(9.23834045123795,20.8458358409201,0.729156023017759));
#5131=CARTESIAN_POINT('',(9.2352814548246,20.8459608201831,0.728833351851791));
#5132=CARTESIAN_POINT('',(10.341194018668,21.6027564434146,3.07684085311527));
#5133=CARTESIAN_POINT('',(10.3399977400024,21.6029190133994,3.07678168247983));
#5134=CARTESIAN_POINT('',(10.3388011227044,21.6030792374409,3.07672336569791));
#5135=CARTESIAN_POINT('',(9.23222137534411,20.8460787172946,0.728520334284294));
#5136=CARTESIAN_POINT('',(9.22916129586363,20.8461966144061,0.728207316716797));
#5137=CARTESIAN_POINT('',(9.22610041435156,20.8463092015369,0.727901537618113));
#5138=CARTESIAN_POINT('',(10.3376039439867,21.6032358115718,3.0766663773748));
#5139=CARTESIAN_POINT('',(10.336406765269,21.6033923857027,3.07660938905169));
#5140=CARTESIAN_POINT('',(10.3352091695432,21.6035462229304,3.0765533968799));
#5141=CARTESIAN_POINT('',(9.22303944666665,20.84642121814,0.72759653625244));
#5142=CARTESIAN_POINT('',(9.21997847898174,20.8465332347432,0.727291534886766));
#5143=CARTESIAN_POINT('',(9.21691742576101,20.8466446809943,0.726987311044741));
#5144=CARTESIAN_POINT('',(10.3340115290126,21.6036997660931,3.076497511739));
#5145=CARTESIAN_POINT('',(10.332813888482,21.6038533092558,3.0764416265981));
#5146=CARTESIAN_POINT('',(10.3316162033997,21.6040065584251,3.07638584846204));
#5147=CARTESIAN_POINT('',(9.21385700094719,20.8467602958186,0.72667740461936));
#5148=CARTESIAN_POINT('',(9.21079657613337,20.8468759106428,0.726367498193979));
#5149=CARTESIAN_POINT('',(9.20773671663904,20.846995652629,0.726051962823884));
#5150=CARTESIAN_POINT('',(10.3304188452077,21.6041619562244,3.07632928828863));
#5151=CARTESIAN_POINT('',(10.3292214870158,21.6043173540237,3.07627272811523));
#5152=CARTESIAN_POINT('',(10.3280244301854,21.6044748808776,3.07621539302932));
#5153=CARTESIAN_POINT('',(9.2046767719639,20.8471147727547,0.725737275595458));
#5154=CARTESIAN_POINT('',(9.19855688261361,20.8473530130061,0.725107901138605));
#5155=CARTESIAN_POINT('',(9.19243634506373,20.8475865210524,0.724484980831248));
#5156=CARTESIAN_POINT('',(10.3268273279469,21.604632086936,3.0761581747034));
#5157=CARTESIAN_POINT('',(10.3244331234699,21.6049464990529,3.07604373805157));
#5158=CARTESIAN_POINT('',(10.3220385734499,21.6052584699952,3.07593018991461));
#5159=CARTESIAN_POINT('',(9.18631095037263,20.8477845692623,0.723910423407895));
#5160=CARTESIAN_POINT('',(9.18018555568153,20.8479826174723,0.723335865984543));
#5161=CARTESIAN_POINT('',(9.1740566055058,20.8481547086828,0.722796710736602));
#5162=CARTESIAN_POINT('',(10.3196414341781,21.6055521484821,3.07582329968694));
#5163=CARTESIAN_POINT('',(10.3172442949063,21.6058458269689,3.07571640945928));
#5164=CARTESIAN_POINT('',(10.314845260272,21.6061261151725,3.07561439289615));
#5165=CARTESIAN_POINT('',(9.16792930624831,20.8483388524756,0.722241117239279));
#5166=CARTESIAN_POINT('',(9.16180200699083,20.8485229962685,0.721685523741955));
#5167=CARTESIAN_POINT('',(9.15567714698774,20.8487262739031,0.721103825035333));
#5168=CARTESIAN_POINT('',(10.3124471057108,21.6064126208702,3.07551011335027));
#5169=CARTESIAN_POINT('',(10.3100489511497,21.6066991265678,3.07540583380438));
#5170=CARTESIAN_POINT('',(10.3076521225385,21.6069955083802,3.07529795964667));
#5171=CARTESIAN_POINT('',(9.14955029303821,20.8489136475309,0.720543826581297));
#5172=CARTESIAN_POINT('',(9.14648686606345,20.8490073343448,0.720263827354279));
#5173=CARTESIAN_POINT('',(9.14342290137657,20.84909664632,0.719989797917623));
#5174=CARTESIAN_POINT('',(10.3052542049536,21.6072836801434,3.07519307370252));
#5175=CARTESIAN_POINT('',(10.3040552461612,21.607427766025,3.07514063073045));
#5176=CARTESIAN_POINT('',(10.3028559920411,21.607569593169,3.0750890098716));
#5177=CARTESIAN_POINT('',(9.14035787494583,20.8491773199148,0.719727556188675));
#5178=CARTESIAN_POINT('',(9.13729284851508,20.8492579935096,0.719465314459728));
#5179=CARTESIAN_POINT('',(9.13422688048734,20.8493310062432,0.719213526541557));
#5180=CARTESIAN_POINT('',(10.3016561547792,21.6077069603009,3.07503901232444));
#5181=CARTESIAN_POINT('',(10.3004563175172,21.6078443274328,3.07498901477727));
#5182=CARTESIAN_POINT('',(10.2992559631017,21.6079777392474,3.07494045684785));
#5183=CARTESIAN_POINT('',(9.13116055605814,20.849401119288,0.718965695462696));
#5184=CARTESIAN_POINT('',(9.12502790719975,20.8495413453777,0.718470033304975));
#5185=CARTESIAN_POINT('',(9.11889434414407,20.8496737464525,0.717985051311859));
#5186=CARTESIAN_POINT('',(10.2980554129399,21.6081096539472,3.07489244382365));
#5187=CARTESIAN_POINT('',(10.2956543126161,21.6083734833469,3.07479641777525));
#5188=CARTESIAN_POINT('',(10.2932527027058,21.6086332711956,3.07470186273109));
#5189=CARTESIAN_POINT('',(9.11276281490059,20.849823775969,0.717476007432297));
#5190=CARTESIAN_POINT('',(9.10663128565711,20.8499738054856,0.716966963552734));
#5191=CARTESIAN_POINT('',(9.10050049616345,20.8501306312791,0.716448640921897));
#5192=CARTESIAN_POINT('',(10.2908522307267,21.6089021647792,3.07460399347049));
#5193=CARTESIAN_POINT('',(10.2884517587476,21.6091710583627,3.07450612420989));
#5194=CARTESIAN_POINT('',(10.2860517080926,21.6094434638522,3.07440697672007));
#5195=CARTESIAN_POINT('',(9.09436629550881,20.850256117665,0.715973105036713));
#5196=CARTESIAN_POINT('',(9.08823209485417,20.850381604051,0.71549756915153));
#5197=CARTESIAN_POINT('',(9.08209409589605,20.8504721942054,0.715069676036323));
#5198=CARTESIAN_POINT('',(10.2836497146093,21.609699675026,3.07431372347913));
#5199=CARTESIAN_POINT('',(10.2812477211261,21.6099558861998,3.07422047023818));
#5200=CARTESIAN_POINT('',(10.2788435643169,21.6101940651057,3.074133780206));
#5201=CARTESIAN_POINT('',(9.07595638577257,20.850565437974,0.714638160021961));
#5202=CARTESIAN_POINT('',(9.07288753071083,20.8506120598583,0.71442240201478));
#5203=CARTESIAN_POINT('',(9.06981893101329,20.8506610278562,0.714203440929634));
#5204=CARTESIAN_POINT('',(10.2764395720136,21.6104336152393,3.07404659108773));
#5205=CARTESIAN_POINT('',(10.2752375758619,21.6105533903062,3.0740029965286));
#5206=CARTESIAN_POINT('',(10.2740357251531,21.610674377703,3.07395896071743));
#5207=CARTESIAN_POINT('',(9.06675042740795,20.8507108786843,0.713983274542965));
#5208=CARTESIAN_POINT('',(9.06368192380261,20.8507607295125,0.713763108156297));
#5209=CARTESIAN_POINT('',(9.06061351628948,20.850811463171,0.713541736468106));
#5210=CARTESIAN_POINT('',(10.2728339291737,21.6107958212933,3.07391475886542));
#5211=CARTESIAN_POINT('',(10.2716321331943,21.6109172648836,3.07387055701341));
#5212=CARTESIAN_POINT('',(10.2704303919442,21.6110391646674,3.07382618912056));
#5213=CARTESIAN_POINT('',(9.05754504559656,20.8508616163765,0.713321157254836));
#5214=CARTESIAN_POINT('',(9.05140810421071,20.8509619227875,0.712879998828297));
#5215=CARTESIAN_POINT('',(9.04527089753057,20.8510594302035,0.712442663732813));
#5216=CARTESIAN_POINT('',(10.2692286147101,21.611160764508,3.07378193039807));
#5217=CARTESIAN_POINT('',(10.2668250602418,21.6114039641893,3.07369341295309));
#5218=CARTESIAN_POINT('',(10.2644213476847,21.6116457162935,3.07360542238308));
#5219=CARTESIAN_POINT('',(9.03913460326809,20.8511665641421,0.711992179137624));
#5220=CARTESIAN_POINT('',(9.03299830900561,20.8512736980808,0.711541694542435));
#5221=CARTESIAN_POINT('',(9.02686240680853,20.8513849685326,0.711085559612176));
#5222=CARTESIAN_POINT('',(10.2620181788379,21.6118924470184,3.07351561974337));
#5223=CARTESIAN_POINT('',(10.259615009991,21.6121391777432,3.07342581710365));
#5224=CARTESIAN_POINT('',(10.2572120747762,21.6123880477794,3.07333523581827));
#5225=CARTESIAN_POINT('',(9.02072328508711,20.8514622712268,0.7106758234734));
#5226=CARTESIAN_POINT('',(9.01765372422639,20.8515009225739,0.710470955404012));
#5227=CARTESIAN_POINT('',(9.0145833891826,20.8515314058745,0.710277244605771));
#5228=CARTESIAN_POINT('',(10.2548072210457,21.6126193504569,3.07325104852856));
#5229=CARTESIAN_POINT('',(10.2536047941804,21.6127350017956,3.07320895488371));
#5230=CARTESIAN_POINT('',(10.2524019059793,21.6128464288048,3.07316839876905));
#5231=CARTESIAN_POINT('',(9.01151273228984,20.8515584934892,0.710088172198042));
#5232=CARTESIAN_POINT('',(9.00844207539707,20.8515855811039,0.709899099790313));
#5233=CARTESIAN_POINT('',(9.00537109665533,20.8516092730327,0.709714665773097));
#5234=CARTESIAN_POINT('',(10.2511988259883,21.6129560996418,3.07312848184883));
#5235=CARTESIAN_POINT('',(10.2499957459973,21.6130657704788,3.0730885649286));
#5236=CARTESIAN_POINT('',(10.2487924742163,21.6131736851435,3.0730492872028));
#5237=CARTESIAN_POINT('',(9.00230024839872,20.8516343416359,0.709528351265757));
#5238=CARTESIAN_POINT('',(8.9992294001421,20.8516594102392,0.709342036758418));
#5239=CARTESIAN_POINT('',(8.99615892258416,20.8516886510762,0.709150021898225));
#5240=CARTESIAN_POINT('',(10.2475892801911,21.6132823117932,3.07300975033565));
#5241=CARTESIAN_POINT('',(10.246386086166,21.613390938443,3.0729702134685));
#5242=CARTESIAN_POINT('',(10.2451831180883,21.6135017236484,3.07292989095132));
#5243=CARTESIAN_POINT('',(8.99308856704346,20.8517192623267,0.708956134710563));
#5244=CARTESIAN_POINT('',(8.99001821150276,20.8517498735771,0.708762247522902));
#5245=CARTESIAN_POINT('',(8.98694797797929,20.8517818552412,0.708566488007773));
#5246=CARTESIAN_POINT('',(10.2439802243262,21.6136132178459,3.07288931038214));
#5247=CARTESIAN_POINT('',(10.2427773305641,21.6137247120434,3.07284872981295));
#5248=CARTESIAN_POINT('',(10.2415745111177,21.613836915233,3.07280789119175));
#5249=CARTESIAN_POINT('',(8.98387761779162,20.8518124054987,0.70837268419056));
#5250=CARTESIAN_POINT('',(8.98080725760394,20.8518429557562,0.708178880373348));
#5251=CARTESIAN_POINT('',(8.97773668858044,20.8518709188079,0.707988612390833));
#5252=CARTESIAN_POINT('',(10.2403716143552,21.613948377851,3.07276732211656));
#5253=CARTESIAN_POINT('',(10.2391687175927,21.614059840469,3.07272675304137));
#5254=CARTESIAN_POINT('',(10.237965688965,21.61416996391,3.07268667138677));
#5255=CARTESIAN_POINT('',(8.97466552533614,20.8518915202075,0.707808405295492));
#5256=CARTESIAN_POINT('',(8.97159436209183,20.8519121216071,0.707628198200151));
#5257=CARTESIAN_POINT('',(8.96852250480181,20.8519241246526,0.707459742144931));
#5258=CARTESIAN_POINT('',(10.236762285128,21.6142762768477,3.07264797664192));
#5259=CARTESIAN_POINT('',(10.235558881291,21.6143825897855,3.07260928189706));
#5260=CARTESIAN_POINT('',(10.2343550392123,21.6144844520843,3.07257220705229));
#5261=CARTESIAN_POINT('',(8.96545025512989,20.8519312665877,0.707297929582609));
#5262=CARTESIAN_POINT('',(8.95930575578605,20.851945550458,0.706974304457964));
#5263=CARTESIAN_POINT('',(8.95315986496317,20.8519421997962,0.706674781351872));
#5264=CARTESIAN_POINT('',(10.2331509493717,21.6145837981984,3.07253604802386));
#5265=CARTESIAN_POINT('',(10.2307427696906,21.6147824904266,3.07246372996702));
#5266=CARTESIAN_POINT('',(10.2283337037354,21.614972053758,3.07239473455688));
#5267=CARTESIAN_POINT('',(8.94701543120535,20.8519577546011,0.706349417458555));
#5268=CARTESIAN_POINT('',(8.94087099744753,20.8519733094061,0.706024053565238));
#5269=CARTESIAN_POINT('',(8.93472745223201,20.8520021943662,0.705680462585575));
#5270=CARTESIAN_POINT('',(10.2259255743278,21.6151714049932,3.07232217664113));
#5271=CARTESIAN_POINT('',(10.2235174449202,21.6153707562283,3.07224961872537));
#5272=CARTESIAN_POINT('',(10.2211099214518,21.6155770131894,3.07217454733092));
#5273=CARTESIAN_POINT('',(8.92858224928734,20.8520062096192,0.705370877384087));
#5274=CARTESIAN_POINT('',(8.92243704634267,20.8520102248722,0.705061292182599));
#5275=CARTESIAN_POINT('',(8.91628950108717,20.8519791001735,0.70479975585418));
#5276=CARTESIAN_POINT('',(10.2187012674992,21.6157703863258,3.07210416526516));
#5277=CARTESIAN_POINT('',(10.2162926135465,21.6159637594622,3.07203378319939));
#5278=CARTESIAN_POINT('',(10.2138823622617,21.6161389282437,3.07197002697695));
#5279=CARTESIAN_POINT('',(8.91014151687359,20.8519413900793,0.704547224115135));
#5280=CARTESIAN_POINT('',(8.90399353266001,20.851903679985,0.704294692376089));
#5281=CARTESIAN_POINT('',(8.89784591191272,20.8518714226264,0.704034704798929));
#5282=CARTESIAN_POINT('',(10.21147181163,21.6163106854418,3.07190751246936));
#5283=CARTESIAN_POINT('',(10.2090612609983,21.6164824426398,3.07184499796176));
#5284=CARTESIAN_POINT('',(10.2066509582299,21.6166570246433,3.07178145530905));
#5285=CARTESIAN_POINT('',(8.89169838980707,20.8518406449845,0.703772693920608));
#5286=CARTESIAN_POINT('',(8.88555086770142,20.8518098673425,0.703510683042286));
#5287=CARTESIAN_POINT('',(8.87940317644026,20.8517758735608,0.703253072014181));
#5288=CARTESIAN_POINT('',(10.2042407227274,21.6168323732181,3.0717176336472));
#5289=CARTESIAN_POINT('',(10.2018304872248,21.6170077217929,3.07165381198535));
#5290=CARTESIAN_POINT('',(10.1994201232539,21.6171814028294,3.0715905972578));
#5291=CARTESIAN_POINT('',(8.87325588118108,20.8517494087703,0.702985160926334));
#5292=CARTESIAN_POINT('',(8.86710858592189,20.8517229439797,0.702717249838486));
#5293=CARTESIAN_POINT('',(8.86096185081105,20.8517071292227,0.702434768938454));
#5294=CARTESIAN_POINT('',(10.197010060031,21.6173589875768,3.07152596169567));
#5295=CARTESIAN_POINT('',(10.1945999968082,21.6175365723243,3.07146132613354));
#5296=CARTESIAN_POINT('',(10.1921903590002,21.6177196790141,3.07139468074876));
#5297=CARTESIAN_POINT('',(8.85481366739122,20.8516637776181,0.702189959910764));
#5298=CARTESIAN_POINT('',(8.84866548397139,20.8516204260136,0.701945150883073));
#5299=CARTESIAN_POINT('',(8.84251541286675,20.8515411836271,0.70174944235427));
#5300=CARTESIAN_POINT('',(10.1897796212414,21.6178885081066,3.07133323198439));
#5301=CARTESIAN_POINT('',(10.1873688834825,21.6180573371992,3.07127178322003));
#5302=CARTESIAN_POINT('',(10.1849567120782,21.6182075572578,3.0712171075901));
#5303=CARTESIAN_POINT('',(8.83636521137059,20.8514594620709,0.701557125461625));
#5304=CARTESIAN_POINT('',(8.83021500987443,20.8513777405146,0.701364808568981));
#5305=CARTESIAN_POINT('',(8.8240652077602,20.8513036124713,0.701162103346739));
#5306=CARTESIAN_POINT('',(10.1825444416446,21.6183564918901,3.07116289981708));
#5307=CARTESIAN_POINT('',(10.1801321712111,21.6185054265225,3.07110869204406));
#5308=CARTESIAN_POINT('',(10.1777202040976,21.61865829832,3.07105305126008));
#5309=CARTESIAN_POINT('',(8.81791538795291,20.851229148049,0.700959858308718));
#5310=CARTESIAN_POINT('',(8.81176556814562,20.8511546836267,0.700757613270698));
#5311=CARTESIAN_POINT('',(8.80561561467548,20.851076750581,0.700560115907345));
#5312=CARTESIAN_POINT('',(10.1753082235471,21.6188109957083,3.07099747395589));
#5313=CARTESIAN_POINT('',(10.1728962429966,21.6189636930966,3.0709418966517));
#5314=CARTESIAN_POINT('',(10.1704841430096,21.6191145905181,3.07088697448186));
#5315=CARTESIAN_POINT('',(8.79946601079133,20.8510078897846,0.700350200911696));
#5316=CARTESIAN_POINT('',(8.79331640690719,20.8509390289882,0.700140285916047));
#5317=CARTESIAN_POINT('',(8.78716711064772,20.8508781514509,0.69991944384261));
#5318=CARTESIAN_POINT('',(10.1680723554066,21.6192701957868,3.07083033879577));
#5319=CARTESIAN_POINT('',(10.1656605678035,21.6194258010554,3.07077370310968));
#5320=CARTESIAN_POINT('',(10.1632490550878,21.6195855490633,3.07071555958982));
#5321=CARTESIAN_POINT('',(8.78101665207627,20.8507871108664,0.699739887408863));
#5322=CARTESIAN_POINT('',(8.77794142279055,20.8507415905742,0.699650109191989));
#5323=CARTESIAN_POINT('',(8.77486585176218,20.8506872017912,0.699572469712606));
#5324=CARTESIAN_POINT('',(10.1608365037617,21.6197296446123,3.07066311309912));
#5325=CARTESIAN_POINT('',(10.1596302280986,21.6198016923868,3.07063688985376));
#5326=CARTESIAN_POINT('',(10.1584236470644,21.6198691380504,3.07061234163976));
#5327=CARTESIAN_POINT('',(8.77179011555691,20.8506285265263,0.69950069735098));
#5328=CARTESIAN_POINT('',(8.76871437935165,20.8505698512613,0.699428924989355));
#5329=CARTESIAN_POINT('',(8.76563847796949,20.8505068895145,0.699363019745486));
#5330=CARTESIAN_POINT('',(10.1572169184327,21.6199343593372,3.07058860303271));
#5331=CARTESIAN_POINT('',(10.156010189801,21.6199995806241,3.07056486442567));
#5332=CARTESIAN_POINT('',(10.1548033135719,21.6200625775341,3.07054193542557));
#5333=CARTESIAN_POINT('',(8.76256258797618,20.8504442232944,0.699296709999642));
#5334=CARTESIAN_POINT('',(8.75948669798287,20.8503815570743,0.699230400253797));
#5335=CARTESIAN_POINT('',(8.75641085178625,20.8503196491022,0.69916305337816));
#5336=CARTESIAN_POINT('',(10.153596447519,21.6201257278013,3.07051895060801));
#5337=CARTESIAN_POINT('',(10.1523895814662,21.6201888780686,3.07049596579045));
#5338=CARTESIAN_POINT('',(10.1511827472364,21.6202524213583,3.07047283792438));
#5339=CARTESIAN_POINT('',(8.75333513876547,20.8502621442813,0.699089677888007));
#5340=CARTESIAN_POINT('',(8.75025942574469,20.8502046394603,0.699016302397854));
#5341=CARTESIAN_POINT('',(8.74718378965642,20.8501502780638,0.698938622161687));
#5342=CARTESIAN_POINT('',(10.1499760503158,21.6203182507039,3.07044887800205));
#5343=CARTESIAN_POINT('',(10.1487693533951,21.6203840800495,3.07042491807971));
#5344=CARTESIAN_POINT('',(10.1475627473887,21.6204515419828,3.07040036394406));
#5345=CARTESIAN_POINT('',(8.74410811396299,20.8500942984874,0.698863157933375));
#5346=CARTESIAN_POINT('',(8.73795676257613,20.8499823393346,0.698712229476752));
#5347=CARTESIAN_POINT('',(8.73180513763866,20.8498592033326,0.698576607096779));
#5348=CARTESIAN_POINT('',(10.1463560945806,21.6205181634885,3.070376115699));
#5349=CARTESIAN_POINT('',(10.1439427889644,21.6206514065,3.0703276192089));
#5350=CARTESIAN_POINT('',(10.1415291600881,21.6207788446367,3.07028123552045));
#5351=CARTESIAN_POINT('',(8.72565270069739,20.8497028900426,0.69848641917736));
#5352=CARTESIAN_POINT('',(8.71950026375611,20.8495465767525,0.69839623125794));
#5353=CARTESIAN_POINT('',(8.71334728834232,20.8493682623088,0.698336172701374));
#5354=CARTESIAN_POINT('',(10.1391145716493,21.6208890516197,3.07024112345901));
#5355=CARTESIAN_POINT('',(10.1366999832105,21.6209992586028,3.07020101139757));
#5356=CARTESIAN_POINT('',(10.134284758448,21.6210980389359,3.0701650582966));
#5357=CARTESIAN_POINT('',(8.70719470646569,20.8492060270859,0.6982540945415));
#5358=CARTESIAN_POINT('',(8.70104212458906,20.849043791863,0.698172016381627));
#5359=CARTESIAN_POINT('',(8.69488973469286,20.8488987009765,0.698066448738232));
#5360=CARTESIAN_POINT('',(10.1318699987343,21.6212051702686,3.07012606568032));
#5361=CARTESIAN_POINT('',(10.1294552390206,21.6213123016013,3.07008707306405));
#5362=CARTESIAN_POINT('',(10.1270408859392,21.6214283442038,3.07004483701084));
#5363=CARTESIAN_POINT('',(8.68873712119323,20.8487327788915,0.697989422432308));
#5364=CARTESIAN_POINT('',(8.68258450769361,20.8485668568065,0.697912396126385));
#5365=CARTESIAN_POINT('',(8.67643155978802,20.8483688290158,0.697879359143478));
#5366=CARTESIAN_POINT('',(10.1246260425671,21.6215335588815,3.07000654199996));
#5367=CARTESIAN_POINT('',(10.122211199195,21.6216387735592,3.06996824698908));
#5368=CARTESIAN_POINT('',(10.1197956041767,21.6217272995765,3.06993602615379));
#5369=CARTESIAN_POINT('',(8.67027847603097,20.8481577584129,0.697864192643888));
#5370=CARTESIAN_POINT('',(8.66720193415245,20.8480522231115,0.697856609394093));
#5371=CARTESIAN_POINT('',(8.66412537247287,20.8479447867379,0.697851630879973));
#5372=CARTESIAN_POINT('',(10.1173797038051,21.6218090458936,3.0699062729276));
#5373=CARTESIAN_POINT('',(10.1161717536193,21.6218499190522,3.06989139631451));
#5374=CARTESIAN_POINT('',(10.1149637589264,21.6218898040267,3.06987687937101));
#5375=CARTESIAN_POINT('',(8.66104884047465,20.8478401999784,0.697842747994603));
#5376=CARTESIAN_POINT('',(8.65797230847643,20.8477356132188,0.697833865109232));
#5377=CARTESIAN_POINT('',(8.65489580334491,20.847635246465,0.697819199378205));
#5378=CARTESIAN_POINT('',(10.1137558309476,21.6219311702407,3.0698618233004));
#5379=CARTESIAN_POINT('',(10.1125479029689,21.6219725364547,3.06984676722979));
#5380=CARTESIAN_POINT('',(10.1113400670894,21.6220160967747,3.06983091256994));
#5381=CARTESIAN_POINT('',(8.65181927855346,20.8475361019693,0.697802857379306));
#5382=CARTESIAN_POINT('',(8.64566622897057,20.8473378129778,0.697770173381507));
#5383=CARTESIAN_POINT('',(8.63951316978808,20.8471421593477,0.697733876735345));
#5384=CARTESIAN_POINT('',(10.1101322471287,21.6220602934369,3.06981482630041));
#5385=CARTESIAN_POINT('',(10.1077166072073,21.6221486867615,3.06978265376137));
#5386=CARTESIAN_POINT('',(10.1053010144619,21.6222384511095,3.06974998221058));
#5387=CARTESIAN_POINT('',(8.63336023706039,20.8469117871323,0.69774517357537));
#5388=CARTESIAN_POINT('',(8.6272073043327,20.8466814149169,0.697756470415395));
#5389=CARTESIAN_POINT('',(8.62105448533304,20.8464198180956,0.697810571068737));
#5390=CARTESIAN_POINT('',(10.1028848002095,21.6223101534206,3.06972388470363));
#5391=CARTESIAN_POINT('',(10.100468585957,21.6223818557316,3.06969778719668));
#5392=CARTESIAN_POINT('',(10.098051812744,21.6224373137176,3.06967760214052));
#5393=CARTESIAN_POINT('',(8.6149016419875,20.846164905561,0.697855508661417));
#5394=CARTESIAN_POINT('',(8.61182522031472,20.8460374492937,0.697877977457757));
#5395=CARTESIAN_POINT('',(8.60874879005221,20.8459123513491,0.697897213380353));
#5396=CARTESIAN_POINT('',(10.0956351591882,21.6224962491446,3.06965615139935));
#5397=CARTESIAN_POINT('',(10.0944268324104,21.6225257168582,3.06964542602876));
#5398=CARTESIAN_POINT('',(10.0932185478495,21.6225564114682,3.06963425410434));
#5399=CARTESIAN_POINT('',(8.60567235702383,20.8457880127756,0.697915408329868));
#5400=CARTESIAN_POINT('',(8.60259592399546,20.845663674202,0.697933603279383));
#5401=CARTESIAN_POINT('',(8.59951948820124,20.8455400949995,0.697950757255816));
#5402=CARTESIAN_POINT('',(10.0920102768823,21.6225875011344,3.06962293839128));
#5403=CARTESIAN_POINT('',(10.0908020059151,21.6226185908005,3.06961162267821));
#5404=CARTESIAN_POINT('',(10.0895937485416,21.6226500755226,3.06960016317651));
#5405=CARTESIAN_POINT('',(8.59644305546505,20.8454156762161,0.697969062159831));
#5406=CARTESIAN_POINT('',(8.59029018999267,20.8451668386494,0.698005671967861));
#5407=CARTESIAN_POINT('',(8.58413734462441,20.8449168651549,0.698043839736665));
#5408=CARTESIAN_POINT('',(10.0883854761385,21.6226811234603,3.06958886265136));
#5409=CARTESIAN_POINT('',(10.0859689313325,21.6227432193357,3.06956626160106));
#5410=CARTESIAN_POINT('',(10.0835523724503,21.6228047237576,3.06954387582219));
#5411=CARTESIAN_POINT('',(8.5779843511492,20.8446752594332,0.698070530840831));
#5412=CARTESIAN_POINT('',(8.57183135767398,20.8444336537115,0.698097221944998));
#5413=CARTESIAN_POINT('',(8.56567837246694,20.8441915808115,0.698124553798827));
#5414=CARTESIAN_POINT('',(10.0811359172549,21.6228705851009,3.06951990425367));
#5415=CARTESIAN_POINT('',(10.0787194620595,21.6229364464441,3.06949593268514));
#5416=CARTESIAN_POINT('',(10.076303001075,21.6230020645376,3.06947204965228));
#5417=CARTESIAN_POINT('',(8.55952601643713,20.8439139601493,0.698200640530915));
#5418=CARTESIAN_POINT('',(8.55644983842222,20.8437751498183,0.698238683896959));
#5419=CARTESIAN_POINT('',(8.55337378769128,20.8436291480783,0.698286590507399));
#5420=CARTESIAN_POINT('',(10.0738860996081,21.6230491736677,3.06945490333116));
#5421=CARTESIAN_POINT('',(10.0726776488746,21.6230727282328,3.0694463301706));
#5422=CARTESIAN_POINT('',(10.0714691090303,21.6230925383842,3.06943911986513));
#5423=CARTESIAN_POINT('',(8.55029778062356,20.843480679424,0.698337880568588));
#5424=CARTESIAN_POINT('',(8.54722177355584,20.8433322107698,0.698389170629777));
#5425=CARTESIAN_POINT('',(8.54414581015133,20.8431812752014,0.698443844141715));
#5426=CARTESIAN_POINT('',(10.0702605386177,21.6231110640659,3.06943237706843));
#5427=CARTESIAN_POINT('',(10.0690519682052,21.6231295897476,3.06942563427172));
#5428=CARTESIAN_POINT('',(10.0678433672245,21.6231468309596,3.06941935898376));
#5429=CARTESIAN_POINT('',(8.5410698067893,20.8430325972134,0.698495421310753));
#5430=CARTESIAN_POINT('',(8.53491780006523,20.8427352412375,0.698598575648829));
#5431=CARTESIAN_POINT('',(8.52876532067697,20.8424565333273,0.698676146519616));
#5432=CARTESIAN_POINT('',(10.0666347942182,21.6231652476456,3.06941265585822));
#5433=CARTESIAN_POINT('',(10.0642176482058,21.6232020810178,3.06939924960714));
#5434=CARTESIAN_POINT('',(10.0618006773708,21.6232486284798,3.06938230771649));
#5435=CARTESIAN_POINT('',(8.52261315282892,20.8421665013443,0.698769254211911));
#5436=CARTESIAN_POINT('',(8.51646098498088,20.8418764693612,0.698862361904206));
#5437=CARTESIAN_POINT('',(8.51030953129001,20.8415638251739,0.698986498482833));
#5438=CARTESIAN_POINT('',(10.0593836097677,21.6232892762794,3.06936751312732));
#5439=CARTESIAN_POINT('',(10.0569665421646,21.6233299240791,3.06935271853816));
#5440=CARTESIAN_POINT('',(10.0545493174194,21.6233587884132,3.06934221277971));
#5441=CARTESIAN_POINT('',(8.50415853472372,20.8412337622678,0.699134532748509));
#5442=CARTESIAN_POINT('',(8.49800753815743,20.8409036993616,0.699282567014184));
#5443=CARTESIAN_POINT('',(8.49185701307166,20.840560452026,0.699448695924191));
#5444=CARTESIAN_POINT('',(10.0521319351676,21.6233785785586,3.06933500975586));
#5445=CARTESIAN_POINT('',(10.0497145529158,21.623398368704,3.06932780673201));
#5446=CARTESIAN_POINT('',(10.0472971006289,21.6234112865853,3.06932310500772));
#5447=CARTESIAN_POINT('',(8.48570775519514,20.8401929136495,0.699648182194146));
#5448=CARTESIAN_POINT('',(8.48263312625688,20.8400091444613,0.699747925329123));
#5449=CARTESIAN_POINT('',(8.47955879928296,20.8398187837934,0.699856718055605));
#5450=CARTESIAN_POINT('',(10.0448796755292,21.6234115305764,3.06932301620223));
#5451=CARTESIAN_POINT('',(10.0436709629793,21.6234116525719,3.06932297179948));
#5452=CARTESIAN_POINT('',(10.0424622413839,21.6234083367564,3.06932417865763));
#5453=CARTESIAN_POINT('',(8.47648455945357,20.8396265208824,0.699968122414699));
#5454=CARTESIAN_POINT('',(8.47341031962418,20.8394342579715,0.700079526773793));
#5455=CARTESIAN_POINT('',(8.47033616693932,20.8392400928174,0.700193542765499));
#5456=CARTESIAN_POINT('',(10.0412535171782,21.6234040288188,3.06932574661869));
#5457=CARTESIAN_POINT('',(10.0400447929725,21.6233997208812,3.06932731457975));
#5458=CARTESIAN_POINT('',(10.0388360661564,21.6233944208215,3.06932924364371));
#5459=CARTESIAN_POINT('',(8.46726188657918,20.8390487146568,0.700303732430926));
#5460=CARTESIAN_POINT('',(8.46418760621905,20.8388573364961,0.700413922096353));
#5461=CARTESIAN_POINT('',(8.46111306699439,20.8386706882815,0.700517615824655));
#5462=CARTESIAN_POINT('',(10.0376273431651,21.6233905743288,3.06933064365258));
#5463=CARTESIAN_POINT('',(10.0364186201738,21.623386727836,3.06933204366145));
#5464=CARTESIAN_POINT('',(10.0352098871404,21.6233853495774,3.06933254530656));
#5465=CARTESIAN_POINT('',(8.45803850112211,20.8384845995487,0.700620541377501));
#5466=CARTESIAN_POINT('',(8.45496393524983,20.8382985108158,0.700723466930346));
#5467=CARTESIAN_POINT('',(8.45188934272992,20.8381129815647,0.700825624307734));
#5468=CARTESIAN_POINT('',(10.0340011544762,21.6233842631502,3.0693329407337));
#5469=CARTESIAN_POINT('',(10.0327924218119,21.6233831767231,3.06933333616084));
#5470=CARTESIAN_POINT('',(10.0315836895168,21.6233823821274,3.06933362537001));
#5471=CARTESIAN_POINT('',(8.44881495577929,20.837923841331,0.700932741271331));
#5472=CARTESIAN_POINT('',(8.44266618187804,20.8375455608635,0.701146975198527));
#5473=CARTESIAN_POINT('',(8.43651882342258,20.8371432286505,0.701394245829374));
#5474=CARTESIAN_POINT('',(10.0303749680021,21.6233797029605,3.06933460050702));
#5475=CARTESIAN_POINT('',(10.0279575249726,21.6233743446267,3.06933655078102));
#5476=CARTESIAN_POINT('',(10.0255401718599,21.6233564322526,3.06934307035202));
#5477=CARTESIAN_POINT('',(8.43037234777907,20.8367249726856,0.701663386126417));
#5478=CARTESIAN_POINT('',(8.42422587213555,20.8363067167207,0.701932526423459));
#5479=CARTESIAN_POINT('',(8.41808047698678,20.8358720976246,0.702224148406343));
#5480=CARTESIAN_POINT('',(10.0231228569932,21.623330210013,3.06935261446671));
#5481=CARTESIAN_POINT('',(10.0207055421265,21.6233039877734,3.0693621585814));
#5482=CARTESIAN_POINT('',(10.0182883344987,21.6232692209816,3.06937481265876));
#5483=CARTESIAN_POINT('',(8.4119363532098,20.8354211751131,0.702538179670457));
#5484=CARTESIAN_POINT('',(8.40579222943282,20.8349702526015,0.702852210934571));
#5485=CARTESIAN_POINT('',(8.39964937702765,20.8345030266745,0.703188651479916));
#5486=CARTESIAN_POINT('',(10.015871310082,21.6232259347559,3.06939056755648));
#5487=CARTESIAN_POINT('',(10.0134542856653,21.6231826485302,3.0694063224542));
#5488=CARTESIAN_POINT('',(10.0110374444597,21.6231308428705,3.06942517817228));
#5489=CARTESIAN_POINT('',(8.39350798687134,20.8340195570477,0.70354742890188));
#5490=CARTESIAN_POINT('',(8.39043729179319,20.8337778222344,0.703726817612862));
#5491=CARTESIAN_POINT('',(8.38736693914643,20.8335320171122,0.703911802260467));
#5492=CARTESIAN_POINT('',(10.0086208624374,21.6230705428952,3.06944712556841));
#5493=CARTESIAN_POINT('',(10.0074125714263,21.6230403929076,3.06945809926648));
#5494=CARTESIAN_POINT('',(10.006204335963,21.6230081151802,3.06946984739846));
#5495=CARTESIAN_POINT('',(8.38429695261258,20.8332821506048,0.704102371785374));
#5496=CARTESIAN_POINT('',(8.38122696607872,20.8330322840975,0.704292941310282));
#5497=CARTESIAN_POINT('',(8.37815734565778,20.8327783562049,0.704489095712493));
#5498=CARTESIAN_POINT('',(10.0049961655026,21.6229737136174,3.06948236854333));
#5499=CARTESIAN_POINT('',(10.0037879950421,21.6229393120546,3.06949488968821));
#5500=CARTESIAN_POINT('',(10.0025798895844,21.6229027866564,3.06950818384597));
#5501=CARTESIAN_POINT('',(8.37508811503124,20.8325203758506,0.704690823932689));
#5502=CARTESIAN_POINT('',(8.36894965377818,20.8320044151422,0.705094280373079));
#5503=CARTESIAN_POINT('',(8.36281275170279,20.8314722445871,0.705520032085407));
#5504=CARTESIAN_POINT('',(10.0013718585844,21.6228641413269,3.06952224959559));
#5505=CARTESIAN_POINT('',(9.99895579658448,21.622786850668,3.06955038109483));
#5506=CARTESIAN_POINT('',(9.99654003241532,21.6227010802842,3.06958159896149));
#5507=CARTESIAN_POINT('',(8.35667759825714,20.8309239355741,0.705967990595119));
#5508=CARTESIAN_POINT('',(8.34440729136585,20.829827317548,0.706863907614543));
#5509=CARTESIAN_POINT('',(8.33214397899357,20.82866614569,0.707848651823504));
#5510=CARTESIAN_POINT('',(9.99412464171623,21.6226068614097,3.06961589182734));
#5511=CARTESIAN_POINT('',(9.98929386031806,21.6224184236606,3.06968447755902));
#5512=CARTESIAN_POINT('',(9.98446457280021,21.6221961919482,3.06976536328741));
#5513=CARTESIAN_POINT('',(8.31988917675695,20.8274409911085,0.708921515425584));
#5514=CARTESIAN_POINT('',(8.31376177563864,20.8268284138178,0.709457947226624));
#5515=CARTESIAN_POINT('',(8.30763630805154,20.8261997626044,0.710016506518884));
#5516=CARTESIAN_POINT('',(9.97963738427698,21.6219404161449,3.06985845806649));
#5517=CARTESIAN_POINT('',(9.97722379001536,21.6218125282432,3.06990500545603));
#5518=CARTESIAN_POINT('',(9.97481064294694,21.6216762196617,3.06995461772235));
#5519=CARTESIAN_POINT('',(8.30151312322681,20.8255551923351,0.710596998313969));
#5520=CARTESIAN_POINT('',(8.29845153081445,20.8252329072005,0.710887244211512));
#5521=CARTESIAN_POINT('',(8.29539072693815,20.8249056465266,0.711184348879487));
#5522=CARTESIAN_POINT('',(9.97239808295306,21.6215315600805,3.07000726950402));
#5523=CARTESIAN_POINT('',(9.97119180295612,21.6214592302899,3.07003359539486));
#5524=CARTESIAN_POINT('',(9.9699857358693,21.6213842880379,3.07006087214386));
#5525=CARTESIAN_POINT('',(8.2923300215011,20.8245770633292,0.711483271143064));
#5526=CARTESIAN_POINT('',(8.28926931606406,20.8242484801318,0.711782193406641));
#5527=CARTESIAN_POINT('',(8.28620865616654,20.8239187469147,0.712082694204689));
#5528=CARTESIAN_POINT('',(9.96877968180467,21.6213086548405,3.07008840037643));
#5529=CARTESIAN_POINT('',(9.96757362774004,21.6212330216432,3.07011592860899));
#5530=CARTESIAN_POINT('',(9.96636756929685,21.6211567888711,3.0701436750689));
#5531=CARTESIAN_POINT('',(8.28314886578146,20.823583450225,0.712390863634347));
#5532=CARTESIAN_POINT('',(8.28008907539637,20.8232481535354,0.712699033064005));
#5533=CARTESIAN_POINT('',(8.27703015452373,20.8229072933731,0.713014871125273));
#5534=CARTESIAN_POINT('',(9.96516174413991,21.6210776353166,3.07017248460666));
#5535=CARTESIAN_POINT('',(9.96395591898297,21.6209984817622,3.07020129414442));
#5536=CARTESIAN_POINT('',(9.96275032711228,21.6209164074253,3.07023116676003));
#5537=CARTESIAN_POINT('',(8.27397292713644,20.8225564562853,0.713344467915291));
#5538=CARTESIAN_POINT('',(8.27091569974915,20.8222056191976,0.713674064705309));
#5539=CARTESIAN_POINT('',(8.26786035569342,20.8218437432666,0.71401888514168));
#5540=CARTESIAN_POINT('',(9.96154520619264,21.6208290910984,3.070262947304));
#5541=CARTESIAN_POINT('',(9.96034008527301,21.6207417747715,3.07029472784797));
#5542=CARTESIAN_POINT('',(9.95913548919259,21.6206486582122,3.07032861950387));
#5543=CARTESIAN_POINT('',(8.26480538465101,20.8214776267591,0.714369536406491));
#5544=CARTESIAN_POINT('',(8.25869544256617,20.8207453937441,0.715070838936114));
#5545=CARTESIAN_POINT('',(8.25258933834774,20.81998663196,0.715808693184006));
#5546=CARTESIAN_POINT('',(9.95793095735613,21.6205533244002,3.07036331817375));
#5547=CARTESIAN_POINT('',(9.95552189368321,21.6203626567763,3.07043271551349));
#5548=CARTESIAN_POINT('',(9.95311382156352,21.6201580713394,3.07050717852287));
#5549=CARTESIAN_POINT('',(8.24649630775261,20.8191676808068,0.716629693256163));
#5550=CARTESIAN_POINT('',(8.24040327715748,20.8183487296536,0.71745069332832));
#5551=CARTESIAN_POINT('',(8.23432211755127,20.817466272325,0.718359325914802));
#5552=CARTESIAN_POINT('',(9.95070971050752,21.6199217727906,3.07059318416105));
#5553=CARTESIAN_POINT('',(9.94830559945152,21.6196854742417,3.07067918979923));
#5554=CARTESIAN_POINT('',(9.94590491395296,21.6194157748527,3.07077735234903));
#5555=CARTESIAN_POINT('',(8.2282476475436,20.8165558712891,0.719306590724275));
#5556=CARTESIAN_POINT('',(8.22521041253977,20.8161006707712,0.719780223129011));
#5557=CARTESIAN_POINT('',(8.22217528369872,20.8156381264381,0.72026402559507));
#5558=CARTESIAN_POINT('',(9.94350631045015,21.6191313329349,3.07088088074049));
#5559=CARTESIAN_POINT('',(9.94230700869874,21.618989111976,3.07093264493622));
#5560=CARTESIAN_POINT('',(9.94110839055055,21.6188430057353,3.0709858232589));
#5561=CARTESIAN_POINT('',(8.21914015546299,20.8151743447757,0.720749524043611));
#5562=CARTESIAN_POINT('',(8.21610502722726,20.8147105631133,0.721235022492152));
#5563=CARTESIAN_POINT('',(8.21307002182448,20.8142443615072,0.721723843928498));
#5564=CARTESIAN_POINT('',(9.93990974872336,21.6186962559063,3.07103923582852));
#5565=CARTESIAN_POINT('',(9.93871110689617,21.6185495060774,3.07109264839813));
#5566=CARTESIAN_POINT('',(9.93751246644079,21.618401493745,3.07114652048141));
#5567=CARTESIAN_POINT('',(8.21003772175712,20.8137677164458,0.722227113614447));
#5568=CARTESIAN_POINT('',(8.20700542168976,20.8132910713845,0.722730383300396));
#5569=CARTESIAN_POINT('',(8.20397582695784,20.8128039828678,0.723248101235949));
#5570=CARTESIAN_POINT('',(9.93631468453322,21.6182479652712,3.07120240027601));
#5571=CARTESIAN_POINT('',(9.93511690262565,21.6180944367973,3.07125828007061));
#5572=CARTESIAN_POINT('',(9.93391997926588,21.6179353921819,3.07131616757653));
#5573=CARTESIAN_POINT('',(8.20095152006382,20.8122984273842,0.723791392682905));
#5574=CARTESIAN_POINT('',(8.1979272131698,20.8117928719006,0.724334684129862));
#5575=CARTESIAN_POINT('',(8.19490902656353,20.8112663438547,0.724907024588858));
#5576=CARTESIAN_POINT('',(9.93272477162992,21.6177665777869,3.07137761099143));
#5577=CARTESIAN_POINT('',(9.93152956399395,21.6175977633919,3.07143905440633));
#5578=CARTESIAN_POINT('',(9.93033634994615,21.6174178500754,3.07150453749827));
#5579=CARTESIAN_POINT('',(8.19189195643347,20.810731347161,0.725491027895036));
#5580=CARTESIAN_POINT('',(8.1888748863034,20.8101963504673,0.726075031201214));
#5581=CARTESIAN_POINT('',(8.18586070354786,20.8096489429917,0.726676188292379));
#5582=CARTESIAN_POINT('',(9.92914340983289,21.6172334972269,3.07157163644775));
#5583=CARTESIAN_POINT('',(9.92795046971962,21.6170491443783,3.07163873539723));
#5584=CARTESIAN_POINT('',(9.92675842148158,21.6168582464606,3.07170821655707));
#5585=CARTESIAN_POINT('',(8.18285296553107,20.8090821782517,0.727304196432847));
#5586=CARTESIAN_POINT('',(8.17984522751427,20.8085154135117,0.727932204573315));
#5587=CARTESIAN_POINT('',(8.17684393423622,20.8079292915074,0.728587063763085));
#5588=CARTESIAN_POINT('',(9.92556852522856,21.6166570796834,3.07178143527609));
#5589=CARTESIAN_POINT('',(9.92437862897555,21.6164559129062,3.07185465399511));
#5590=CARTESIAN_POINT('',(9.92319088470757,21.6162444772695,3.07193161027331));
#5591=CARTESIAN_POINT('',(8.17385264306115,20.8073168657563,0.729278471266472));
#5592=CARTESIAN_POINT('',(8.17086135188607,20.8067044400053,0.729969878769859));
#5593=CARTESIAN_POINT('',(8.16787469234028,20.8060741728836,0.730685969836415));
#5594=CARTESIAN_POINT('',(9.92200655253443,21.6160190489832,3.0720136594595));
#5595=CARTESIAN_POINT('',(9.92082222036129,21.6157936206968,3.0720957086457));
#5596=CARTESIAN_POINT('',(9.91963935879036,21.615558768447,3.07218118787408));
#5597=CARTESIAN_POINT('',(8.16489226354358,20.8054277269765,0.73142444579763));
#5598=CARTESIAN_POINT('',(8.16340104914523,20.8051045040229,0.731793683778238));
#5599=CARTESIAN_POINT('',(8.16191152571486,20.8047762198826,0.732169942577337));
#5600=CARTESIAN_POINT('',(9.91845784282487,21.6153153694688,3.0722697778572));
#5601=CARTESIAN_POINT('',(9.91786708484212,21.6151936699797,3.07231407284876));
#5602=CARTESIAN_POINT('',(9.91727689183972,21.6150692853912,3.07235934513658));
#5603=CARTESIAN_POINT('',(8.16042468419396,20.8044414107486,0.732555277604909));
#5604=CARTESIAN_POINT('',(8.15893784267306,20.8041066016146,0.732940612632481));
#5605=CARTESIAN_POINT('',(8.15745368306163,20.8037652674869,0.733335023888525));
#5606=CARTESIAN_POINT('',(9.91668762394258,21.6149414234911,3.07240588306231));
#5607=CARTESIAN_POINT('',(9.91609835604543,21.614813561591,3.07245242098804));
#5608=CARTESIAN_POINT('',(9.91551001325354,21.6146822223793,3.07250022455168));
#5609=CARTESIAN_POINT('',(8.15597319630113,20.8034159445586,0.733740566783021));
#5610=CARTESIAN_POINT('',(8.15449270954063,20.8030666216302,0.734146109677517));
#5611=CARTESIAN_POINT('',(8.15301589563107,20.8027093099012,0.734562784210466));
#5612=CARTESIAN_POINT('',(9.91492295569181,21.6145466136439,3.07254958209489));
#5613=CARTESIAN_POINT('',(9.91433589813008,21.6144110049084,3.0725989396381));
#5614=CARTESIAN_POINT('',(9.91375012579851,21.6142711266492,3.07264985116087));
#5615=CARTESIAN_POINT('',(8.15154374551392,20.8023425455645,0.734992645791847));
#5616=CARTESIAN_POINT('',(8.15007159539678,20.8019757812279,0.735422507373228));
#5617=CARTESIAN_POINT('',(8.14860581277488,20.8015976306549,0.735868290646271));
#5618=CARTESIAN_POINT('',(9.91316599882201,21.6141261866541,3.07270260500487));
#5619=CARTESIAN_POINT('',(9.91258187184551,21.6139812466589,3.07275535884886));
#5620=CARTESIAN_POINT('',(9.91200002064847,21.6138301861618,3.07281034037338));
#5621=CARTESIAN_POINT('',(8.14714163454822,20.8012131577371,0.736322819067633));
#5622=CARTESIAN_POINT('',(8.14421327809491,20.8004442119014,0.737231875910357));
#5623=CARTESIAN_POINT('',(8.14128221601649,20.7996605665547,0.738160946840543));
#5624=CARTESIAN_POINT('',(9.91141867612106,21.6136757872967,3.07286653696448));
#5625=CARTESIAN_POINT('',(9.91025598706624,21.6133669895665,3.07297893014669));
#5626=CARTESIAN_POINT('',(9.90909195336318,21.6130506304316,3.07309407545514));
#5627=CARTESIAN_POINT('',(8.13836858466558,20.7988422949427,0.739138340981276));
#5628=CARTESIAN_POINT('',(8.13691176899013,20.7984331591367,0.739627038051643));
#5629=CARTESIAN_POINT('',(8.13545931099655,20.7980153667644,0.740127815924645));
#5630=CARTESIAN_POINT('',(9.90793408268307,21.6127157186394,3.07321597337859));
#5631=CARTESIAN_POINT('',(9.90735514734301,21.6125482627433,3.07327692234032));
#5632=CARTESIAN_POINT('',(9.90677775275869,21.6123761686829,3.07333955945579));
#5633=CARTESIAN_POINT('',(8.13401372772893,20.7975864269815,0.74064421324067));
#5634=CARTESIAN_POINT('',(8.1325681444613,20.7971574871985,0.741160610556695));
#5635=CARTESIAN_POINT('',(8.13112943591963,20.796717400005,0.741692627315742));
#5636=CARTESIAN_POINT('',(9.906202837389,21.6121980625517,3.07340438478611));
#5637=CARTESIAN_POINT('',(9.90562792201932,21.6120199564204,3.07346921011642));
#5638=CARTESIAN_POINT('',(9.90505548586426,21.6118358382183,3.07353622366158));
#5639=CARTESIAN_POINT('',(8.12970011914799,20.7962636745565,0.742243802158196));
#5640=CARTESIAN_POINT('',(8.12827080237635,20.795809949108,0.74279497700065));
#5641=CARTESIAN_POINT('',(8.12685087737473,20.7953425854046,0.743365309926512));
#5642=CARTESIAN_POINT('',(9.90448646738274,21.6116443340388,3.07360592548268));
#5643=CARTESIAN_POINT('',(9.90391744890121,21.6114528298592,3.07367562730377));
#5644=CARTESIAN_POINT('',(9.90335184809322,21.6112539397022,3.0737480174008));
#5645=CARTESIAN_POINT('',(8.12544286118722,20.794859092602,0.743958339576166));
#5646=CARTESIAN_POINT('',(8.12403484499971,20.7943755997994,0.74455136922582));
#5647=CARTESIAN_POINT('',(8.12264262130398,20.7938731553027,0.745171156580277));
#5648=CARTESIAN_POINT('',(9.90279060341765,21.6110462896613,3.07382359583486));
#5649=CARTESIAN_POINT('',(9.90222935874208,21.6108386396203,3.07389917426891));
#5650=CARTESIAN_POINT('',(9.90167393792402,21.6106206406962,3.07397851938837));
#5651=CARTESIAN_POINT('',(8.12124671362638,20.7933649418309,0.745798668920116));
#5652=CARTESIAN_POINT('',(8.1184548982712,20.7923485148872,0.747053693599793));
#5653=CARTESIAN_POINT('',(8.11566380611067,20.7912992624099,0.748353746571645));
#5654=CARTESIAN_POINT('',(9.90111696158958,21.610399755841,3.07405891490088));
#5655=CARTESIAN_POINT('',(9.90000300892072,21.6099579861305,3.0742197059259));
#5656=CARTESIAN_POINT('',(9.89888870523927,21.6094991204368,3.07438671937992));
#5657=CARTESIAN_POINT('',(8.11291507446434,20.7901945536589,0.749731907120011));
#5658=CARTESIAN_POINT('',(8.11016634281801,20.7890898449078,0.751110067668378));
#5659=CARTESIAN_POINT('',(8.10745997168588,20.787929679883,0.752566335793258));
#5660=CARTESIAN_POINT('',(9.89778993367251,21.6090100918183,3.07456471124075));
#5661=CARTESIAN_POINT('',(9.89669116210576,21.6085210631999,3.07474270310158));
#5662=CARTESIAN_POINT('',(9.8956079226537,21.6080018716566,3.07493167336923));
#5663=CARTESIAN_POINT('',(8.10483759838748,20.786691427844,0.754133790778991));
#5664=CARTESIAN_POINT('',(8.10352641173828,20.7860723018246,0.754917518271857));
#5665=CARTESIAN_POINT('',(8.10223622454752,20.7854336540516,0.755729042479937));
#5666=CARTESIAN_POINT('',(9.89455609844363,21.6074394502468,3.07513637802149));
#5667=CARTESIAN_POINT('',(9.8940301863386,21.6071582395419,3.07523873034763));
#5668=CARTESIAN_POINT('',(9.89351212804406,21.6068662213704,3.07534501626991));
#5669=CARTESIAN_POINT('',(8.10097224148013,20.7847726556825,0.756572498313772));
#5670=CARTESIAN_POINT('',(8.10034024994643,20.784442156498,0.75699422623069));
#5671=CARTESIAN_POINT('',(8.09971480944358,20.7841060696645,0.757423937054046));
#5672=CARTESIAN_POINT('',(9.89300390895092,21.6065617623646,3.07545583028558));
#5673=CARTESIAN_POINT('',(9.89274979940436,21.6064095328617,3.07551123729341));
#5674=CARTESIAN_POINT('',(9.89249814965814,21.6062541931503,3.07556777632459));
#5675=CARTESIAN_POINT('',(8.09909657055469,20.7837640415766,0.75786214764766));
#5676=CARTESIAN_POINT('',(8.0984783316658,20.7834220134888,0.758300358241273));
#5677=CARTESIAN_POINT('',(8.09786845558761,20.7830735755143,0.758747768397974));
#5678=CARTESIAN_POINT('',(9.89224920788615,21.6060955390592,3.07562552169127));
#5679=CARTESIAN_POINT('',(9.89200026611415,21.6059368849682,3.07568326705794));
#5680=CARTESIAN_POINT('',(9.8917544784118,21.6057746366038,3.07574232063314));
#5681=CARTESIAN_POINT('',(8.0972561684362,20.7827227459583,0.759198337282989));
#5682=CARTESIAN_POINT('',(8.09480701983056,20.7813194277344,0.761000612823046));
#5683=CARTESIAN_POINT('',(8.09236357860945,20.7798621462335,0.762877135856515));
#5684=CARTESIAN_POINT('',(9.89150769941577,21.6056112193621,3.07580179964489));
#5685=CARTESIAN_POINT('',(9.89052058343165,21.6049575503953,3.07603971569188));
#5686=CARTESIAN_POINT('',(9.88953466151472,21.6042756359723,3.07628791224414));
#5687=CARTESIAN_POINT('',(8.09007731577975,20.7783078789041,0.764894370696295));
#5688=CARTESIAN_POINT('',(8.08950575007232,20.7779193120718,0.765398679406241));
#5689=CARTESIAN_POINT('',(8.08894400801436,20.7775246836252,0.76591178260408));
#5690=CARTESIAN_POINT('',(9.88860847408563,21.6035383839581,3.07655625003248));
#5691=CARTESIAN_POINT('',(9.88837692722835,21.6033540709546,3.07662333447956));
#5692=CARTESIAN_POINT('',(9.88814911377657,21.6031662993516,3.0766916777539));
#5693=CARTESIAN_POINT('',(8.08839445634034,20.777123321337,0.766434718794704));
#5694=CARTESIAN_POINT('',(8.08784490466632,20.7767219590487,0.766957654985327));
#5695=CARTESIAN_POINT('',(8.08730754337625,20.7763138629188,0.767490424168735));
#5696=CARTESIAN_POINT('',(9.88792594842435,21.6029746458345,3.07676143392941));
#5697=CARTESIAN_POINT('',(9.88770278307213,21.6027829923174,3.07683119010492));
#5698=CARTESIAN_POINT('',(9.88748426581947,21.6025874568862,3.0769023591816));
#5699=CARTESIAN_POINT('',(8.0867847392046,20.7758983607199,0.768034064849815));
#5700=CARTESIAN_POINT('',(8.08626193503296,20.775482858521,0.768577705530894));
#5701=CARTESIAN_POINT('',(8.0857566959688,20.7750599803136,0.769132325350727));
#5702=CARTESIAN_POINT('',(9.88727131136045,21.6023876162264,3.07697509523337));
#5703=CARTESIAN_POINT('',(9.88705835690142,21.6021877755666,3.07704783128515));
#5704=CARTESIAN_POINT('',(9.88685214485677,21.6019835516822,3.07712216270018));
#5705=CARTESIAN_POINT('',(8.08526074477064,20.774628931217,0.769698604236102));
#5706=CARTESIAN_POINT('',(8.08476479357248,20.7741978821205,0.770264883121478));
#5707=CARTESIAN_POINT('',(8.08427582422677,20.7737588142063,0.77084249852684));
#5708=CARTESIAN_POINT('',(9.88664941543682,21.6017747887836,3.07719814618131));
#5709=CARTESIAN_POINT('',(9.88644668601688,21.6015660258849,3.07727412966245));
#5710=CARTESIAN_POINT('',(9.88624653827426,21.6013528748489,3.07735171029495));
#5711=CARTESIAN_POINT('',(8.08379586758429,20.7733127095485,0.771430204858737));
#5712=CARTESIAN_POINT('',(8.08187604101436,20.7715282909176,0.773781030186322));
#5713=CARTESIAN_POINT('',(8.08010041769594,20.7696312843904,0.776293310338455));
#5714=CARTESIAN_POINT('',(9.88604978722281,21.6011357832644,3.07743072516983));
#5715=CARTESIAN_POINT('',(9.88526278301698,21.6002674169262,3.07774678466937));
#5716=CARTESIAN_POINT('',(9.88453012586965,21.5993360018112,3.07808579204697));
#5717=CARTESIAN_POINT('',(8.07859897207762,20.7676845427121,0.778887327334158));
#5718=CARTESIAN_POINT('',(8.07841129137533,20.7674412000023,0.779211579458621));
#5719=CARTESIAN_POINT('',(8.07822789469961,20.7671970801807,0.779537108721265));
#5720=CARTESIAN_POINT('',(9.88390397666549,21.598370183601,3.07843732112718));
#5721=CARTESIAN_POINT('',(9.88382570801497,21.5982494563248,3.0784812622622));
#5722=CARTESIAN_POINT('',(9.88374910355106,21.5981281915001,3.07852539904883));
#5723=CARTESIAN_POINT('',(8.07804903590679,20.7669523060067,0.779863759422908));
#5724=CARTESIAN_POINT('',(8.07787017711398,20.7667075318327,0.780190410124551));
#5725=CARTESIAN_POINT('',(8.07769609783563,20.7664651414575,0.780514029962296));
#5726=CARTESIAN_POINT('',(9.88367426515049,21.5980064450757,3.07856971112344));
#5727=CARTESIAN_POINT('',(9.88359942674992,21.5978846986513,3.07861402319805));
#5728=CARTESIAN_POINT('',(9.88352650784912,21.5977640433327,3.07865793814265));
#5729=CARTESIAN_POINT('',(8.07752593285941,20.7662106314373,0.78085445535172));
#5730=CARTESIAN_POINT('',(8.07718560290696,20.7657016113969,0.781535306130568));
#5731=CARTESIAN_POINT('',(8.07686119267146,20.7651514601899,0.782273321331335));
#5732=CARTESIAN_POINT('',(9.88345488897511,21.5976369624076,3.07870419181674));
#5733=CARTESIAN_POINT('',(9.88331165122709,21.5973828005573,3.0787966991649));
#5734=CARTESIAN_POINT('',(9.88317385849925,21.597106749704,3.07889717345866));
#5735=CARTESIAN_POINT('',(8.07655229226377,20.7645721498075,0.783052071192961));
#5736=CARTESIAN_POINT('',(8.07593449144841,20.7634135290427,0.784609570916213));
#5737=CARTESIAN_POINT('',(8.0753787299443,20.7621382715763,0.786330009282901));
#5738=CARTESIAN_POINT('',(9.88304158153349,21.5968150495715,3.07900334362421));
#5739=CARTESIAN_POINT('',(9.88277702760198,21.5962316493066,3.0792156839553));
#5740=CARTESIAN_POINT('',(9.88253453671878,21.5955856519253,3.07945080777352));
#5741=CARTESIAN_POINT('',(8.07488172863839,20.7608421533376,0.788081948204539));
#5742=CARTESIAN_POINT('',(8.07438472733247,20.7595460350989,0.789833887126178));
#5743=CARTESIAN_POINT('',(8.07394648622474,20.7582290560881,0.791617326602768));
#5744=CARTESIAN_POINT('',(9.88231467481909,21.5949269752198,3.07969054648834));
#5745=CARTESIAN_POINT('',(9.88209481291941,21.5942682985143,3.07993028520315));
#5746=CARTESIAN_POINT('',(9.88189758000323,21.5935969424846,3.08017463881455));
#5747=CARTESIAN_POINT('',(8.07356372620212,20.7569869922344,0.793300828545825));
#5748=CARTESIAN_POINT('',(8.07337234619081,20.7563659603076,0.794142579517353));
#5749=CARTESIAN_POINT('',(8.07319483645078,20.75576365717,0.794959346105498));
#5750=CARTESIAN_POINT('',(9.88172354200574,21.592962824923,3.080405438732));
#5751=CARTESIAN_POINT('',(9.881636523007,21.5926457661422,3.08052083869072));
#5752=CARTESIAN_POINT('',(9.88155530273794,21.5923380169784,3.08063285022596));
#5753=CARTESIAN_POINT('',(8.07303078709288,20.755192054813,0.7957346985492));
#5754=CARTESIAN_POINT('',(8.07286673773499,20.7546204524559,0.796510050992901));
#5755=CARTESIAN_POINT('',(8.07271614875924,20.7540795508793,0.797243989292159));
#5756=CARTESIAN_POINT('',(9.88147995194044,21.5920458171557,3.08073920226389));
#5757=CARTESIAN_POINT('',(9.88140460114295,21.5917536173329,3.08084555430182));
#5758=CARTESIAN_POINT('',(9.88133511981703,21.5914769668513,3.08094624684244));
#5759=CARTESIAN_POINT('',(8.0725786102765,20.7535813220743,0.797920083685912));
#5760=CARTESIAN_POINT('',(8.07230353331101,20.7525848644645,0.799272272473418));
#5761=CARTESIAN_POINT('',(8.07208065831755,20.7517590979412,0.800393085638908));
#5762=CARTESIAN_POINT('',(9.88127157870458,21.5912221054347,3.08103900881195));
#5763=CARTESIAN_POINT('',(9.88114449647968,21.5907123826015,3.08122453275095));
#5764=CARTESIAN_POINT('',(9.88104117510866,21.5902898160286,3.08137833440546));
#5765=CARTESIAN_POINT('',(8.07190670618304,20.7511997984339,0.801151085093895));
#5766=CARTESIAN_POINT('',(8.07181973011578,20.7509201486803,0.801530084821389));
#5767=CARTESIAN_POINT('',(8.0717429823133,20.7507010170839,0.801826641111214));
#5768=CARTESIAN_POINT('',(9.88096218052672,21.5900043235084,3.08148224518494));
#5769=CARTESIAN_POINT('',(9.88092268323575,21.5898615772483,3.08153420057468));
#5770=CARTESIAN_POINT('',(9.88088836486351,21.5897499897829,3.08157481509059));
#5771=CARTESIAN_POINT('',(8.07168433937956,20.75058149307,0.801987565573966));
#5772=CARTESIAN_POINT('',(8.07162569644583,20.750461969056,0.802148490036718));
#5773=CARTESIAN_POINT('',(8.07158460918868,20.7504336984987,0.80218520612749));
#5774=CARTESIAN_POINT('',(9.88086306835496,21.5896896474295,3.08159677791109));
#5775=CARTESIAN_POINT('',(9.8808377718464,21.5896293050761,3.0816187407316));
#5776=CARTESIAN_POINT('',(9.88082112045861,21.5896158797166,3.08162362716282));
#5777=CARTESIAN_POINT('',(8.07155812079986,20.7504575426673,0.802151213261601));
#5778=CARTESIAN_POINT('',(8.07145216724457,20.750552919342,0.802015241798042));
#5779=CARTESIAN_POINT('',(8.07157979558248,20.7514821316324,0.800747927027893));
#5780=CARTESIAN_POINT('',(8.07175177008481,20.7507403007792,0.801773231531465));
#5781=CARTESIAN_POINT('',(9.88081119870303,21.589629106248,3.08161881309909));
#5782=CARTESIAN_POINT('',(9.88077151168066,21.5896820123736,3.08159955684418));
#5783=CARTESIAN_POINT('',(9.88083949877348,21.5901613487524,3.08142509267009));
#5784=CARTESIAN_POINT('',(9.88089256871331,21.589770148783,3.0815674778146));
#5785=B_SPLINE_SURFACE_WITH_KNOTS('Surf_YQAQDGAXIA, MainWing, 0, 16, upper',1,3,((#5786, #5787, #5788, #5792, #5793, #5794, #5798, #5799, #5800, #5804, #5805, #5806, #5810, #5811, #5812, #5816, #5817, #5818, #5822, #5823, #5824, #5828, #5829, #5830, #5834, #5835, #5836, #5840, #5841, #5842, #5846, #5847, #5848, #5852, #5853, #5854, #5858, #5859, #5860, #5864, #5865, #5866, #5870, #5871, #5872, #5876, #5877, #5878, #5882, #5883, #5884, #5888, #5889, #5890, #5894, #5895, #5896, #5900, #5901, #5902, #5906, #5907, #5908, #5912, #5913, #5914, #5918, #5919, #5920, #5924, #5925, #5926, #5930, #5931, #5932, #5936, #5937, #5938, #5942, #5943, #5944, #5948, #5949, #5950, #5954, #5955, #5956, #5960, #5961, #5962, #5966, #5967, #5968, #5972, #5973, #5974, #5978, #5979, #5980, #5984, #5985, #5986, #5990, #5991, #5992, #5996, #5997, #5998, #6002, #6003, #6004, #6008, #6009, #6010, #6014, #6015, #6016, #6020, #6021, #6022, #6026, #6027, #6028, #6032, #6033, #6034, #6038, #6039, #6040, #6044, #6045, #6046, #6050, #6051, #6052, #6056, #6057, #6058, #6062, #6063, #6064, #6068, #6069, #6070, #6074, #6075, #6076, #6080, #6081, #6082, #6086, #6087, #6088, #6092, #6093, #6094, #6098, #6099, #6100, #6104, #6105, #6106, #6110, #6111, #6112, #6116, #6117, #6118, #6122, #6123, #6124, #6128, #6129, #6130, #6134, #6135, #6136, #6140, #6141, #6142, #6146, #6147, #6148, #6152, #6153, #6154, #6158, #6159, #6160, #6164, #6165, #6166, #6170, #6171, #6172, #6176, #6177, #6178, #6182, #6183, #6184, #6188, #6189, #6190, #6194, #6195, #6196, #6200, #6201, #6202, #6206, #6207, #6208, #6212, #6213, #6214, #6218, #6219, #6220, #6224, #6225, #6226, #6230, #6231, #6232, #6236, #6237, #6238, #6242, #6243, #6244, #6248, #6249, #6250, #6254, #6255, #6256, #6260, #6261, #6262, #6266, #6267, #6268, #6272, #6273, #6274, #6278, #6279, #6280, #6284, #6285, #6286, #6290, #6291, #6292, #6296, #6297, #6298, #6302, #6303, #6304, #6308, #6309, #6310, #6314, #6315, #6316, #6320, #6321, #6322, #6326, #6327, #6328, #6332, #6333, #6334, #6338, #6339, #6340, #6344, #6345, #6346, #6350, #6351, #6352, #6356, #6357, #6358, #6362, #6363, #6364, #6368, #6369, #6370, #6374, #6375, #6376, #6380, #6381, #6382, #6386, #6387, #6388, #6392, #6393, #6394, #6398, #6399, #6400, #6404, #6405, #6406, #6410, #6411, #6412, #6416, #6417, #6418, #6422, #6423, #6424, #6428, #6429, #6430, #6434, #6435, #6436, #6440, #6441, #6442, #6446, #6447, #6448, #6452, #6453, #6454, #6458, #6459, #6460, #6464, #6465, #6466, #6470, #6471, #6472, #6476, #6477, #6478, #6482, #6483, #6484, #6488, #6489, #6490, #6494, #6495, #6496, #6500, #6501, #6502, #6506, #6507, #6508, #6512, #6513, #6514, #6518, #6519, #6520, #6524, #6525, #6526, #6530, #6531, #6532, #6536, #6537, #6538, #6542, #6543, #6544, #6548, #6549, #6550, #6554, #6555, #6556, #6560, #6561, #6562, #6566, #6567, #6568, #6572, #6573, #6574, #6578, #6579, #6580, #6584, #6585, #6586, #6590, #6591, #6592, #6596, #6597, #6598, #6602, #6603, #6604, #6608, #6609, #6610, #6614, #6615, #6616, #6620, #6621, #6622, #6626, #6627, #6628, #6632, #6633, #6634, #6638, #6639, #6640, #6644, #6645, #6646, #6650, #6651, #6652, #6656, #6657, #6658, #6662, #6663, #6664, #6668, #6669, #6670, #6674, #6675, #6676, #6680, #6681, #6682, #6686, #6687, #6688, #6692, #6693, #6694, #6698, #6699, #6700, #6704, #6705, #6706, #6710, #6711, #6712, #6716, #6717, #6718, #6722, #6723, #6724, #6728, #6729, #6730, #6734, #6735, #6736, #6740, #6741, #6742, #6746, #6747, #6748, #6752, #6753, #6754, #6758, #6759, #6760, #6764, #6765, #6766, #6770, #6771, #6772, #6776, #6777, #6778, #6782, #6783, #6784, #6788, #6789, #6790, #6794, #6795, #6796, #6800, #6801, #6802, #6806, #6807, #6808, #6812, #6813, #6814, #6818, #6819, #6820, #6824, #6825, #6826, #6830, #6831, #6832, #6836, #6837, #6838, #6842, #6843, #6844, #6848, #6849, #6850, #6854, #6855, #6856, #6860, #6861, #6862, #6866, #6867, #6868, #6872, #6873, #6874, #6878, #6879, #6880, #6884, #6885, #6886, #6890, #6891, #6892, #6896, #6897, #6898, #6902, #6903, #6904, #6908, #6909, #6910, #6914, #6915, #6916, #6920, #6921, #6922, #6923),(#5789, #5790, #5791, #5795, #5796, #5797, #5801, #5802, #5803, #5807, #5808, #5809, #5813, #5814, #5815, #5819, #5820, #5821, #5825, #5826, #5827, #5831, #5832, #5833, #5837, #5838, #5839, #5843, #5844, #5845, #5849, #5850, #5851, #5855, #5856, #5857, #5861, #5862, #5863, #5867, #5868, #5869, #5873, #5874, #5875, #5879, #5880, #5881, #5885, #5886, #5887, #5891, #5892, #5893, #5897, #5898, #5899, #5903, #5904, #5905, #5909, #5910, #5911, #5915, #5916, #5917, #5921, #5922, #5923, #5927, #5928, #5929, #5933, #5934, #5935, #5939, #5940, #5941, #5945, #5946, #5947, #5951, #5952, #5953, #5957, #5958, #5959, #5963, #5964, #5965, #5969, #5970, #5971, #5975, #5976, #5977, #5981, #5982, #5983, #5987, #5988, #5989, #5993, #5994, #5995, #5999, #6000, #6001, #6005, #6006, #6007, #6011, #6012, #6013, #6017, #6018, #6019, #6023, #6024, #6025, #6029, #6030, #6031, #6035, #6036, #6037, #6041, #6042, #6043, #6047, #6048, #6049, #6053, #6054, #6055, #6059, #6060, #6061, #6065, #6066, #6067, #6071, #6072, #6073, #6077, #6078, #6079, #6083, #6084, #6085, #6089, #6090, #6091, #6095, #6096, #6097, #6101, #6102, #6103, #6107, #6108, #6109, #6113, #6114, #6115, #6119, #6120, #6121, #6125, #6126, #6127, #6131, #6132, #6133, #6137, #6138, #6139, #6143, #6144, #6145, #6149, #6150, #6151, #6155, #6156, #6157, #6161, #6162, #6163, #6167, #6168, #6169, #6173, #6174, #6175, #6179, #6180, #6181, #6185, #6186, #6187, #6191, #6192, #6193, #6197, #6198, #6199, #6203, #6204, #6205, #6209, #6210, #6211, #6215, #6216, #6217, #6221, #6222, #6223, #6227, #6228, #6229, #6233, #6234, #6235, #6239, #6240, #6241, #6245, #6246, #6247, #6251, #6252, #6253, #6257, #6258, #6259, #6263, #6264, #6265, #6269, #6270, #6271, #6275, #6276, #6277, #6281, #6282, #6283, #6287, #6288, #6289, #6293, #6294, #6295, #6299, #6300, #6301, #6305, #6306, #6307, #6311, #6312, #6313, #6317, #6318, #6319, #6323, #6324, #6325, #6329, #6330, #6331, #6335, #6336, #6337, #6341, #6342, #6343, #6347, #6348, #6349, #6353, #6354, #6355, #6359, #6360, #6361, #6365, #6366, #6367, #6371, #6372, #6373, #6377, #6378, #6379, #6383, #6384, #6385, #6389, #6390, #6391, #6395, #6396, #6397, #6401, #6402, #6403, #6407, #6408, #6409, #6413, #6414, #6415, #6419, #6420, #6421, #6425, #6426, #6427, #6431, #6432, #6433, #6437, #6438, #6439, #6443, #6444, #6445, #6449, #6450, #6451, #6455, #6456, #6457, #6461, #6462, #6463, #6467, #6468, #6469, #6473, #6474, #6475, #6479, #6480, #6481, #6485, #6486, #6487, #6491, #6492, #6493, #6497, #6498, #6499, #6503, #6504, #6505, #6509, #6510, #6511, #6515, #6516, #6517, #6521, #6522, #6523, #6527, #6528, #6529, #6533, #6534, #6535, #6539, #6540, #6541, #6545, #6546, #6547, #6551, #6552, #6553, #6557, #6558, #6559, #6563, #6564, #6565, #6569, #6570, #6571, #6575, #6576, #6577, #6581, #6582, #6583, #6587, #6588, #6589, #6593, #6594, #6595, #6599, #6600, #6601, #6605, #6606, #6607, #6611, #6612, #6613, #6617, #6618, #6619, #6623, #6624, #6625, #6629, #6630, #6631, #6635, #6636, #6637, #6641, #6642, #6643, #6647, #6648, #6649, #6653, #6654, #6655, #6659, #6660, #6661, #6665, #6666, #6667, #6671, #6672, #6673, #6677, #6678, #6679, #6683, #6684, #6685, #6689, #6690, #6691, #6695, #6696, #6697, #6701, #6702, #6703, #6707, #6708, #6709, #6713, #6714, #6715, #6719, #6720, #6721, #6725, #6726, #6727, #6731, #6732, #6733, #6737, #6738, #6739, #6743, #6744, #6745, #6749, #6750, #6751, #6755, #6756, #6757, #6761, #6762, #6763, #6767, #6768, #6769, #6773, #6774, #6775, #6779, #6780, #6781, #6785, #6786, #6787, #6791, #6792, #6793, #6797, #6798, #6799, #6803, #6804, #6805, #6809, #6810, #6811, #6815, #6816, #6817, #6821, #6822, #6823, #6827, #6828, #6829, #6833, #6834, #6835, #6839, #6840, #6841, #6845, #6846, #6847, #6851, #6852, #6853, #6857, #6858, #6859, #6863, #6864, #6865, #6869, #6870, #6871, #6875, #6876, #6877, #6881, #6882, #6883, #6887, #6888, #6889, #6893, #6894, #6895, #6899, #6900, #6901, #6905, #6906, #6907, #6911, #6912, #6913, #6917, #6918, #6919, #6924, #6925, #6926, #6927)),.UNSPECIFIED.,.F.,.F.,.F.,(2,2),(4,3,3,3,3,3,3,3,3,3,3,3,3,3,3,3,3,3,3,3,3,3,3,3,3,3,3,3,3,3,3,3,3,3,3,3,3,3,3,3,3,3,3,3,3,3,3,3,3,3,3,3,3,3,3,3,3,3,3,3,3,3,3,3,3,3,3,3,3,3,3,3,3,3,3,3,3,3,3,3,3,3,3,3,3,3,3,3,3,3,3,3,3,3,3,3,3,3,3,3,3,3,3,3,3,3,3,3,3,3,3,3,3,3,3,3,3,3,3,3,3,3,3,3,3,3,3,3,3,3,3,3,3,3,3,3,3,3,3,3,3,3,3,3,3,3,3,3,3,3,3,3,3,3,3,3,3,3,3,3,3,3,3,3,3,3,3,3,3,3,3,3,3,3,3,3,3,3,3,3,3,3,3,3,3,3,3,3,3,3,4),(0.,1.),(0.,1.,2.,3.,4.,5.,6.,7.,8.,9.,10.,11.,12.,13.,14.,15.,16.,17.,18.,19.,20.,21.,22.,23.,24.,25.,26.,27.,28.,29.,30.,31.,32.,33.,34.,35.,36.,37.,38.,39.,40.,41.,42.,43.,44.,45.,46.,47.,48.,49.,50.,51.,52.,53.,54.,55.,56.,57.,58.,59.,60.,61.,62.,63.,64.,65.,66.,67.,68.,69.,70.,71.,72.,73.,74.,75.,76.,77.,78.,79.,80.,81.,82.,83.,84.,85.,86.,87.,88.,89.,90.,91.,92.,93.,94.,95.,96.,97.,98.,99.,100.,101.,102.,103.,104.,105.,106.,107.,108.,109.,110.,111.,112.,113.,114.,115.,116.,117.,118.,119.,120.,121.,122.,123.,124.,125.,126.,127.,128.,129.,130.,131.,132.,133.,134.,135.,136.,137.,138.,139.,140.,141.,142.,143.,144.,145.,146.,147.,148.,149.,150.,151.,152.,153.,154.,155.,156.,157.,158.,159.,160.,161.,162.,163.,164.,165.,166.,167.,168.,169.,170.,171.,172.,173.,174.,175.,176.,177.,178.,179.,180.,181.,182.,183.,184.,185.,186.,187.,188.,189.,190.),.PIECEWISE_BEZIER_KNOTS.);
#5786=CARTESIAN_POINT('',(8.07175177008481,20.7507403007792,0.801773231531465));
#5787=CARTESIAN_POINT('',(8.07192374458714,20.7499984699259,0.802798536035037));
#5788=CARTESIAN_POINT('',(8.07211199876586,20.7480797577577,0.805437745249999));
#5789=CARTESIAN_POINT('',(9.88089256871331,21.589770148783,3.0815674778146));
#5790=CARTESIAN_POINT('',(9.88094563865313,21.5893789488136,3.08170986295911));
#5791=CARTESIAN_POINT('',(9.88098234185964,21.588375113431,3.08207522915849));
#5792=CARTESIAN_POINT('',(8.07245221392177,20.7457349950147,0.808668442587733));
#5793=CARTESIAN_POINT('',(8.07253726771075,20.7451488043289,0.809476116922166));
#5794=CARTESIAN_POINT('',(8.0726318190608,20.7445359854822,0.810320759264272));
#5795=CARTESIAN_POINT('',(9.88107037401446,21.5871449471454,3.08252297306965));
#5796=CARTESIAN_POINT('',(9.88109238205316,21.586837405574,3.08263490904744));
#5797=CARTESIAN_POINT('',(9.88111759815114,21.5865157183211,3.08275199363221));
#5798=CARTESIAN_POINT('',(8.07273798799226,20.7439082702049,0.811186394354855));
#5799=CARTESIAN_POINT('',(8.07284415692371,20.7432805549276,0.812052029445438));
#5800=CARTESIAN_POINT('',(8.07296194343656,20.7426379432197,0.812938657284496));
#5801=CARTESIAN_POINT('',(9.8811470800534,21.5861859213948,3.08287202989674));
#5802=CARTESIAN_POINT('',(9.88117656195567,21.5858561244685,3.08299206616126));
#5803=CARTESIAN_POINT('',(9.88121030966223,21.5855182178687,3.08311505410554));
#5804=CARTESIAN_POINT('',(8.07309346755114,20.7419921668115,0.813830302612834));
#5805=CARTESIAN_POINT('',(8.07335651578029,20.7407006139951,0.815613593269508));
#5806=CARTESIAN_POINT('',(8.07367451441634,20.7393964023775,0.817416953883297));
#5807=CARTESIAN_POINT('',(9.88124938091811,21.5851782376035,3.08323879680233));
#5808=CARTESIAN_POINT('',(9.88132752342987,21.584498277073,3.08348628219591));
#5809=CARTESIAN_POINT('',(9.88142696013891,21.5838100218805,3.08373678659955));
#5810=CARTESIAN_POINT('',(8.0740644236219,20.7381733858013,0.819112582380625));
#5811=CARTESIAN_POINT('',(8.07425937822468,20.7375618775131,0.819960396629289));
#5812=CARTESIAN_POINT('',(8.07447231046983,20.7369706679853,0.820781277848837));
#5813=CARTESIAN_POINT('',(9.88155615300543,21.5831617600899,3.08397273459536));
#5814=CARTESIAN_POINT('',(9.88162074943869,21.5828376291945,3.08409070859326));
#5815=CARTESIAN_POINT('',(9.88169278491132,21.5825234966497,3.08420504348921));
#5816=CARTESIAN_POINT('',(8.07470534037768,20.7364114889482,0.821559250780073));
#5817=CARTESIAN_POINT('',(8.07493837028553,20.7358523099111,0.822337223711309));
#5818=CARTESIAN_POINT('',(8.07519187553158,20.7353297078275,0.823066075407042));
#5819=CARTESIAN_POINT('',(9.88177331716835,21.5822253984632,3.08431354235596));
#5820=CARTESIAN_POINT('',(9.88185384942537,21.5819273002768,3.08442204122272));
#5821=CARTESIAN_POINT('',(9.88194311438235,21.5816475894344,3.08452384764356));
#5822=CARTESIAN_POINT('',(8.07546680572512,20.7348413204423,0.82374909069534));
#5823=CARTESIAN_POINT('',(8.0760166661122,20.733864545672,0.825115121271936));
#5824=CARTESIAN_POINT('',(8.07664125342628,20.7328968976391,0.826472339928643));
#5825=CARTESIAN_POINT('',(9.88204143859717,21.5813850077025,3.08461941957803));
#5826=CARTESIAN_POINT('',(9.88223808702682,21.5808598442387,3.08481056344699));
#5827=CARTESIAN_POINT('',(9.882464202536,21.5803371017835,3.08500082614084));
#5828=CARTESIAN_POINT('',(8.07732581366797,20.731946125464,0.82780939522047));
#5829=CARTESIAN_POINT('',(8.07801037390965,20.7309953532889,0.829146450512298));
#5830=CARTESIAN_POINT('',(8.07875490707894,20.7300614569716,0.830463342439246));
#5831=CARTESIAN_POINT('',(9.88271415179058,21.5798212701247,3.08518857351055));
#5832=CARTESIAN_POINT('',(9.88296410104516,21.5793054384658,3.08537632088027));
#5833=CARTESIAN_POINT('',(9.88323788404514,21.5787965176032,3.08556155292586));
#5834=CARTESIAN_POINT('',(8.07954465917643,20.7291521856321,0.831748719556325));
#5835=CARTESIAN_POINT('',(8.07993953522518,20.7286975499624,0.832391408114864));
#5836=CARTESIAN_POINT('',(8.08034571600598,20.7282490705372,0.833026217970936));
#5837=CARTESIAN_POINT('',(9.88352986745639,21.5782989973244,3.08574263549829));
#5838=CARTESIAN_POINT('',(9.88367585916201,21.578050237185,3.08583317678451));
#5839=CARTESIAN_POINT('',(9.88382640097045,21.5778043271915,3.08592268070243));
#5840=CARTESIAN_POINT('',(8.0807613572689,20.7278077159965,0.833651730193917));
#5841=CARTESIAN_POINT('',(8.08096917790036,20.7275870387262,0.833964486305408));
#5842=CARTESIAN_POINT('',(8.08117936365236,20.7273681426769,0.834274918008625));
#5843=CARTESIAN_POINT('',(9.88398078871494,21.5775618285675,3.08601094298344));
#5844=CARTESIAN_POINT('',(9.88405798258718,21.5774405792554,3.08605507412395));
#5845=CARTESIAN_POINT('',(9.88413613794344,21.5773201827857,3.08609889485522));
#5846=CARTESIAN_POINT('',(8.08139168399365,20.7271511489288,0.834582847937242));
#5847=CARTESIAN_POINT('',(8.08160400433493,20.7269341551807,0.834890777865859));
#5848=CARTESIAN_POINT('',(8.08181845926551,20.7267190637338,0.835196206019875));
#5849=CARTESIAN_POINT('',(9.88421516676286,21.5772007093113,3.08614237964369));
#5850=CARTESIAN_POINT('',(9.88429419558229,21.5770812358369,3.08618586443216));
#5851=CARTESIAN_POINT('',(9.88437409786488,21.5769626853578,3.08622901327782));
#5852=CARTESIAN_POINT('',(8.08203481825414,20.7265059956679,0.835498955032961));
#5853=CARTESIAN_POINT('',(8.08376569016316,20.7248014511413,0.83792094713766));
#5854=CARTESIAN_POINT('',(8.08577244092522,20.723220741142,0.84018685598503));
#5855=CARTESIAN_POINT('',(9.88445478558979,21.5768451280269,3.08627180064709));
#5856=CARTESIAN_POINT('',(9.88510028738908,21.5759046693796,3.08661409960127));
#5857=CARTESIAN_POINT('',(9.88585631884935,21.5750200330963,3.08693608087653));
#5858=CARTESIAN_POINT('',(8.08790183978708,20.7217223805955,0.842345961048686));
#5859=CARTESIAN_POINT('',(8.08843418950255,20.7213477904589,0.842885737314601));
#5860=CARTESIAN_POINT('',(8.08897418222872,20.7209783479989,0.843418836085209));
#5861=CARTESIAN_POINT('',(9.88666201634041,21.5741744113249,3.08724386203079));
#5862=CARTESIAN_POINT('',(9.88686344071317,21.573963005882,3.08732080731935));
#5863=CARTESIAN_POINT('',(9.88706796041145,21.5737540399811,3.08739686468725));
#5864=CARTESIAN_POINT('',(8.08951940685357,20.7206134056387,0.843946025657176));
#5865=CARTESIAN_POINT('',(8.09006463147843,20.7202484632784,0.844473215229144));
#5866=CARTESIAN_POINT('',(8.09061508800198,20.7198880210177,0.84499449560247));
#5867=CARTESIAN_POINT('',(9.88727461783613,21.5735472518512,3.08747212941133));
#5868=CARTESIAN_POINT('',(9.8874812752608,21.5733404637214,3.0875473941354));
#5869=CARTESIAN_POINT('',(9.88769007041186,21.5731358533625,3.08762186621564));
#5870=CARTESIAN_POINT('',(8.0911683653122,20.7195314312797,0.845510635073823));
#5871=CARTESIAN_POINT('',(8.09172164262242,20.7191748415417,0.846026774545176));
#5872=CARTESIAN_POINT('',(8.09227774071931,20.7188221043263,0.846537773114556));
#5873=CARTESIAN_POINT('',(9.88790004569019,21.5729331590037,3.08769564092889));
#5874=CARTESIAN_POINT('',(9.88811002096852,21.5727304646449,3.08776941564215));
#5875=CARTESIAN_POINT('',(9.8883211763741,21.5725296862862,3.08784249298841));
#5876=CARTESIAN_POINT('',(8.09283424849087,20.7184725720565,0.847044399078628));
#5877=CARTESIAN_POINT('',(8.09339075626242,20.7181230397868,0.847551025042699));
#5878=CARTESIAN_POINT('',(8.09394642627315,20.7177763149029,0.848053761592326));
#5879=CARTESIAN_POINT('',(9.88853255430783,21.5723305621566,3.08791496824451));
#5880=CARTESIAN_POINT('',(9.88874393224155,21.572131438027,3.08798744350061));
#5881=CARTESIAN_POINT('',(9.88895503606246,21.5719338001742,3.0880593777962));
#5882=CARTESIAN_POINT('',(8.09451275186671,20.7174365127385,0.848547536744542));
#5883=CARTESIAN_POINT('',(8.09677805424093,20.7160773040808,0.850522637353407));
#5884=CARTESIAN_POINT('',(8.09917046925542,20.7148127683048,0.852374263917794));
#5885=CARTESIAN_POINT('',(9.88917045035469,21.5717394313386,3.08813012226681));
#5886=CARTESIAN_POINT('',(9.89003210752361,21.5709619559963,3.08841310014928));
#5887=CARTESIAN_POINT('',(9.89094541888542,21.5702297659536,3.08867959553066));
#5888=CARTESIAN_POINT('',(8.10164411677875,20.713618187725,0.85413402559952));
#5889=CARTESIAN_POINT('',(8.10226252865958,20.7133195425801,0.854573966019952));
#5890=CARTESIAN_POINT('',(8.10288601757221,20.7130252696349,0.855008164885217));
#5891=CARTESIAN_POINT('',(9.89189192306545,21.5695314329885,3.08893376794356));
#5892=CARTESIAN_POINT('',(9.89212854911046,21.5693568497472,3.08899731104679));
#5893=CARTESIAN_POINT('',(9.89236724970661,21.5691843825733,3.08906008396448));
#5894=CARTESIAN_POINT('',(8.1035138666396,20.7127349826756,0.855437116088469));
#5895=CARTESIAN_POINT('',(8.10414171570698,20.7124446957164,0.855866067291722));
#5896=CARTESIAN_POINT('',(8.10477392492912,20.7121583947431,0.856289770832961));
#5897=CARTESIAN_POINT('',(9.89260773639492,21.5690138529008,3.08912215168935));
#5898=CARTESIAN_POINT('',(9.89284822308323,21.5688433232282,3.08918421941421));
#5899=CARTESIAN_POINT('',(9.8930904958637,21.5686747310571,3.08924558194624));
#5900=CARTESIAN_POINT('',(8.10540977742894,20.7118756935418,0.856708720605341));
#5901=CARTESIAN_POINT('',(8.1066814824286,20.7113102911393,0.8575466201501));
#5902=CARTESIAN_POINT('',(8.10796776053903,20.7107592878252,0.858365504619422));
#5903=CARTESIAN_POINT('',(9.89333426627735,21.5685078978213,3.08930630427814));
#5904=CARTESIAN_POINT('',(9.89382180710466,21.5681742313499,3.08942774894193));
#5905=CARTESIAN_POINT('',(9.8943153384647,21.56784760062,3.08954663280519));
#5906=CARTESIAN_POINT('',(8.10926287674382,20.7102195938888,0.859169325158532));
#5907=CARTESIAN_POINT('',(8.11185310915339,20.709140206016,0.860776966236754));
#5908=CARTESIAN_POINT('',(8.11447470303161,20.7081037077655,0.862327372259549));
#5909=CARTESIAN_POINT('',(9.89481255268563,21.5675265771041,3.08966347580949));
#5910=CARTESIAN_POINT('',(9.8958069811275,21.5668845300722,3.08989716181808));
#5911=CARTESIAN_POINT('',(9.89681453131662,21.566263814921,3.09012308365708));
#5912=CARTESIAN_POINT('',(8.11709395076426,20.7070925427376,0.863842939061371));
#5913=CARTESIAN_POINT('',(8.11971319849691,20.7060813777096,0.865358505863193));
#5914=CARTESIAN_POINT('',(8.1223881367455,20.7051296139149,0.866795409743798));
#5915=CARTESIAN_POINT('',(9.89782165155279,21.5656563493122,3.09034418305702));
#5916=CARTESIAN_POINT('',(9.89882877178897,21.5650488837034,3.09056528245697));
#5917=CARTESIAN_POINT('',(9.89985886916661,21.5644705808208,3.09077576749263));
#5918=CARTESIAN_POINT('',(8.12510041618791,20.7042239150832,0.868171022163557));
#5919=CARTESIAN_POINT('',(8.12645655590911,20.7037710656674,0.868858828373436));
#5920=CARTESIAN_POINT('',(8.12782203092876,20.7033297324922,0.869531311718105));
#5921=CARTESIAN_POINT('',(9.90090449353682,21.5639150752679,3.09097795497886));
#5922=CARTESIAN_POINT('',(9.90142730572192,21.5636373224914,3.09107904872198));
#5923=CARTESIAN_POINT('',(9.90195399965516,21.5633652690474,3.09117806807774));
#5924=CARTESIAN_POINT('',(8.1291945475816,20.7028982485241,0.870190643630107));
#5925=CARTESIAN_POINT('',(8.13056706423444,20.7024667645559,0.87084997554211));
#5926=CARTESIAN_POINT('',(8.13194662252046,20.7020451297947,0.871496156021446));
#5927=CARTESIAN_POINT('',(9.90248364406793,21.5630981192612,3.091275302648));
#5928=CARTESIAN_POINT('',(9.90301328848069,21.562830969475,3.09137253721827));
#5929=CARTESIAN_POINT('',(9.90354588337299,21.5625687233467,3.09146798700303));
#5930=CARTESIAN_POINT('',(8.13333092877441,20.7016316772066,0.872131356500664));
#5931=CARTESIAN_POINT('',(8.13471523502835,20.7012182246185,0.872766556979882));
#5932=CARTESIAN_POINT('',(8.13610428925022,20.7008129542036,0.873390777458981));
#5933=CARTESIAN_POINT('',(9.90408049747619,21.5623105852016,3.09156194160415));
#5934=CARTESIAN_POINT('',(9.9046151115794,21.5620524470566,3.09165589620528));
#5935=CARTESIAN_POINT('',(9.90515174489351,21.5617984168948,3.09174835562276));
#5936=CARTESIAN_POINT('',(8.13749579777474,20.7004141989281,0.874006189370507));
#5937=CARTESIAN_POINT('',(8.13888730629926,20.7000154436525,0.874621601282032));
#5938=CARTESIAN_POINT('',(8.14027888086769,20.6996210484132,0.875231040352758));
#5939=CARTESIAN_POINT('',(9.90568946614993,21.5615476990418,3.09183960945846));
#5940=CARTESIAN_POINT('',(9.90622718740634,21.5612969811888,3.09193086329416));
#5941=CARTESIAN_POINT('',(9.90676501882483,21.561048529056,3.09202129247514));
#5942=CARTESIAN_POINT('',(8.14167728994525,20.6992375451478,0.875825888467307));
#5943=CARTESIAN_POINT('',(8.14447410810037,20.698470538617,0.877015584696405));
#5944=CARTESIAN_POINT('',(8.14730094259627,20.6977490335214,0.878144399413085));
#5945=CARTESIAN_POINT('',(9.90730573969213,21.5608055294003,3.09210973711674));
#5946=CARTESIAN_POINT('',(9.90838718142673,21.560319530089,3.09228662639994));
#5947=CARTESIAN_POINT('',(9.90948126814318,21.5598562630052,3.09245524182896));
#5948=CARTESIAN_POINT('',(8.15014620713659,20.6970584902802,0.879231688055565));
#5949=CARTESIAN_POINT('',(8.15156883940675,20.6967132186596,0.879775332376804));
#5950=CARTESIAN_POINT('',(8.15299607918801,20.6963756875026,0.880308595179494));
#5951=CARTESIAN_POINT('',(9.91058317733307,21.5594085263611,3.09261820464019));
#5952=CARTESIAN_POINT('',(9.91113413192802,21.5591846580391,3.09269968604581));
#5953=CARTESIAN_POINT('',(9.91168704214132,21.558964672327,3.09277975429697));
#5954=CARTESIAN_POINT('',(8.15442647819334,20.6960440793616,0.880833895893411));
#5955=CARTESIAN_POINT('',(8.15585687719866,20.6957124712205,0.881359196607328));
#5956=CARTESIAN_POINT('',(8.15729043542803,20.6953867860955,0.881876535232473));
#5957=CARTESIAN_POINT('',(9.91224130515944,21.5587476690014,3.09285873704823));
#5958=CARTESIAN_POINT('',(9.91279556817755,21.5585306656758,3.09293771979949));
#5959=CARTESIAN_POINT('',(9.91335118400046,21.5583166447366,3.09301561705085));
#5960=CARTESIAN_POINT('',(8.15872570459443,20.6950652065387,0.882388331198621));
#5961=CARTESIAN_POINT('',(8.16016097376082,20.694743626982,0.882900127164771));
#5962=CARTESIAN_POINT('',(8.16159795386422,20.6944261529937,0.883406380471925));
#5963=CARTESIAN_POINT('',(9.91390754981463,21.5581047059605,3.09309275645686));
#5964=CARTESIAN_POINT('',(9.9144639156288,21.5578927671843,3.09316989586286));
#5965=CARTESIAN_POINT('',(9.91502103143423,21.5576829105712,3.09324627742351));
#5966=CARTESIAN_POINT('',(8.16303519661759,20.6941109671261,0.88390951054986));
#5967=CARTESIAN_POINT('',(8.16447243937097,20.6937957812585,0.884412640627796));
#5968=CARTESIAN_POINT('',(8.16591040673237,20.6934835256888,0.884911790131663));
#5969=CARTESIAN_POINT('',(9.91557829441735,21.5574742358976,3.09332222879335));
#5970=CARTESIAN_POINT('',(9.91613555740048,21.557265561224,3.09339818016318));
#5971=CARTESIAN_POINT('',(9.91669316104734,21.5570583881245,3.09347358500474));
#5972=CARTESIAN_POINT('',(8.16735268085001,20.693178880848,0.885400721056308));
#5973=CARTESIAN_POINT('',(8.1702372290853,20.6925695911665,0.886378582905597));
#5974=CARTESIAN_POINT('',(8.17313447418012,20.6919846954293,0.887323637330581));
#5975=CARTESIAN_POINT('',(9.91725259991822,21.5568550395181,3.09354759784464));
#5976=CARTESIAN_POINT('',(9.91837147765998,21.5564483423053,3.09369562352445));
#5977=CARTESIAN_POINT('',(9.91949580369134,21.5560539378394,3.0938391750103));
#5978=CARTESIAN_POINT('',(8.17603993674509,20.6914174164159,0.888244951914826));
#5979=CARTESIAN_POINT('',(8.17894539931006,20.6908501374026,0.889166266499071));
#5980=CARTESIAN_POINT('',(8.1818590793452,20.690300475113,0.890063841242578));
#5981=CARTESIAN_POINT('',(9.92062369123223,21.5556684405319,3.09397948455564));
#5982=CARTESIAN_POINT('',(9.92175157877311,21.5552829432243,3.09411979410098));
#5983=CARTESIAN_POINT('',(9.92288302782351,21.5549063530751,3.09425686170581));
#5984=CARTESIAN_POINT('',(8.18477649746112,20.6897616523269,0.890946743728914));
#5985=CARTESIAN_POINT('',(8.18769391557705,20.6892228295408,0.891829646215251));
#5986=CARTESIAN_POINT('',(8.19061437196345,20.6886938221814,0.892699245472627));
#5987=CARTESIAN_POINT('',(9.92401615160334,21.5545352844957,3.09439191962358));
#5988=CARTESIAN_POINT('',(9.92514927538317,21.5541642159163,3.09452697754134));
#5989=CARTESIAN_POINT('',(9.92628377979387,21.5537981580393,3.09466021171259));
#5990=CARTESIAN_POINT('',(8.19354339274945,20.6881831978009,0.893544071784234));
#5991=CARTESIAN_POINT('',(8.19647241353545,20.6876725734205,0.89438889809584));
#5992=CARTESIAN_POINT('',(8.19940819984541,20.6871774682421,0.895212787700766));
#5993=CARTESIAN_POINT('',(9.92742199651072,21.5534413950722,3.0947900628133));
#5994=CARTESIAN_POINT('',(9.92856021322757,21.5530846321051,3.09491991391401));
#5995=CARTESIAN_POINT('',(9.92970138179257,21.5527357305124,3.09504690370844));
#5996=CARTESIAN_POINT('',(8.20234858699731,20.6866942358084,0.896020631522136));
#5997=CARTESIAN_POINT('',(8.20528897414921,20.6862110033747,0.896828475343507));
#5998=CARTESIAN_POINT('',(8.20823396214305,20.6857396436859,0.897620273381321));
#5999=CARTESIAN_POINT('',(9.93084458323444,21.5523928610515,3.09517169798646));
#6000=CARTESIAN_POINT('',(9.93198778467631,21.5520499915906,3.09529649226447));
#6001=CARTESIAN_POINT('',(9.93313301899504,21.5517131542615,3.09541909102606));
#6002=CARTESIAN_POINT('',(8.21118138629684,20.6852765102845,0.898400916558706));
#6003=CARTESIAN_POINT('',(8.21412881045063,20.6848133768832,0.899181559736091));
#6004=CARTESIAN_POINT('',(8.21708171900764,20.6843644138517,0.899943051598072));
#6005=CARTESIAN_POINT('',(9.93427936721936,21.5513805198215,3.0955401600611));
#6006=CARTESIAN_POINT('',(9.93542571544369,21.5510478853816,3.09566122909613));
#6007=CARTESIAN_POINT('',(9.93657448728453,21.5507224506289,3.09577967765929));
#6008=CARTESIAN_POINT('',(8.22003867633832,20.6839263317025,0.900689829860478));
#6009=CARTESIAN_POINT('',(8.222995633669,20.6834882495534,0.901436608122884));
#6010=CARTESIAN_POINT('',(8.22595663977335,20.6830610482867,0.902168672785714));
#6011=CARTESIAN_POINT('',(9.93772505643672,21.5504025492974,3.09589611222186));
#6012=CARTESIAN_POINT('',(9.93887562558891,21.5500826479659,3.09601254678443));
#6013=CARTESIAN_POINT('',(9.94002799205244,21.5497682800555,3.09612696734643));
#6014=CARTESIAN_POINT('',(8.2289202590218,20.682641438415,0.902890461564799));
#6015=CARTESIAN_POINT('',(8.23484749751871,20.6818022186717,0.90433403912297));
#6016=CARTESIAN_POINT('',(8.24078168027479,20.6809853752475,0.905747290071881));
#6017=CARTESIAN_POINT('',(9.94118152952213,21.5494577793,3.09623998037915));
#6018=CARTESIAN_POINT('',(9.94348860446154,21.548836777789,3.0964660064446));
#6019=CARTESIAN_POINT('',(9.94579883384863,21.5482271986658,3.09668787510086));
#6020=CARTESIAN_POINT('',(8.24672721690611,20.6802008741324,0.907116772669785));
#6021=CARTESIAN_POINT('',(8.25267275353742,20.6794163730173,0.908486255267689));
#6022=CARTESIAN_POINT('',(8.25862839276753,20.6786627096589,0.909813969821516));
#6023=CARTESIAN_POINT('',(9.94811413875004,21.5476340882587,3.0969037496347));
#6024=CARTESIAN_POINT('',(9.95042944365144,21.5470409778515,3.09711962416854));
#6025=CARTESIAN_POINT('',(9.95274930452367,21.5464635925499,3.09732977523204));
#6026=CARTESIAN_POINT('',(8.2645934799377,20.6779402189918,0.911099424856778));
#6027=CARTESIAN_POINT('',(8.26757602352279,20.6775789736583,0.911742152374408));
#6028=CARTESIAN_POINT('',(8.27056092909288,20.6772255214976,0.912374315012398));
#6029=CARTESIAN_POINT('',(9.95507347123447,21.5459021269404,3.09753413200143));
#6030=CARTESIAN_POINT('',(9.95623555458987,21.5456213941357,3.09763631038612));
#6031=CARTESIAN_POINT('',(9.9573987144049,21.5453446412541,3.09773704019729));
#6032=CARTESIAN_POINT('',(8.27354811481565,20.6768799043766,0.912995851336434));
#6033=CARTESIAN_POINT('',(8.27653530053843,20.6765342872556,0.913617387660471));
#6034=CARTESIAN_POINT('',(8.27952476641387,20.6761965051742,0.914228297670555));
#6035=CARTESIAN_POINT('',(9.95856291941305,21.5450718926188,3.09783631258196));
#6036=CARTESIAN_POINT('',(9.95972712442119,21.5447991439836,3.09793558496663));
#6037=CARTESIAN_POINT('',(9.96089237462244,21.5445303995947,3.0980333999248));
#6038=CARTESIAN_POINT('',(8.28251643060964,20.6758665999994,0.914828519932375));
#6039=CARTESIAN_POINT('',(8.28550809480541,20.6755366948246,0.915428742194196));
#6040=CARTESIAN_POINT('',(8.28850301851561,20.6752181391317,0.916013569513051));
#6041=CARTESIAN_POINT('',(9.96205863875026,21.5442656837756,3.0981297486035));
#6042=CARTESIAN_POINT('',(9.96322490287808,21.5440009679565,3.09822609728219));
#6043=CARTESIAN_POINT('',(9.96439266400931,21.5437420538578,3.09832033430736));
#6044=CARTESIAN_POINT('',(8.2915001023138,20.67490722946,0.916588023656175));
#6045=CARTESIAN_POINT('',(8.294497186112,20.6745963197882,0.917162477799299));
#6046=CARTESIAN_POINT('',(8.29749642999818,20.6742930561376,0.917726558766693));
#6047=CARTESIAN_POINT('',(9.96556141961843,21.543487049429,3.09841314832905));
#6048=CARTESIAN_POINT('',(9.96673017522755,21.5432320450002,3.09850596235074));
#6049=CARTESIAN_POINT('',(9.96789992531456,21.5429809502413,3.09859735336896));
#6050=CARTESIAN_POINT('',(8.3004967345459,20.6739937350473,0.91828528832559));
#6051=CARTESIAN_POINT('',(8.30649734364134,20.6733950928667,0.919402747443386));
#6052=CARTESIAN_POINT('',(8.3124995467171,20.6728036958275,0.920510354841051));
#6053=CARTESIAN_POINT('',(9.96907016735396,21.5427318731018,3.09868801003376));
#6054=CARTESIAN_POINT('',(9.97141065143277,21.5422337188229,3.09886932336337));
#6055=CARTESIAN_POINT('',(9.973751900344,21.5417392833266,3.09904928316676));
#6056=CARTESIAN_POINT('',(8.31850649806738,20.6722298897227,0.921594086080918));
#6057=CARTESIAN_POINT('',(8.33052040076793,20.6710822775132,0.923761548560651));
#6058=CARTESIAN_POINT('',(8.34255063639903,20.6699982298372,0.925842694145222));
#6059=CARTESIAN_POINT('',(9.97609535044771,21.5412538495623,3.09922596660768));
#6060=CARTESIAN_POINT('',(9.98078225065511,21.5402829820336,3.09957933348953));
#6061=CARTESIAN_POINT('',(9.98547678150671,21.5393446677819,3.09992085194757));
#6062=CARTESIAN_POINT('',(8.35459576355807,20.6689782670968,0.927836738218173));
#6063=CARTESIAN_POINT('',(8.36061832713759,20.6684682857265,0.928833760254649));
#6064=CARTESIAN_POINT('',(8.36664481050467,20.6679742589029,0.929809108061973));
#6065=CARTESIAN_POINT('',(9.99017838807558,21.5384392223497,3.10025040713364));
#6066=CARTESIAN_POINT('',(9.99252919136002,21.5379864996336,3.10041518472667));
#6067=CARTESIAN_POINT('',(9.99488183946574,21.5375419533073,3.10057698635719));
#6068=CARTESIAN_POINT('',(8.37267486223421,20.66749630296,0.930762604796546));
#6069=CARTESIAN_POINT('',(8.37568988809898,20.6672573249886,0.931239353163833));
#6070=CARTESIAN_POINT('',(8.3787055478247,20.667021337622,0.931712033806624));
#6071=CARTESIAN_POINT('',(9.99723619689348,21.5371056548184,3.10073578602039));
#6072=CARTESIAN_POINT('',(9.99841337560735,21.536887505574,3.10081518585199));
#6073=CARTESIAN_POINT('',(9.99959086058054,21.5366708920957,3.10089402671042));
#6074=CARTESIAN_POINT('',(8.38172267876876,20.6667920887131,0.932175551143461));
#6075=CARTESIAN_POINT('',(8.38473980971282,20.6665628398042,0.932639068480297));
#6076=CARTESIAN_POINT('',(8.38775847685979,20.66634052989,0.933093150859831));
#6077=CARTESIAN_POINT('',(10.0007690524736,21.5364577376812,3.10097160857261));
#6078=CARTESIAN_POINT('',(10.0019472443666,21.5362445832667,3.10104919043479));
#6079=CARTESIAN_POINT('',(10.0031261725276,21.5360349901979,3.10112547607313));
#6080=CARTESIAN_POINT('',(8.39077767397609,20.6661206138386,0.933543978301789));
#6081=CARTESIAN_POINT('',(8.39681606820868,20.6656807817358,0.934445633185706));
#6082=CARTESIAN_POINT('',(8.40285555611393,20.6652460849807,0.935340303393662));
#6083=CARTESIAN_POINT('',(10.0043053546911,21.5358266257471,3.1012013145311));
#6084=CARTESIAN_POINT('',(10.0066637190183,21.5354098968456,3.10135299144704));
#6085=CARTESIAN_POINT('',(10.0090226112925,21.5349958049377,3.10150370857574));
#6086=CARTESIAN_POINT('',(8.40889162122835,20.6647953293646,0.936256815402693));
#6087=CARTESIAN_POINT('',(8.41492768634277,20.6643445737486,0.937173327411723));
#6088=CARTESIAN_POINT('',(8.42096263557342,20.6638884355818,0.938097161827879));
#6089=CARTESIAN_POINT('',(10.0113798515366,21.534573466913,3.10165742704555));
#6090=CARTESIAN_POINT('',(10.0137370917808,21.5341511288882,3.10181114551535));
#6091=CARTESIAN_POINT('',(10.0160937905936,21.533726025984,3.101965870319));
#6092=CARTESIAN_POINT('',(8.4270040371188,20.6634634205106,0.938978656472329));
#6093=CARTESIAN_POINT('',(8.43304543866418,20.6630384054394,0.939860151116779));
#6094=CARTESIAN_POINT('',(8.43909374130067,20.6626466781366,0.940696361174968));
#6095=CARTESIAN_POINT('',(10.0184536200929,21.5333169102221,3.10211477627869));
#6096=CARTESIAN_POINT('',(10.0208134495921,21.5329077944602,3.10226368223839));
#6097=CARTESIAN_POINT('',(10.0231766275253,21.5325157777779,3.10240636464209));
#6098=CARTESIAN_POINT('',(8.44514141390732,20.6622519118592,0.941536705445615));
#6099=CARTESIAN_POINT('',(8.44816525021065,20.6620545287205,0.941956877580938));
#6100=CARTESIAN_POINT('',(8.45118880013497,20.6618558357862,0.942378830824333));
#6101=CARTESIAN_POINT('',(10.0255394997659,21.5321222000517,3.1025496152193));
#6102=CARTESIAN_POINT('',(10.0267209358862,21.5319254111886,3.1026212405079));
#6103=CARTESIAN_POINT('',(10.0279022344377,21.5317279499786,3.10269311051074));
#6104=CARTESIAN_POINT('',(8.45421154897247,20.6616530751208,0.94280631988676));
#6105=CARTESIAN_POINT('',(8.45723429780997,20.6614503144553,0.943233808949188));
#6106=CARTESIAN_POINT('',(8.46025651831401,20.6612448197967,0.943665019231741));
#6107=CARTESIAN_POINT('',(10.0290831403627,21.5315283979646,3.10276574150405));
#6108=CARTESIAN_POINT('',(10.0302640462878,21.5313288459505,3.10283837249736));
#6109=CARTESIAN_POINT('',(10.0314446922771,21.5311278883563,3.10291151508));
#6110=CARTESIAN_POINT('',(8.46327909638637,20.6610411754612,0.944093711051778));
#6111=CARTESIAN_POINT('',(8.46630167445873,20.6608375311257,0.944522402871815));
#6112=CARTESIAN_POINT('',(8.4693246100994,20.6606357371132,0.944948576229335));
#6113=CARTESIAN_POINT('',(10.0326255141871,21.5309278820363,3.10298431142714));
#6114=CARTESIAN_POINT('',(10.033806336097,21.5307278757164,3.10305710777427));
#6115=CARTESIAN_POINT('',(10.0349873339276,21.5305288206706,3.10312955788589));
#6116=CARTESIAN_POINT('',(8.47234878921014,20.6604403777401,0.945365991441696));
#6117=CARTESIAN_POINT('',(8.47537296832089,20.6602450183671,0.945783406654057));
#6118=CARTESIAN_POINT('',(8.47839857177159,20.6600569969951,0.946190834473216));
#6119=CARTESIAN_POINT('',(10.0361689435351,21.5303330737535,3.10320080393717));
#6120=CARTESIAN_POINT('',(10.0373505531427,21.5301373268364,3.10327204998844));
#6121=CARTESIAN_POINT('',(10.0385328628837,21.5299453522815,3.10334192301219));
#6122=CARTESIAN_POINT('',(8.4814248118264,20.6598720616779,0.946594063874734));
#6123=CARTESIAN_POINT('',(8.48747729193603,20.6595021910433,0.947400522677772));
#6124=CARTESIAN_POINT('',(8.49353296300819,20.6591485036898,0.948184957671251));
#6125=CARTESIAN_POINT('',(10.0397154818042,21.5297549630534,3.10341121902413));
#6126=CARTESIAN_POINT('',(10.0420807196453,21.5293741845972,3.10354981104803));
#6127=CARTESIAN_POINT('',(10.0444475210517,21.5290017241885,3.10368537555026));
#6128=CARTESIAN_POINT('',(8.4995913294635,20.6588111158663,0.948947184994977));
#6129=CARTESIAN_POINT('',(8.5056496959188,20.6584737280429,0.949709412318703));
#6130=CARTESIAN_POINT('',(8.51171385356847,20.6581686880543,0.950427588460812));
#6131=CARTESIAN_POINT('',(10.0468156940185,21.5286376577177,3.10381788490892));
#6132=CARTESIAN_POINT('',(10.0491838669853,21.5282735912469,3.10395039426759));
#6133=CARTESIAN_POINT('',(10.0515549351725,21.5279261695183,3.10407684543551));
#6134=CARTESIAN_POINT('',(8.51777729995788,20.6578596651166,0.951151188659844));
#6135=CARTESIAN_POINT('',(8.5238407463473,20.6575506421789,0.951874788858876));
#6136=CARTESIAN_POINT('',(8.52990156872921,20.6572265314496,0.952618939383168));
#6137=CARTESIAN_POINT('',(10.0539256475813,21.5275766982871,3.10420404256141));
#6138=CARTESIAN_POINT('',(10.05629635999,21.5272272270559,3.10433123968731));
#6139=CARTESIAN_POINT('',(10.0586657522371,21.5268699899238,3.10446126336997));
#6140=CARTESIAN_POINT('',(8.53596295422643,20.6569055970711,0.953358764088517));
#6141=CARTESIAN_POINT('',(8.53899364697503,20.6567451298818,0.953728676441192));
#6142=CARTESIAN_POINT('',(8.54202469190159,20.6565867956881,0.954095682617935));
#6143=CARTESIAN_POINT('',(10.0610354266036,21.5265143873716,3.10459069211419));
#6144=CARTESIAN_POINT('',(10.0622202637869,21.5263365860955,3.10465540648629));
#6145=CARTESIAN_POINT('',(10.0634052802417,21.5261598832873,3.1047197210488));
#6146=CARTESIAN_POINT('',(8.54505685170129,20.656435213822,0.954453488845073));
#6147=CARTESIAN_POINT('',(8.54808901150099,20.6562836319558,0.954811295072211));
#6148=CARTESIAN_POINT('',(8.55112251069149,20.6561401622278,0.955158048627302));
#6149=CARTESIAN_POINT('',(10.064590864208,21.525986657849,3.10478276995216));
#6150=CARTESIAN_POINT('',(10.0657764481743,21.5258134324107,3.10484581885551));
#6151=CARTESIAN_POINT('',(10.0669627139398,21.525644384629,3.10490734721622));
#6152=CARTESIAN_POINT('',(8.55415691962792,20.656002202454,0.955497294948795));
#6153=CARTESIAN_POINT('',(8.56022573750079,20.6557262829062,0.95617578759178));
#6154=CARTESIAN_POINT('',(8.5662976620418,20.6554691791623,0.956828643971491));
#6155=CARTESIAN_POINT('',(10.0681494427995,21.5254781744094,3.10496784278879));
#6156=CARTESIAN_POINT('',(10.0705229005189,21.5251457539702,3.10508883393393));
#6157=CARTESIAN_POINT('',(10.0728979396467,21.5248230234505,3.10520629823677));
#6158=CARTESIAN_POINT('',(8.57236702467449,20.6551965590128,0.957502641231497));
#6159=CARTESIAN_POINT('',(8.57843638730719,20.6549239388633,0.958176638491502));
#6160=CARTESIAN_POINT('',(8.5845057500748,20.6546513195672,0.958850634588432));
#6161=CARTESIAN_POINT('',(10.0752716746691,21.524492302163,3.10532667094127));
#6162=CARTESIAN_POINT('',(10.0776454096916,21.5241615808755,3.10544704364576));
#6163=CARTESIAN_POINT('',(10.0800191447834,21.5238308600277,3.10556741619023));
#6164=CARTESIAN_POINT('',(8.59057511270693,20.6543786994142,0.959524631853238));
#6165=CARTESIAN_POINT('',(8.593609794023,20.6542423893377,0.959861630485642));
#6166=CARTESIAN_POINT('',(8.59664460062572,20.6541069087541,0.960197498368316));
#6167=CARTESIAN_POINT('',(10.0823928798056,21.5235001387383,3.10568778889538));
#6168=CARTESIAN_POINT('',(10.0835797473167,21.5233347780936,3.10574797524796));
#6169=CARTESIAN_POINT('',(10.0847666799695,21.5231698449914,3.10580800598781));
#6170=CARTESIAN_POINT('',(8.5996788937132,20.6539680283726,0.960538000793423));
#6171=CARTESIAN_POINT('',(8.60271318680068,20.6538291479911,0.960878503218529));
#6172=CARTESIAN_POINT('',(8.60574714996084,20.653688083283,0.961221983277719));
#6173=CARTESIAN_POINT('',(10.0859533456256,21.5230031595443,3.10586867452905));
#6174=CARTESIAN_POINT('',(10.0871400112816,21.5228364740972,3.10592934307029));
#6175=CARTESIAN_POINT('',(10.0883265053956,21.5226686627909,3.10599042139074));
#6176=CARTESIAN_POINT('',(8.60878148311369,20.6535494681745,0.961562124087441));
#6177=CARTESIAN_POINT('',(8.61485014941939,20.6532722379575,0.962242405706885));
#6178=CARTESIAN_POINT('',(8.62092184641871,20.6530139861397,0.962896824441213));
#6179=CARTESIAN_POINT('',(10.0895131918835,21.5225021140725,3.1060510401668));
#6180=CARTESIAN_POINT('',(10.0918865648593,21.5221690166357,3.10617227771891));
#6181=CARTESIAN_POINT('',(10.0942614926067,21.5218456960537,3.10628995678687));
#6182=CARTESIAN_POINT('',(8.62699622197185,20.6527740623954,0.963526254238468));
#6183=CARTESIAN_POINT('',(8.633070597525,20.6525341386511,0.964155684035724));
#6184=CARTESIAN_POINT('',(8.63914765163196,20.6523125429802,0.964760124895907));
#6185=CARTESIAN_POINT('',(10.0966378245275,21.5215318250353,3.10640419649497));
#6186=CARTESIAN_POINT('',(10.0990141564482,21.5212179540169,3.10651843620307));
#6187=CARTESIAN_POINT('',(10.1013918925424,21.5209135325621,3.10662923655131));
#6188=CARTESIAN_POINT('',(8.64522703215294,20.6521086250569,0.96534045076706));
#6189=CARTESIAN_POINT('',(8.64826672241344,20.6520066660952,0.965630613702637));
#6190=CARTESIAN_POINT('',(8.65130745500146,20.6519123166952,0.965910398125992));
#6191=CARTESIAN_POINT('',(10.1037708822118,21.5206182333794,3.10673671666399));
#6192=CARTESIAN_POINT('',(10.1049603770465,21.5204705837881,3.10679045672033));
#6193=CARTESIAN_POINT('',(10.1061504275265,21.5203268596962,3.10684276801174));
#6194=CARTESIAN_POINT('',(8.65434859336398,20.6518209296752,0.966186142225061));
#6195=CARTESIAN_POINT('',(8.6573897317265,20.6517295426551,0.96646188632413));
#6196=CARTESIAN_POINT('',(8.66043127586351,20.651641118015,0.966733590098911));
#6197=CARTESIAN_POINT('',(10.1073406943173,21.5201846637896,3.10689452308916));
#6198=CARTESIAN_POINT('',(10.1085309611081,21.5200424678831,3.10694627816658));
#6199=CARTESIAN_POINT('',(10.1097214442098,21.5199018001619,3.10699747703001));
#6200=CARTESIAN_POINT('',(8.66347258922196,20.6515510085732,0.96700759173734));
#6201=CARTESIAN_POINT('',(8.66955521593888,20.6513707896895,0.967555595014199));
#6202=CARTESIAN_POINT('',(8.67563656618384,20.651181251904,0.968116308134021));
#6203=CARTESIAN_POINT('',(10.1109118042879,21.5197602633121,3.1070489922304));
#6204=CARTESIAN_POINT('',(10.1132925244441,21.5194771896125,3.10715202263116));
#6205=CARTESIAN_POINT('',(10.1156725641379,21.5191893086265,3.10725680274107));
#6206=CARTESIAN_POINT('',(8.68171837350205,20.6509950510229,0.968672470124009));
#6207=CARTESIAN_POINT('',(8.68780018082027,20.6508088501417,0.969228632113996));
#6208=CARTESIAN_POINT('',(8.69388198815056,20.6506226493535,0.969784793977205));
#6209=CARTESIAN_POINT('',(10.1180528474892,21.5189031490296,3.10736095631659));
#6210=CARTESIAN_POINT('',(10.1204331308406,21.5186169894327,3.1074651098921));
#6211=CARTESIAN_POINT('',(10.1228134141984,21.5183308298838,3.10756926345016));
#6212=CARTESIAN_POINT('',(8.69996379552549,20.6504364489089,0.970340955371736));
#6213=CARTESIAN_POINT('',(8.70604560290043,20.6502502484642,0.970897116766267));
#6214=CARTESIAN_POINT('',(8.71212771106493,20.6500664952358,0.971449938753634));
#6215=CARTESIAN_POINT('',(10.1251936975804,21.5180446705122,3.10767341694369));
#6216=CARTESIAN_POINT('',(10.1275739809624,21.5177585111405,3.10777757043721));
#6217=CARTESIAN_POINT('',(10.1299544295468,21.5174736152713,3.1078812640535));
#6218=CARTESIAN_POINT('',(8.71820916205387,20.6498773952558,0.972010056777988));
#6219=CARTESIAN_POINT('',(8.72429061304281,20.6496882952758,0.972570174802342));
#6220=CARTESIAN_POINT('',(8.73037050538491,20.6494865141547,0.973147597179561));
#6221=CARTESIAN_POINT('',(10.1323345171915,21.5171859588642,3.10798596242338));
#6222=CARTESIAN_POINT('',(10.1347146048361,21.5168983024571,3.10809066079326));
#6223=CARTESIAN_POINT('',(10.1370938364258,21.5166040987529,3.10819774218438));
#6224=CARTESIAN_POINT('',(8.73645341637135,20.6493092927382,0.973691506027238));
#6225=CARTESIAN_POINT('',(8.73949487186458,20.6492206820299,0.973963460451077));
#6226=CARTESIAN_POINT('',(8.74253738896687,20.6491407085723,0.974223628708997));
#6227=CARTESIAN_POINT('',(10.1394747259449,21.5163225752706,3.10830020835217));
#6228=CARTESIAN_POINT('',(10.1406651707044,21.5161818135295,3.10835144143607));
#6229=CARTESIAN_POINT('',(10.1418561985311,21.5160455112172,3.10840105142063));
#6230=CARTESIAN_POINT('',(8.7455805382741,20.6490658787367,0.974476778114907));
#6231=CARTESIAN_POINT('',(8.74862368758133,20.6489910489012,0.974729927520817));
#6232=CARTESIAN_POINT('',(8.75166746909351,20.6489213626878,0.974976058074717));
#6233=CARTESIAN_POINT('',(10.1430475735836,21.5159118645666,3.10844969482333));
#6234=CARTESIAN_POINT('',(10.144238948636,21.5157782179161,3.10849833822603));
#6235=CARTESIAN_POINT('',(10.1454306709143,21.5156472269274,3.10854601504688));
#6236=CARTESIAN_POINT('',(8.75471145340651,20.6488533264681,0.975219937090514));
#6237=CARTESIAN_POINT('',(8.7577554377195,20.6487852902483,0.975463816106311));
#6238=CARTESIAN_POINT('',(8.76079953777966,20.6487181957565,0.975706410064721));
#6239=CARTESIAN_POINT('',(10.1466225045768,21.5155170878335,3.10859338180337));
#6240=CARTESIAN_POINT('',(10.1478143382394,21.5153869487396,3.10864074855985));
#6241=CARTESIAN_POINT('',(10.1490062354739,21.5152572958617,3.10868793834819));
#6242=CARTESIAN_POINT('',(8.76384318125769,20.6486473865302,0.975954073052409));
#6243=CARTESIAN_POINT('',(8.76688682473572,20.6485765773039,0.976201736040097));
#6244=CARTESIAN_POINT('',(8.76992997621722,20.6485014037499,0.976455356673232));
#6245=CARTESIAN_POINT('',(10.1501978819403,21.5151257250595,3.10873582620392));
#6246=CARTESIAN_POINT('',(10.1513895284067,21.5149941542572,3.10878371405964));
#6247=CARTESIAN_POINT('',(10.1525808976677,21.5148603287615,3.10883242255667));
#6248=CARTESIAN_POINT('',(8.77297314828241,20.6484263465923,0.976708818785671));
#6249=CARTESIAN_POINT('',(8.7790594924128,20.648276232277,0.97721574301055));
#6250=CARTESIAN_POINT('',(8.78514604715004,20.6481280528378,0.97772002560771));
#6251=CARTESIAN_POINT('',(10.1537722772467,21.514726563166,3.1088811092518));
#6252=CARTESIAN_POINT('',(10.1561550364047,21.514459031975,3.10897848264205));
#6253=CARTESIAN_POINT('',(10.1585379155132,21.5141925006112,3.10907549212497));
#6254=CARTESIAN_POINT('',(8.7912364473621,20.6480152031516,0.978176073560297));
#6255=CARTESIAN_POINT('',(8.79732684757416,20.6479023534655,0.978632121512884));
#6256=CARTESIAN_POINT('',(8.80342025813587,20.6478171609245,0.979050410000752));
#6257=CARTESIAN_POINT('',(10.1609229848169,21.5139442255335,3.10916585686316));
#6258=CARTESIAN_POINT('',(10.1633080541206,21.5136959504559,3.10925622160134));
#6259=CARTESIAN_POINT('',(10.1656948379726,21.5134619669231,3.10934138464256));
#6260=CARTESIAN_POINT('',(8.80951261808633,20.6477223159938,0.979481876604992));
#6261=CARTESIAN_POINT('',(8.8156049780368,20.647627471063,0.979913343209231));
#6262=CARTESIAN_POINT('',(8.82169646118798,20.6475245705611,0.980355807841979));
#6263=CARTESIAN_POINT('',(10.1680810234466,21.5132229956172,3.10942836308475));
#6264=CARTESIAN_POINT('',(10.1704672089207,21.5129840243113,3.10951534152694));
#6265=CARTESIAN_POINT('',(10.1728528950106,21.5127408903716,3.10960383504393));
#6266=CARTESIAN_POINT('',(8.82778830670999,20.6474249992991,0.980793727164083));
#6267=CARTESIAN_POINT('',(8.83388015223201,20.6473254280371,0.981231646486187));
#6268=CARTESIAN_POINT('',(8.83997199788216,20.6472258580335,0.981669564089712));
#6269=CARTESIAN_POINT('',(10.1752387874894,21.5124994767824,3.10969170240457));
#6270=CARTESIAN_POINT('',(10.1776246799683,21.5122580631931,3.1097795697652));
#6271=CARTESIAN_POINT('',(10.1800105725217,21.5120166502545,3.10986743688905));
#6272=CARTESIAN_POINT('',(8.84606384364227,20.6471262891099,0.982107480218413));
#6273=CARTESIAN_POINT('',(8.85215568940237,20.6470267201863,0.982545396347114));
#6274=CARTESIAN_POINT('',(8.85824784985527,20.6469304714257,0.982978777247158));
#6275=CARTESIAN_POINT('',(10.1823964651391,21.5117752378741,3.10995530380969));
#6276=CARTESIAN_POINT('',(10.1847823577564,21.5115338254937,3.11004317073033));
#6277=CARTESIAN_POINT('',(10.187168437899,21.5112941302267,3.1101304126728));
#6278=CARTESIAN_POINT('',(8.86433925159259,20.6468262178297,0.983423092477492));
#6279=CARTESIAN_POINT('',(8.87043065332992,20.6467219642338,0.983867407707826));
#6280=CARTESIAN_POINT('',(8.87652113134429,20.6466079648412,0.984325035362027));
#6281=CARTESIAN_POINT('',(10.1895540659233,21.5110502950394,3.11021916142305));
#6282=CARTESIAN_POINT('',(10.1919396939475,21.5108064598521,3.11030791017329));
#6283=CARTESIAN_POINT('',(10.1943247715248,21.5105575843584,3.11039849344505));
#6284=CARTESIAN_POINT('',(8.88261422488474,20.6465215607473,0.984744968784671));
#6285=CARTESIAN_POINT('',(8.8887073184252,20.6464351566535,0.985164902207316));
#6286=CARTESIAN_POINT('',(8.89480376372166,20.6463841155396,0.985536531012089));
#6287=CARTESIAN_POINT('',(10.1967114076961,21.5103229805315,3.1104838822549));
#6288=CARTESIAN_POINT('',(10.1990980438674,21.5100883767045,3.11056927106475));
#6289=CARTESIAN_POINT('',(10.2014866773534,21.5098720618142,3.11064800324605));
#6290=CARTESIAN_POINT('',(8.90090040301046,20.6463351211289,0.985905364090703));
#6291=CARTESIAN_POINT('',(8.90699704229925,20.6462861267182,0.986274197169318));
#6292=CARTESIAN_POINT('',(8.91309295973656,20.6462295162899,0.986653433467059));
#6293=CARTESIAN_POINT('',(10.2038754264391,21.5096568054325,3.11072635016171));
#6294=CARTESIAN_POINT('',(10.2062641755248,21.5094415490509,3.11080469707737));
#6295=CARTESIAN_POINT('',(10.2086524944573,21.5092223538363,3.11088447761096));
#6296=CARTESIAN_POINT('',(8.91918891541266,20.6461733092355,0.98703211877012));
#6297=CARTESIAN_POINT('',(8.92528487108877,20.6461171021812,0.98741080407318));
#6298=CARTESIAN_POINT('',(8.93138082675384,20.6460608950011,0.98778948954801));
#6299=CARTESIAN_POINT('',(10.211040836175,21.5090033672375,3.11096418221464));
#6300=CARTESIAN_POINT('',(10.2134291778927,21.5087843806387,3.11104388681832));
#6301=CARTESIAN_POINT('',(10.2158175196036,21.5085653939748,3.11112359144568));
#6302=CARTESIAN_POINT('',(8.93747678258024,20.6460046896595,0.988168172510938));
#6303=CARTESIAN_POINT('',(8.94357273840664,20.6459484843179,0.988546855473867));
#6304=CARTESIAN_POINT('',(8.94966869433409,20.6458922801278,0.988925536863486));
#6305=CARTESIAN_POINT('',(10.2182058614133,21.5083464082621,3.11120329572682));
#6306=CARTESIAN_POINT('',(10.220594203223,21.5081274225494,3.11128300000796));
#6307=CARTESIAN_POINT('',(10.2229825450946,21.5079084374325,3.11136270407226));
#6308=CARTESIAN_POINT('',(8.95576465012811,20.6458360744172,0.989304220330522));
#6309=CARTESIAN_POINT('',(8.95881262802512,20.645807971562,0.98949356206404));
#6310=CARTESIAN_POINT('',(8.96186033584619,20.6457765228518,0.989687476448748));
#6311=CARTESIAN_POINT('',(10.2253708868845,21.507689451529,3.11144240842289));
#6312=CARTESIAN_POINT('',(10.2265650577794,21.5075799585772,3.1114822605982));
#6313=CARTESIAN_POINT('',(10.227759058141,21.5074687337601,3.11152274312093));
#6314=CARTESIAN_POINT('',(8.96490805052168,20.6457451590743,0.989881274759111));
#6315=CARTESIAN_POINT('',(8.96795576519717,20.6457137952968,0.990075073069473));
#6316=CARTESIAN_POINT('',(8.97100348672708,20.645682516452,0.990268755305489));
#6317=CARTESIAN_POINT('',(10.228953062831,21.5073575529055,3.11156320964262));
#6318=CARTESIAN_POINT('',(10.230147067521,21.5072463720509,3.11160367616432));
#6319=CARTESIAN_POINT('',(10.2313410765394,21.5071352351588,3.11164412668496));
#6320=CARTESIAN_POINT('',(8.97405149204181,20.6456547533276,0.990457632741622));
#6321=CARTESIAN_POINT('',(8.97709949735654,20.6456269902032,0.990646510177756));
#6322=CARTESIAN_POINT('',(8.98014786594909,20.6456037276114,0.990829236909047));
#6323=CARTESIAN_POINT('',(10.2325352647479,21.507025918057,3.1116839148561));
#6324=CARTESIAN_POINT('',(10.2337294529564,21.5069166009553,3.11172370302724));
#6325=CARTESIAN_POINT('',(10.2349238705492,21.5068096133976,3.11176264331367));
#6326=CARTESIAN_POINT('',(8.98319692264555,20.6455889897186,0.991000313261756));
#6327=CARTESIAN_POINT('',(8.98624597934201,20.6455742518259,0.991171389614465));
#6328=CARTESIAN_POINT('',(8.98929563878116,20.6455669811261,0.991332260841531));
#6329=CARTESIAN_POINT('',(10.2361187226311,21.5067070383538,3.11179997757639));
#6330=CARTESIAN_POINT('',(10.2373135747129,21.50660446331,3.1118373118391));
#6331=CARTESIAN_POINT('',(10.2385088073844,21.5065057533989,3.11187323930858));
#6332=CARTESIAN_POINT('',(8.99234552396208,20.6455625070712,0.991489310001505));
#6333=CARTESIAN_POINT('',(8.99539540914299,20.6455580330163,0.991646359161479));
#6334=CARTESIAN_POINT('',(8.99844552006567,20.6455563556062,0.991799586254362));
#6335=CARTESIAN_POINT('',(10.239704182596,21.5064084910737,3.11190863989987));
#6336=CARTESIAN_POINT('',(10.2408995578076,21.5063112287485,3.11194404049116));
#6337=CARTESIAN_POINT('',(10.2420950755591,21.5062154140092,3.11197891420426));
#6338=CARTESIAN_POINT('',(9.00149547972917,20.6455528042931,0.991955374338703));
#6339=CARTESIAN_POINT('',(9.00454543939267,20.6455492529799,0.992111162423044));
#6340=CARTESIAN_POINT('',(9.007595123403,20.6455422866848,0.992271617631865));
#6341=CARTESIAN_POINT('',(10.2432904978012,21.5061186293092,3.11201414095421));
#6342=CARTESIAN_POINT('',(10.2444859200433,21.5060218446091,3.11204936770416));
#6343=CARTESIAN_POINT('',(10.2456811682298,21.5059232922625,3.11208523782485));
#6344=CARTESIAN_POINT('',(9.01064485197419,20.6455358724404,0.992431318374269));
#6345=CARTESIAN_POINT('',(9.01674430911656,20.6455230439516,0.992750719859078));
#6346=CARTESIAN_POINT('',(9.02284376625894,20.6455102154628,0.993070121343887));
#6347=CARTESIAN_POINT('',(10.2468764445533,21.5058250256657,3.1121210039411));
#6348=CARTESIAN_POINT('',(10.2492669972003,21.5056284924721,3.11219253617362));
#6349=CARTESIAN_POINT('',(10.2516575498474,21.5054319592785,3.11226406840613));
#6350=CARTESIAN_POINT('',(9.02894322340131,20.6454973869739,0.993389522828696));
#6351=CARTESIAN_POINT('',(9.03504268054369,20.6454845584851,0.993708924313505));
#6352=CARTESIAN_POINT('',(9.04114213768606,20.6454717299963,0.994028325798314));
#6353=CARTESIAN_POINT('',(10.2540481024944,21.5052354260849,3.11233560063865));
#6354=CARTESIAN_POINT('',(10.2564386551415,21.5050388928913,3.11240713287116));
#6355=CARTESIAN_POINT('',(10.2588292077885,21.5048423596977,3.11247866510367));
#6356=CARTESIAN_POINT('',(9.04724159482844,20.6454589015075,0.994347727283123));
#6357=CARTESIAN_POINT('',(9.05029132339963,20.6454524872631,0.994507428025527));
#6358=CARTESIAN_POINT('',(9.05334112264606,20.6454471333119,0.994665678968096));
#6359=CARTESIAN_POINT('',(10.2612197604356,21.5046458265041,3.11255019733619));
#6360=CARTESIAN_POINT('',(10.2624150367591,21.5045475599073,3.11258596345245));
#6361=CARTESIAN_POINT('',(10.2636103612795,21.5044498425986,3.11262152964421));
#6362=CARTESIAN_POINT('',(9.05639073649136,20.6454389979121,0.994827733145141));
#6363=CARTESIAN_POINT('',(9.05944035033666,20.6454308625123,0.994989787322185));
#6364=CARTESIAN_POINT('',(9.06248976594381,20.6454197530785,0.995155908066546));
#6365=CARTESIAN_POINT('',(10.2648055593659,21.5043506843521,3.11265762029439));
#6366=CARTESIAN_POINT('',(10.2660007574523,21.5042515261057,3.11269371094457));
#6367=CARTESIAN_POINT('',(10.2671958203504,21.5041508271523,3.11273036236624));
#6368=CARTESIAN_POINT('',(9.06553929464216,20.6454103402762,0.995319708909364));
#6369=CARTESIAN_POINT('',(9.07163835203886,20.6453915146715,0.995647310594999));
#6370=CARTESIAN_POINT('',(9.07773817870074,20.6453842298246,0.995959131940038));
#6371=CARTESIAN_POINT('',(10.268390960371,21.5040510071437,3.11276669387813));
#6372=CARTESIAN_POINT('',(10.270781240412,21.5038513671267,3.11283935690192));
#6373=CARTESIAN_POINT('',(10.2731720450522,21.503657705833,3.11290984384834));
#6374=CARTESIAN_POINT('',(9.08384017753133,20.6454095326003,0.996226394357431));
#6375=CARTESIAN_POINT('',(9.08994217636191,20.645434835376,0.996493656774825));
#6376=CARTESIAN_POINT('',(9.09604561448817,20.6454817309564,0.996731394110523));
#6377=CARTESIAN_POINT('',(10.2755643310002,21.5034809266531,3.11297418620787));
#6378=CARTESIAN_POINT('',(10.2779566169482,21.5033041474732,3.11303852856739));
#6379=CARTESIAN_POINT('',(10.2803498844221,21.5031385545092,3.11309879947727));
#6380=CARTESIAN_POINT('',(9.10214800133078,20.6455128547181,0.996990697159854));
#6381=CARTESIAN_POINT('',(9.1082503881734,20.6455439784798,0.997250000209186));
#6382=CARTESIAN_POINT('',(9.11435269949326,20.6455739690408,0.997510852749516));
#6383=CARTESIAN_POINT('',(10.2827424349724,21.502964790908,3.11316204425591));
#6384=CARTESIAN_POINT('',(10.2851349855227,21.5027910273068,3.11322528903455));
#6385=CARTESIAN_POINT('',(10.2875274845669,21.5026166766473,3.11328874748495));
#6386=CARTESIAN_POINT('',(9.12045504806014,20.6456045184849,0.997770941096628));
#6387=CARTESIAN_POINT('',(9.12350622234359,20.645619793207,0.997900985270184));
#6388=CARTESIAN_POINT('',(9.12655739665251,20.6456350683564,0.998031028859157));
#6389=CARTESIAN_POINT('',(10.2899200090134,21.5024426155189,3.11335210055461));
#6390=CARTESIAN_POINT('',(10.2911162712366,21.5023555849548,3.11338377708943));
#6391=CARTESIAN_POINT('',(10.2923125334781,21.5022685546121,3.11341545354364));
#6392=CARTESIAN_POINT('',(9.12960857097731,20.6456503437722,0.998161072083948));
#6393=CARTESIAN_POINT('',(9.13265974530212,20.6456656191879,0.99829111530874));
#6394=CARTESIAN_POINT('',(9.1357109196428,20.6456808948699,0.99842115816935));
#6395=CARTESIAN_POINT('',(10.2935087957309,21.5021815244075,3.11344712994761));
#6396=CARTESIAN_POINT('',(10.2947050579838,21.5020944942028,3.11347880635158));
#6397=CARTESIAN_POINT('',(10.295901320248,21.5020074641362,3.11351048270533));
#6398=CARTESIAN_POINT('',(9.13876209398974,20.645696170657,0.998551200886181));
#6399=CARTESIAN_POINT('',(9.14486444268364,20.6457267222313,0.998811286319842));
#6400=CARTESIAN_POINT('',(9.15096692742678,20.6457598606063,0.999067832872246));
#6401=CARTESIAN_POINT('',(10.2970975825167,21.501920434124,3.11354215903924));
#6402=CARTESIAN_POINT('',(10.2994901070542,21.5017463740997,3.11360551170707));
#6403=CARTESIAN_POINT('',(10.3018827349189,21.5015736553074,3.11366837620635));
#6404=CARTESIAN_POINT('',(9.15706891437799,20.6457835345854,0.999337327221341));
#6405=CARTESIAN_POINT('',(9.16317090132919,20.6458072085644,0.999606821570436));
#6406=CARTESIAN_POINT('',(9.16927269961093,20.6458272954478,0.999881223257034));
#6407=CARTESIAN_POINT('',(10.3042749847276,21.5013960293149,3.11373302678047));
#6408=CARTESIAN_POINT('',(10.3066672345363,21.5012184033224,3.11379767735458));
#6409=CARTESIAN_POINT('',(10.3090593410576,21.5010389174545,3.11386300486795));
#6410=CARTESIAN_POINT('',(9.175376267509,20.645881028215,1.00010959558475));
#6411=CARTESIAN_POINT('',(9.18147983540708,20.6459347609822,1.00033796791246));
#6412=CARTESIAN_POINT('',(9.18758508612636,20.6460204894699,1.00052256839241));
#6413=CARTESIAN_POINT('',(10.3114527915537,21.5008768766619,3.1139219828932));
#6414=CARTESIAN_POINT('',(10.3138462420498,21.5007148358693,3.11398096091845));
#6415=CARTESIAN_POINT('',(10.3162409706036,21.5005693845578,3.11403390086636));
#6416=CARTESIAN_POINT('',(9.19369005553914,20.6461008694368,1.00071448593341));
#6417=CARTESIAN_POINT('',(9.19674254024552,20.6461410594202,1.00081044470391));
#6418=CARTESIAN_POINT('',(9.19979489923866,20.6461788591926,1.00090967341028));
#6419=CARTESIAN_POINT('',(10.3186354855127,21.5004211600884,3.1140878501612));
#6420=CARTESIAN_POINT('',(10.3198327429672,21.5003470478537,3.11411482480863));
#6421=CARTESIAN_POINT('',(10.3210299049458,21.500271696317,3.1141422505251));
#6422=CARTESIAN_POINT('',(9.20284721574384,20.6462158511328,1.00101000727405));
#6423=CARTESIAN_POINT('',(9.20589953224901,20.646252843073,1.00111034113783));
#6424=CARTESIAN_POINT('',(9.20895180626622,20.646289027181,1.00121178015902));
#6425=CARTESIAN_POINT('',(10.3222270346558,21.5001959259269,3.11416982869175));
#6426=CARTESIAN_POINT('',(10.3234241643658,21.5001201555367,3.1141974068584));
#6427=CARTESIAN_POINT('',(10.3246212618073,21.5000439662932,3.11422513747523));
#6428=CARTESIAN_POINT('',(9.21200412102075,20.6463259858357,1.00131215955917));
#6429=CARTESIAN_POINT('',(9.21505643577528,20.6463629444904,1.00141253895931));
#6430=CARTESIAN_POINT('',(9.21810876948499,20.646400395024,1.00151224510069));
#6431=CARTESIAN_POINT('',(10.3258183901878,21.4999681786448,3.11425272192336));
#6432=CARTESIAN_POINT('',(10.3270155185682,21.4998923909964,3.11428030637149));
#6433=CARTESIAN_POINT('',(10.328212663886,21.499816858598,3.11430779791626));
#6434=CARTESIAN_POINT('',(9.22116106898902,20.6464369578591,1.00161316627862));
#6435=CARTESIAN_POINT('',(9.22421336849306,20.6464735206942,1.00171408745656));
#6436=CARTESIAN_POINT('',(9.22726563379142,20.6465091958307,1.00181622367106));
#6437=CARTESIAN_POINT('',(10.3294097786379,21.4997408655475,3.11433545712463));
#6438=CARTESIAN_POINT('',(10.3306068933899,21.4996648724971,3.114363116333));
#6439=CARTESIAN_POINT('',(10.331803977576,21.4995884187947,3.11439094320497));
#6440=CARTESIAN_POINT('',(9.23031781172328,20.6465426036911,1.00192146321746));
#6441=CARTESIAN_POINT('',(9.236422167587,20.6466094194119,1.00213194231026));
#6442=CARTESIAN_POINT('',(9.24252645298014,20.6466744062799,1.00234492464367));
#6443=CARTESIAN_POINT('',(10.333000983693,21.4995107885385,3.1144191983075));
#6444=CARTESIAN_POINT('',(10.3353949959272,21.4993555280261,3.11447570851256));
#6445=CARTESIAN_POINT('',(10.3377889451892,21.4991993184702,3.11453256414124));
#6446=CARTESIAN_POINT('',(9.2486320723696,20.6467740115282,1.00251052310469));
#6447=CARTESIAN_POINT('',(9.25473769175906,20.6468736167764,1.00267612156571));
#6448=CARTESIAN_POINT('',(9.26084448503172,20.6470036851823,1.00280002361145));
#6449=CARTESIAN_POINT('',(10.3401840864735,21.4990610733716,3.11458288124214));
#6450=CARTESIAN_POINT('',(10.3425792277579,21.4989228282731,3.11463319834305));
#6451=CARTESIAN_POINT('',(10.3449754179891,21.4988003913691,3.11467776173167));
#6452=CARTESIAN_POINT('',(9.26695101476312,20.6471269146293,1.00293328647471));
#6453=CARTESIAN_POINT('',(9.27000427962882,20.6471885293528,1.00299991790634));
#6454=CARTESIAN_POINT('',(9.27305745466579,20.6472478130169,1.00306973997312));
#6455=CARTESIAN_POINT('',(10.3473713727304,21.498674405536,3.11472361682486));
#6456=CARTESIAN_POINT('',(10.348569350101,21.4986114126194,3.11474654437146));
#6457=CARTESIAN_POINT('',(10.3497672472046,21.4985472100502,3.11476991219561));
#6458=CARTESIAN_POINT('',(9.2761106009526,20.6473063506294,1.00314058319696));
#6459=CARTESIAN_POINT('',(9.27916374723941,20.647364888242,1.00321142642081));
#6460=CARTESIAN_POINT('',(9.28221686477605,20.6474226798031,1.00328329080173));
#6461=CARTESIAN_POINT('',(10.3509651186187,21.4984826203338,3.11479342092981));
#6462=CARTESIAN_POINT('',(10.3521629900327,21.4984180306175,3.11481692966402));
#6463=CARTESIAN_POINT('',(10.3533608357572,21.4983530537539,3.11484057930826));
#6464=CARTESIAN_POINT('',(9.2852700146411,20.6474813103209,1.00335400686164));
#6465=CARTESIAN_POINT('',(9.29137631437118,20.6475985713563,1.00349543898148));
#6466=CARTESIAN_POINT('',(9.29748264398167,20.6477170535082,1.00363519884964));
#6467=CARTESIAN_POINT('',(10.3545587103696,21.4982885122487,3.11486407049503));
#6468=CARTESIAN_POINT('',(10.3569544595943,21.4981594292383,3.11491105286857));
#6469=CARTESIAN_POINT('',(10.3593502441341,21.4980309804344,3.11495780440983));
#6470=CARTESIAN_POINT('',(9.30358876728936,20.6478271067347,1.00378650166443));
#6471=CARTESIAN_POINT('',(9.30969489059705,20.6479371599612,1.00393780447922));
#6472=CARTESIAN_POINT('',(9.31580101569836,20.6480472865767,1.00408900679172));
#6473=CARTESIAN_POINT('',(10.3617457848874,21.4978981539339,3.11500614930234));
#6474=CARTESIAN_POINT('',(10.3641413256406,21.4977653274334,3.11505449419484));
#6475=CARTESIAN_POINT('',(10.3665368685154,21.4976325390487,3.11510282521433));
#6476=CARTESIAN_POINT('',(9.32190800073284,20.6481925488345,1.00419209278574));
#6477=CARTESIAN_POINT('',(9.32801498576732,20.6483378110923,1.00429517877976));
#6478=CARTESIAN_POINT('',(9.33412267973929,20.6485120397824,1.00435859684689));
#6479=CARTESIAN_POINT('',(10.3689334275925,21.4975179989201,3.11514451441174));
#6480=CARTESIAN_POINT('',(10.3713299866695,21.4974034587916,3.11518620360916));
#6481=CARTESIAN_POINT('',(10.3737273835188,21.4973039628418,3.11522241717333));
#6482=CARTESIAN_POINT('',(9.3402301709072,20.6486779817444,1.00443336313017));
#6483=CARTESIAN_POINT('',(9.34633766207511,20.6488439237065,1.00450812941345));
#6484=CARTESIAN_POINT('',(9.35244493773422,20.6490010596034,1.00459495511663));
#6485=CARTESIAN_POINT('',(10.3761245407014,21.4972001630473,3.11526019720885));
#6486=CARTESIAN_POINT('',(10.378521697884,21.4970963632528,3.11529797724437));
#6487=CARTESIAN_POINT('',(10.3809186003819,21.4969879898874,3.11533742192356));
#6488=CARTESIAN_POINT('',(9.35855229727313,20.6491616226462,1.00467708753312));
#6489=CARTESIAN_POINT('',(9.36465965681205,20.649322185689,1.00475921994961));
#6490=CARTESIAN_POINT('',(9.37076702037404,20.6494831344219,1.00484082391683));
#6491=CARTESIAN_POINT('',(10.3833156020012,21.4968813964648,3.11537621875654));
#6492=CARTESIAN_POINT('',(10.3857126036204,21.4967748030423,3.11541501558952));
#6493=CARTESIAN_POINT('',(10.3881096142716,21.4966684101026,3.11545373945268));
#6494=CARTESIAN_POINT('',(9.37687430504341,20.649636508315,1.00493280647807));
#6495=CARTESIAN_POINT('',(9.38298158971278,20.6497898822081,1.0050247890393));
#6496=CARTESIAN_POINT('',(9.3890888958337,20.6499453153752,1.00511395010614));
#6497=CARTESIAN_POINT('',(10.3905064475857,21.4965580797341,3.11549389642277));
#6498=CARTESIAN_POINT('',(10.3929032808997,21.4964477493655,3.11553405339287));
#6499=CARTESIAN_POINT('',(10.3953001624257,21.4963384894149,3.1155738207627));
#6500=CARTESIAN_POINT('',(9.39519656900556,20.6501359889232,1.00515482690482));
#6501=CARTESIAN_POINT('',(9.40130424217741,20.6503266624713,1.00519570370351));
#6502=CARTESIAN_POINT('',(9.40741220187944,20.6505448456348,1.00519888846768));
#6503=CARTESIAN_POINT('',(10.3976978689837,21.49624754754,3.1156069208982));
#6504=CARTESIAN_POINT('',(10.4000955755416,21.4961566056651,3.1156400210337));
#6505=CARTESIAN_POINT('',(10.4024939261423,21.4960799633866,3.11566791654178));
#6506=CARTESIAN_POINT('',(9.41352006090745,20.6507533625818,1.00521531730542));
#6507=CARTESIAN_POINT('',(9.41962791993547,20.6509618795289,1.00523174614315));
#6508=CARTESIAN_POINT('',(9.42573569547446,20.6511623796711,1.00525915912936));
#6509=CARTESIAN_POINT('',(10.4048920504442,21.495998296574,3.11569764083067));
#6510=CARTESIAN_POINT('',(10.4072901747461,21.4959166297615,3.11572736511956));
#6511=CARTESIAN_POINT('',(10.4096881113664,21.4958307957848,3.11575860613216));
#6512=CARTESIAN_POINT('',(9.43184350556578,20.6513661972439,1.00528202677008));
#6513=CARTESIAN_POINT('',(9.43795131565709,20.6515700148166,1.0053048944108));
#6514=CARTESIAN_POINT('',(9.44405912760751,20.651773324113,1.00532845881531));
#6515=CARTESIAN_POINT('',(10.4120861256527,21.4957466862204,3.11578921951002));
#6516=CARTESIAN_POINT('',(10.4144841399389,21.495662576656,3.11581983288789));
#6517=CARTESIAN_POINT('',(10.4168821451295,21.4955782026651,3.11585054250912));
#6518=CARTESIAN_POINT('',(9.45016696346421,20.6519700716662,1.00536101829398));
#6519=CARTESIAN_POINT('',(9.45627479932092,20.6521668192194,1.00539357777264));
#6520=CARTESIAN_POINT('',(9.46238262038669,20.6523676282645,1.00542056961205));
#6521=CARTESIAN_POINT('',(10.419280032859,21.4954904149851,3.11588249461158));
#6522=CARTESIAN_POINT('',(10.4216779205885,21.4954026273051,3.11591444671405));
#6523=CARTESIAN_POINT('',(10.4240758810247,21.4953169525802,3.1159456297637));
#6524=CARTESIAN_POINT('',(9.46849031393694,20.6526034459848,1.00539957029952));
#6525=CARTESIAN_POINT('',(9.47459800748718,20.6528392637051,1.00537857098699));
#6526=CARTESIAN_POINT('',(9.48070560591988,20.653101196008,1.00532177286485));
#6527=CARTESIAN_POINT('',(10.4264744681594,21.4952494908092,3.1159701838403));
#6528=CARTESIAN_POINT('',(10.428873055294,21.4951820290382,3.11599473791689));
#6529=CARTESIAN_POINT('',(10.4312721099127,21.4951281531479,3.11601434713731));
#6530=CARTESIAN_POINT('',(9.4868132442907,20.6533521632066,1.00528000610239));
#6531=CARTESIAN_POINT('',(9.48986706347611,20.6534776468058,1.00525912272116));
#6532=CARTESIAN_POINT('',(9.49292094123882,20.653598431303,1.00524468308976));
#6533=CARTESIAN_POINT('',(10.4336709682421,21.495068572759,3.11603603262542));
#6534=CARTESIAN_POINT('',(10.4348703974068,21.4950387825646,3.11604687536947));
#6535=CARTESIAN_POINT('',(10.4360697587033,21.4950065464132,3.11605860836903));
#6536=CARTESIAN_POINT('',(9.49597482264231,20.6537186171954,1.00523106411965));
#6537=CARTESIAN_POINT('',(9.4990287040458,20.6538388030879,1.00521744514954));
#6538=CARTESIAN_POINT('',(9.50208258909008,20.6539583903755,1.0052046468407));
#6539=CARTESIAN_POINT('',(10.4372691098565,21.4949739987976,3.11607045473233));
#6540=CARTESIAN_POINT('',(10.4384684610097,21.4949414511819,3.11608230109562));
#6541=CARTESIAN_POINT('',(10.4396678020196,21.4949085921019,3.11609426082266));
#6542=CARTESIAN_POINT('',(9.50513642283862,20.6540814795555,1.00518704610459));
#6543=CARTESIAN_POINT('',(9.50819025658716,20.6542045687355,1.00516944536847));
#6544=CARTESIAN_POINT('',(9.5112440218364,20.6543315280349,1.0051465366415));
#6545=CARTESIAN_POINT('',(10.440867190611,21.4948775560502,3.11610555702168));
#6546=CARTESIAN_POINT('',(10.4420665792024,21.4948465199985,3.1161168532207));
#6547=CARTESIAN_POINT('',(10.4432660157495,21.4948174990355,3.11612741598737));
#6548=CARTESIAN_POINT('',(9.51429763879069,20.6544668657712,1.00511213662369));
#6549=CARTESIAN_POINT('',(9.51735125574497,20.6546022035075,1.00507773660589));
#6550=CARTESIAN_POINT('',(9.52040473383716,20.6547453866982,1.00503257629946));
#6551=CARTESIAN_POINT('',(10.4444655561157,21.4947928405465,3.11613639094342));
#6552=CARTESIAN_POINT('',(10.445665096482,21.4947681820574,3.11614536589947));
#6553=CARTESIAN_POINT('',(10.4468647340629,21.4947476085296,3.11615285405121));
#6554=CARTESIAN_POINT('',(9.52345815486461,20.6548917939775,1.00498299405379));
#6555=CARTESIAN_POINT('',(9.52651157589207,20.6550382012568,1.00493341180812));
#6556=CARTESIAN_POINT('',(9.52956493985479,20.6551878326247,1.00487940762321));
#6557=CARTESIAN_POINT('',(10.4480644115944,21.4947287137161,3.1161597312009));
#6558=CARTESIAN_POINT('',(10.449264089126,21.4947098189026,3.1161666083506));
#6559=CARTESIAN_POINT('',(10.450463806608,21.4946926028034,3.11617287449826));
#6560=CARTESIAN_POINT('',(9.53261832855014,20.6553360667151,1.00482731984846));
#6561=CARTESIAN_POINT('',(9.53567171724549,20.6554843008056,1.0047752320737));
#6562=CARTESIAN_POINT('',(9.53872516145587,20.6556293984594,1.00472744602086));
#6563=CARTESIAN_POINT('',(10.4516635067767,21.4946746591715,3.11617940544616));
#6564=CARTESIAN_POINT('',(10.4528632069453,21.4946567155396,3.11618593639405));
#6565=CARTESIAN_POINT('',(10.4540628682501,21.4946371388319,3.11619306173294));
#6566=CARTESIAN_POINT('',(9.54177860630483,20.6557744601954,1.00467970923063));
#6567=CARTESIAN_POINT('',(9.54788549600276,20.6560645836674,1.00458423565017));
#6568=CARTESIAN_POINT('',(9.55399238573138,20.6563547058982,1.0044887637725));
#6569=CARTESIAN_POINT('',(10.455262529111,21.4946175434224,3.11620019387872));
#6570=CARTESIAN_POINT('',(10.4576618508328,21.4945783526035,3.11621445817027));
#6571=CARTESIAN_POINT('',(10.4600611725425,21.494539161138,3.11622872269714));
#6572=CARTESIAN_POINT('',(9.56009927542267,20.6566448296386,1.00439328982381));
#6573=CARTESIAN_POINT('',(9.56620616511396,20.656934953379,1.00429781587512));
#6574=CARTESIAN_POINT('',(9.57231346191643,20.657212257566,1.00421993326608));
#6575=CARTESIAN_POINT('',(10.4624604942669,21.4944999704589,3.1162429869378));
#6576=CARTESIAN_POINT('',(10.4648598159912,21.4944607797798,3.11625725117847));
#6577=CARTESIAN_POINT('',(10.4672590495023,21.4944149086224,3.11627394691435));
#6578=CARTESIAN_POINT('',(9.57842034589172,20.6575025616221,1.00412421188382));
#6579=CARTESIAN_POINT('',(9.58147378787937,20.6576477136501,1.00407635119269));
#6580=CARTESIAN_POINT('',(9.58452709496138,20.6577971138413,1.00402266105684));
#6581=CARTESIAN_POINT('',(10.4696583724715,21.4943758119084,3.11628817695451));
#6582=CARTESIAN_POINT('',(10.4708580339561,21.4943562635514,3.11629529197458));
#6583=CARTESIAN_POINT('',(10.4720577246742,21.4943389289813,3.11630160124211));
#6584=CARTESIAN_POINT('',(9.58758013414542,20.6579549500761,1.00395739475287));
#6585=CARTESIAN_POINT('',(9.59063317332947,20.6581127863109,1.0038921284489));
#6586=CARTESIAN_POINT('',(9.59368597325052,20.6582781568844,1.00381652332088));
#6587=CARTESIAN_POINT('',(10.4732574734444,21.4943259905709,3.11630631043838));
#6588=CARTESIAN_POINT('',(10.4744572222146,21.4943130521605,3.11631101963465));
#6589=CARTESIAN_POINT('',(10.4756570228317,21.4943040400166,3.11631429978678));
#6590=CARTESIAN_POINT('',(9.59673868015442,20.6584464565677,1.00373689878881));
#6591=CARTESIAN_POINT('',(9.60284409396222,20.6587830559344,1.00357764972465));
#6592=CARTESIAN_POINT('',(9.60894919162,20.6591281198089,1.00340678309014));
#6593=CARTESIAN_POINT('',(10.4768568436056,21.4942965542795,3.11631702437226));
#6594=CARTESIAN_POINT('',(10.4792564851534,21.4942815828054,3.11632247354322));
#6595=CARTESIAN_POINT('',(10.48165616639,21.4942710237978,3.11632631670767));
#6596=CARTESIAN_POINT('',(9.61505497486388,20.6594555969174,1.0032600557824));
#6597=CARTESIAN_POINT('',(9.62116075810776,20.6597830740259,1.00311332847466));
#6598=CARTESIAN_POINT('',(9.62726687884141,20.6601031840209,1.00297671564347));
#6599=CARTESIAN_POINT('',(10.4840557764218,21.4942512960841,3.11633349700825));
#6600=CARTESIAN_POINT('',(10.4864553864536,21.4942315683704,3.11634067730883));
#6601=CARTESIAN_POINT('',(10.4888549863726,21.494207998311,3.11634925610886));
#6602=CARTESIAN_POINT('',(9.63337165471044,20.6604526508002,1.00279979821915));
#6603=CARTESIAN_POINT('',(9.63947643057946,20.6608021175795,1.00262288079483));
#6604=CARTESIAN_POINT('',(9.6455796265663,20.6611860713461,1.00239861540601));
#6605=CARTESIAN_POINT('',(10.4912546265813,21.4941997393931,3.11635226210916));
#6606=CARTESIAN_POINT('',(10.49365426679,21.4941914804751,3.11635526810946));
#6607=CARTESIAN_POINT('',(10.4960539543302,21.4942012083751,3.11635172744343));
#6608=CARTESIAN_POINT('',(9.65168285758546,20.6615692602664,1.00217540009162));
#6609=CARTESIAN_POINT('',(9.65778608860464,20.6619524491867,1.00195218477723));
#6610=CARTESIAN_POINT('',(9.66388971482151,20.662327011207,1.00174081352849));
#6611=CARTESIAN_POINT('',(10.4984536408183,21.4942105373668,3.11634833196813));
#6612=CARTESIAN_POINT('',(10.5008533273063,21.4942198663585,3.11634493649283));
#6613=CARTESIAN_POINT('',(10.503253001951,21.4942246959584,3.11634317866224));
#6614=CARTESIAN_POINT('',(9.6699932716854,20.6627030869684,1.00152736402994));
#6615=CARTESIAN_POINT('',(9.6760968285493,20.6630791627298,1.00131391453139));
#6616=CARTESIAN_POINT('',(9.68220019028771,20.6634584978698,1.0010959878916));
#6617=CARTESIAN_POINT('',(10.5056526786704,21.4942303150558,3.11634113347803));
#6618=CARTESIAN_POINT('',(10.5080523553899,21.4942359341533,3.11633908829381));
#6619=CARTESIAN_POINT('',(10.5104520186264,21.4942432546178,3.11633642386263));
#6620=CARTESIAN_POINT('',(9.68830410730266,20.6638285576798,1.0008908020127));
#6621=CARTESIAN_POINT('',(9.69440802431761,20.6641986174899,1.00068561613381));
#6622=CARTESIAN_POINT('',(9.70051232374018,20.6645622896027,1.00048920451155));
#6623=CARTESIAN_POINT('',(10.512851720232,21.4942457334412,3.11633552164469));
#6624=CARTESIAN_POINT('',(10.5152514218377,21.4942482122646,3.11633461942675));
#6625=CARTESIAN_POINT('',(10.517651149868,21.4942473567658,3.11633493080285));
#6626=CARTESIAN_POINT('',(9.70661481670674,20.6649561365698,1.00025134416304));
#6627=CARTESIAN_POINT('',(9.7127173096733,20.6653499835369,1.00001348381454));
#6628=CARTESIAN_POINT('',(9.71881777099519,20.6657777669498,0.999729007749964));
#6629=CARTESIAN_POINT('',(10.5200507530708,21.4942622522775,3.11632950927997));
#6630=CARTESIAN_POINT('',(10.5224503562736,21.4942771477892,3.11632408775709));
#6631=CARTESIAN_POINT('',(10.5248498190894,21.4943097578291,3.11631221867322));
#6632=CARTESIAN_POINT('',(9.72491834493858,20.6662036690728,0.999447115858928));
#6633=CARTESIAN_POINT('',(9.73101891888197,20.6666295711959,0.999165223967892));
#6634=CARTESIAN_POINT('',(9.73712002872585,20.6670465215498,0.998895628388563));
#6635=CARTESIAN_POINT('',(10.527249289686,21.4943413858523,3.11630070701421));
#6636=CARTESIAN_POINT('',(10.5296487602826,21.4943730138755,3.1162891953552));
#6637=CARTESIAN_POINT('',(10.5320482679075,21.4943999691537,3.1162793844363));
#6638=CARTESIAN_POINT('',(9.74322102257083,20.6674654094558,0.998623371352434));
#6639=CARTESIAN_POINT('',(9.75542301026079,20.6683031852677,0.998078857280177));
#6640=CARTESIAN_POINT('',(9.76762499808432,20.6691409590829,0.997534345951348));
#6641=CARTESIAN_POINT('',(10.5344477675153,21.4944279358172,3.11626920540322));
#6642=CARTESIAN_POINT('',(10.5392467667309,21.4944838691443,3.11624884733705));
#6643=CARTESIAN_POINT('',(10.5440457659603,21.4945398014287,3.11622848965041));
#6644=CARTESIAN_POINT('',(9.77982698619748,20.6699787285687,0.996989840571038));
#6645=CARTESIAN_POINT('',(9.78592798025406,20.6703976133115,0.996717587880882));
#6646=CARTESIAN_POINT('',(9.79203008557925,20.6708014644299,0.996465996103356));
#6647=CARTESIAN_POINT('',(10.5488447652195,21.4945957314522,3.11620813278665));
#6648=CARTESIAN_POINT('',(10.5512442648491,21.4946236964639,3.11619795435478));
#6649=CARTESIAN_POINT('',(10.5536439094779,21.4946438074789,3.11619063454394));
#6650=CARTESIAN_POINT('',(9.79813087436357,20.671223125964,0.996189927230919));
#6651=CARTESIAN_POINT('',(9.80118126875573,20.671433956731,0.996051892794701));
#6652=CARTESIAN_POINT('',(9.8042312758551,20.671650026878,0.995906657807945));
#6653=CARTESIAN_POINT('',(10.5560433823195,21.4946732231665,3.11617992810923));
#6654=CARTESIAN_POINT('',(10.5572431187403,21.4946879310103,3.11617457489188));
#6655=CARTESIAN_POINT('',(10.5584428046258,21.4947053760566,3.11616822541429));
#6656=CARTESIAN_POINT('',(9.80728068347409,20.6718742069109,0.995750277295347));
#6657=CARTESIAN_POINT('',(9.81033009109309,20.6720983869438,0.99559389678275));
#6658=CARTESIAN_POINT('',(9.81337899633378,20.6723293632415,0.995428176071704));
#6659=CARTESIAN_POINT('',(10.5596424122889,21.4947270579402,3.11616033385403));
#6660=CARTESIAN_POINT('',(10.5608420199519,21.4947487398238,3.11615244229377));
#6661=CARTESIAN_POINT('',(10.5620415620627,21.4947739722713,3.11614325843395));
#6662=CARTESIAN_POINT('',(9.81642773507374,20.6725625919912,0.995259359785278));
#6663=CARTESIAN_POINT('',(9.8194764738137,20.672795820741,0.995090543498852));
#6664=CARTESIAN_POINT('',(9.82252504605293,20.6730313019429,0.994918631637045));
#6665=CARTESIAN_POINT('',(10.5632410824477,21.4948003814645,3.11613364627373));
#6666=CARTESIAN_POINT('',(10.5644406028327,21.4948267906576,3.1161240341135));
#6667=CARTESIAN_POINT('',(10.5656401014921,21.4948543765965,3.11611399365288));
#6668=CARTESIAN_POINT('',(9.82557378766899,20.6732644917843,0.994749868822925));
#6669=CARTESIAN_POINT('',(9.82862252928505,20.6734976816257,0.994581106008805));
#6670=CARTESIAN_POINT('',(9.83167151551352,20.6737275623061,0.994416891019415));
#6671=CARTESIAN_POINT('',(10.5668396222524,21.4948807654628,3.11610438889103));
#6672=CARTESIAN_POINT('',(10.5680391430128,21.4949071543291,3.11609478412917));
#6673=CARTESIAN_POINT('',(10.5692386956911,21.4949318143947,3.11608580859934));
#6674=CARTESIAN_POINT('',(9.83472043481402,20.6739583484001,0.994251431707773));
#6675=CARTESIAN_POINT('',(9.84081827341502,20.6744199205882,0.993920513084489));
#6676=CARTESIAN_POINT('',(9.84691611201602,20.6748814927762,0.993589594461206));
#6677=CARTESIAN_POINT('',(10.5704382396364,21.4949569474743,3.11607666090645));
#6678=CARTESIAN_POINT('',(10.572837327527,21.4950072136336,3.11605836552067));
#6679=CARTESIAN_POINT('',(10.5752364154176,21.4950574797929,3.11604007013488));
#6680=CARTESIAN_POINT('',(9.85301395061702,20.6753430649643,0.993258675837922));
#6681=CARTESIAN_POINT('',(9.85911178921803,20.6758046371524,0.992927757214639));
#6682=CARTESIAN_POINT('',(9.86521099207418,20.676250701777,0.992618161629644));
#6683=CARTESIAN_POINT('',(10.5776355033082,21.4951077459523,3.1160217747491));
#6684=CARTESIAN_POINT('',(10.5800345911988,21.4951580121116,3.11600347936332));
#6685=CARTESIAN_POINT('',(10.582433914091,21.4952001698905,3.11598813518666));
#6686=CARTESIAN_POINT('',(9.8713085274203,20.6767157210799,0.992282503192626));
#6687=CARTESIAN_POINT('',(9.87435729509337,20.6769482307314,0.992114673974117));
#6688=CARTESIAN_POINT('',(9.87740558085722,20.6771862182714,0.991939312609923));
#6689=CARTESIAN_POINT('',(10.584832949744,21.4952522384296,3.11596918378829));
#6690=CARTESIAN_POINT('',(10.5860324675706,21.4952782726991,3.11595970808911));
#6691=CARTESIAN_POINT('',(10.5872319023852,21.4953071711713,3.11594918990541));
#6692=CARTESIAN_POINT('',(9.8804531675761,20.6774321518943,0.991753025310781));
#6693=CARTESIAN_POINT('',(9.88350075429497,20.6776780855173,0.991566738011639));
#6694=CARTESIAN_POINT('',(9.88654775933954,20.6779306310641,0.991371359258064));
#6695=CARTESIAN_POINT('',(10.5884312167849,21.4953402243815,3.11593715952076));
#6696=CARTESIAN_POINT('',(10.5896305311847,21.4953732775916,3.11592512913611));
#6697=CARTESIAN_POINT('',(10.5908297453874,21.4954097879532,3.11591184045126));
#6698=CARTESIAN_POINT('',(9.88959458024883,20.6781852696868,0.991173102506547));
#6699=CARTESIAN_POINT('',(9.89264140115812,20.6784399083095,0.99097484575503));
#6700=CARTESIAN_POINT('',(9.89568803793214,20.678696640008,0.990773711005571));
#6701=CARTESIAN_POINT('',(10.5920289278716,21.4954473927133,3.11589815343792));
#6702=CARTESIAN_POINT('',(10.5932281103559,21.4954849974734,3.11588446642457));
#6703=CARTESIAN_POINT('',(10.5944272611217,21.4955236966321,3.11587038108273));
#6704=CARTESIAN_POINT('',(9.89873488810991,20.6789509459342,0.990575911714659));
#6705=CARTESIAN_POINT('',(9.90178173828769,20.6792052518604,0.990378112423748));
#6706=CARTESIAN_POINT('',(9.90482887160425,20.6794563393308,0.990184738538309));
#6707=CARTESIAN_POINT('',(10.5956264486476,21.4955611274364,3.11585675738409));
#6708=CARTESIAN_POINT('',(10.5968256361735,21.4955985582408,3.11584313368545));
#6709=CARTESIAN_POINT('',(10.5980248724718,21.4956343062235,3.11583012248381));
#6710=CARTESIAN_POINT('',(9.90787591931874,20.6797083998365,0.989990026720682));
#6711=CARTESIAN_POINT('',(9.91397001474773,20.6802125208478,0.989600603085429));
#6712=CARTESIAN_POINT('',(9.9200641101617,20.6807166420171,0.989211179232762));
#6713=CARTESIAN_POINT('',(10.5992240940245,21.4956705629735,3.11581692610604));
#6714=CARTESIAN_POINT('',(10.6016225371298,21.4957430764733,3.11579053335051));
#6715=CARTESIAN_POINT('',(10.6040209802324,21.4958155900559,3.11576414056487));
#6716=CARTESIAN_POINT('',(9.9261582056883,20.681220762001,0.988821757010654));
#6717=CARTESIAN_POINT('',(9.9322523012149,20.6817248819848,0.988432334788547));
#6718=CARTESIAN_POINT('',(9.93834639680338,20.6822290013173,0.988042913462276));
#6719=CARTESIAN_POINT('',(10.6064194233561,21.4958881030183,3.11573774800495));
#6720=CARTESIAN_POINT('',(10.6088178664799,21.4959606159808,3.11571135544503));
#6721=CARTESIAN_POINT('',(10.6112163096153,21.4960331286025,3.11568496300912));
#6722=CARTESIAN_POINT('',(9.94444049244239,20.682733120118,0.987653492867382));
#6723=CARTESIAN_POINT('',(9.94748754026189,20.6829851795183,0.987458782569935));
#6724=CARTESIAN_POINT('',(9.95053448671585,20.6832382324456,0.987262705473198));
#6725=CARTESIAN_POINT('',(10.6136147527602,21.496105640946,3.11565857067445));
#6726=CARTESIAN_POINT('',(10.6148139743327,21.4961418971178,3.11564537450711));
#6727=CARTESIAN_POINT('',(10.6160131753768,21.4961786732058,3.11563198910575));
#6728=CARTESIAN_POINT('',(9.9535817551979,20.6834881290006,0.987070970611219));
#6729=CARTESIAN_POINT('',(9.95662902367994,20.6837380255556,0.98687923574924));
#6730=CARTESIAN_POINT('',(9.95967654532374,20.6839854407324,0.986690914529588));
#6731=CARTESIAN_POINT('',(10.6172124416367,21.4962137975529,3.11561920488889));
#6732=CARTESIAN_POINT('',(10.6184117078966,21.4962489219001,3.11560642067204));
#6733=CARTESIAN_POINT('',(10.6196110254258,21.4962827477332,3.11559410907562));
#6734=CARTESIAN_POINT('',(9.96272386122879,20.6842348724513,0.986499819144466));
#6735=CARTESIAN_POINT('',(9.96881849303888,20.6847337358891,0.986117628374223));
#6736=CARTESIAN_POINT('',(9.97491174663458,20.6852461078841,0.985716853824417));
#6737=CARTESIAN_POINT('',(10.6208103012893,21.4963176288301,3.11558141339464));
#6738=CARTESIAN_POINT('',(10.6232088530163,21.4963873910237,3.11555602203267));
#6739=CARTESIAN_POINT('',(10.6256071256315,21.4964642222936,3.11552805773737));
#6740=CARTESIAN_POINT('',(9.98100190024913,20.6857888643308,0.985274279255374));
#6741=CARTESIAN_POINT('',(9.98709205386367,20.6863316207775,0.98483170468633));
#6742=CARTESIAN_POINT('',(9.99318021840308,20.6868938731276,0.984362309520145));
#6743=CARTESIAN_POINT('',(10.6280047704482,21.4965569538555,3.11549430620905));
#6744=CARTESIAN_POINT('',(10.6304024152649,21.4966496854175,3.11546055468072));
#6745=CARTESIAN_POINT('',(10.6327996572601,21.4967526192553,3.11542308982765));
#6746=CARTESIAN_POINT('',(9.99926998821385,20.6874403914237,0.983914559758885));
#6747=CARTESIAN_POINT('',(10.0023148731192,20.6877136505717,0.983690684878255));
#6748=CARTESIAN_POINT('',(10.0053597580246,20.6879869097198,0.983466809997624));
#6749=CARTESIAN_POINT('',(10.63519722435,21.4968473194065,3.11538862179144));
#6750=CARTESIAN_POINT('',(10.636396007895,21.4968946694821,3.11537138777333));
#6751=CARTESIAN_POINT('',(10.63759479144,21.4969420195577,3.11535415375522));
#6752=CARTESIAN_POINT('',(10.00840464293,20.6882601688678,0.983242935116994));
#6753=CARTESIAN_POINT('',(10.0114495278354,20.6885334280159,0.983019060236364));
#6754=CARTESIAN_POINT('',(10.0144944127408,20.6888066871639,0.982795185355734));
#6755=CARTESIAN_POINT('',(10.6387935749849,21.4969893696333,3.11533691973712));
#6756=CARTESIAN_POINT('',(10.6399923585299,21.4970367197089,3.11531968571901));
#6757=CARTESIAN_POINT('',(10.6411911420748,21.4970840697845,3.1153024517009));
#6758=CARTESIAN_POINT('',(10.0175392976462,20.689079946312,0.982571310475103));
#6759=CARTESIAN_POINT('',(10.0205841825516,20.68935320546,0.982347435594473));
#6760=CARTESIAN_POINT('',(10.023629067457,20.6896264646081,0.982123560713843));
#6761=CARTESIAN_POINT('',(10.6423899256198,21.4971314198601,3.1152852176828));
#6762=CARTESIAN_POINT('',(10.6435887091647,21.4971787699357,3.11526798366469));
#6763=CARTESIAN_POINT('',(10.6447874927097,21.4972261200113,3.11525074964659));
#6764=CARTESIAN_POINT('',(10.0266739523624,20.6898997237561,0.981899685833213));
#6765=CARTESIAN_POINT('',(10.0297188372677,20.6901729829042,0.981675810952583));
#6766=CARTESIAN_POINT('',(10.0327637221731,20.6904462420522,0.981451936071953));
#6767=CARTESIAN_POINT('',(10.6459862762547,21.4972734700868,3.11523351562848));
#6768=CARTESIAN_POINT('',(10.6471850597996,21.4973208201624,3.11521628161038));
#6769=CARTESIAN_POINT('',(10.6483838433446,21.497368170238,3.11519904759227));
#6770=CARTESIAN_POINT('',(10.0358086070785,20.6907195012003,0.981228061191323));
#6771=CARTESIAN_POINT('',(10.0418983768893,20.6912660194964,0.980780311430062));
#6772=CARTESIAN_POINT('',(10.047987858813,20.6918150179295,0.980329148009294));
#6773=CARTESIAN_POINT('',(10.6495826268895,21.4974155203136,3.11518181357416));
#6774=CARTESIAN_POINT('',(10.6519801939794,21.4975102204648,3.11514734553795));
#6775=CARTESIAN_POINT('',(10.6543776961648,21.4976062195653,3.11511240472284));
#6776=CARTESIAN_POINT('',(10.0540784056632,20.6923548420587,0.9798906120965));
#6777=CARTESIAN_POINT('',(10.0601689525134,20.6928946661879,0.979452076183706));
#6778=CARTESIAN_POINT('',(10.0662599026108,20.6934310163577,0.979018321827064));
#6779=CARTESIAN_POINT('',(10.6567754384393,21.4976974137071,3.11507921276971));
#6780=CARTESIAN_POINT('',(10.6591731807137,21.4977886078488,3.11504602081659));
#6781=CARTESIAN_POINT('',(10.6615710139008,21.4978779825357,3.11501349109087));
#6782=CARTESIAN_POINT('',(10.0723471114342,20.6939995974678,0.978540204818113));
#6783=CARTESIAN_POINT('',(10.0753907158459,20.6942838880228,0.978301146313637));
#6784=CARTESIAN_POINT('',(10.0784334155468,20.6945759726139,0.978051360101267));
#6785=CARTESIAN_POINT('',(10.6639680036128,21.4979842378864,3.11497481730596));
#6786=CARTESIAN_POINT('',(10.6651664984688,21.4980373655618,3.1149554804135));
#6787=CARTESIAN_POINT('',(10.6663647893563,21.4980945752932,3.11493465777416));
#6788=CARTESIAN_POINT('',(10.0814757286635,20.6948713876167,0.977796989911594));
#6789=CARTESIAN_POINT('',(10.0845180417803,20.6951668026194,0.977542619721921));
#6790=CARTESIAN_POINT('',(10.0875599683128,20.695465548034,0.977283665554946));
#6791=CARTESIAN_POINT('',(10.667562993088,21.4981535292977,3.11491320027134));
#6792=CARTESIAN_POINT('',(10.6687611968196,21.4982124833022,3.11489174276852));
#6793=CARTESIAN_POINT('',(10.6699593133955,21.4982731815797,3.11486965040222));
#6794=CARTESIAN_POINT('',(10.0906020263876,20.695763160236,0.977026271141262));
#6795=CARTESIAN_POINT('',(10.0936440844624,20.6960607724381,0.976768876727578));
#6796=CARTESIAN_POINT('',(10.0966864121892,20.6963560616346,0.976514679697968));
#6797=CARTESIAN_POINT('',(10.671157459628,21.4983332863474,3.11484777405585));
#6798=CARTESIAN_POINT('',(10.6723556058606,21.4983933911151,3.11482589770948));
#6799=CARTESIAN_POINT('',(10.6735538128872,21.4984522792294,3.1148044641887));
#6800=CARTESIAN_POINT('',(10.0997288338284,20.6966505418017,0.976261596216173));
#6801=CARTESIAN_POINT('',(10.1027712554677,20.6969450219688,0.976008512734377));
#6802=CARTESIAN_POINT('',(10.1058137710194,20.6972386931066,0.975756542800396));
#6803=CARTESIAN_POINT('',(10.674752041087,21.4985107436219,3.11478318489009));
#6804=CARTESIAN_POINT('',(10.6759502692868,21.4985692080143,3.11476190559147));
#6805=CARTESIAN_POINT('',(10.6771485186598,21.4986272486848,3.11474078051502));
#6806=CARTESIAN_POINT('',(10.1088562047443,20.6975330691912,0.975503602577968));
#6807=CARTESIAN_POINT('',(10.1118986384692,20.6978274452758,0.97525066235554));
#6808=CARTESIAN_POINT('',(10.1149410633148,20.6981218896234,0.974997628128581));
#6809=CARTESIAN_POINT('',(10.678346749585,21.4986856585649,3.11471952105731));
#6810=CARTESIAN_POINT('',(10.6795449805101,21.4987440684449,3.11469826159959));
#6811=CARTESIAN_POINT('',(10.6807432092744,21.4988025141068,3.11467698911833));
#6812=CARTESIAN_POINT('',(10.1179834859414,20.6984163510439,0.974744570390801));
#6813=CARTESIAN_POINT('',(10.1210259085679,20.6987108124644,0.97449151265302));
#6814=CARTESIAN_POINT('',(10.1240683289754,20.6990052909578,0.974238431404416));
#6815=CARTESIAN_POINT('',(10.6819414374988,21.4988609687179,3.11465571337984));
#6816=CARTESIAN_POINT('',(10.6831396657233,21.498919423329,3.11463443764135));
#6817=CARTESIAN_POINT('',(10.6843378934079,21.4989778868892,3.11461315864564));
#6818=CARTESIAN_POINT('',(10.127110753824,20.6992997353338,0.973985397138697));
#6819=CARTESIAN_POINT('',(10.1331956035212,20.6998886240859,0.97347932860726));
#6820=CARTESIAN_POINT('',(10.1392804709829,20.7004773763686,0.972973448007362));
#6821=CARTESIAN_POINT('',(10.6855361221738,21.4990363325658,3.11459188615904));
#6822=CARTESIAN_POINT('',(10.6879325797057,21.499153223919,3.11454934118583));
#6823=CARTESIAN_POINT('',(10.690329041563,21.4992700437377,3.11450682224903));
#6824=CARTESIAN_POINT('',(10.1453654094905,20.7010655826603,0.972468319288663));
#6825=CARTESIAN_POINT('',(10.1514503479981,20.7016537889521,0.971963190569964));
#6826=CARTESIAN_POINT('',(10.1575372569648,20.7022268527546,0.971478914495087));
#6827=CARTESIAN_POINT('',(10.6927255207146,21.4993865773599,3.11446440747926));
#6828=CARTESIAN_POINT('',(10.6951219998662,21.4995031109821,3.1144219927095));
#6829=CARTESIAN_POINT('',(10.6975189586893,21.4996117072395,3.11438246690424));
#6830=CARTESIAN_POINT('',(10.163621515183,20.7028202869006,0.970966586525214));
#6831=CARTESIAN_POINT('',(10.1697057734013,20.7034137210467,0.970454258555342));
#6832=CARTESIAN_POINT('',(10.175786015841,20.7040380154494,0.969899433085176));
#6833=CARTESIAN_POINT('',(10.6999152722372,21.4997309811897,3.11433905473667));
#6834=CARTESIAN_POINT('',(10.7023115857851,21.4998502551398,3.11429564256909));
#6835=CARTESIAN_POINT('',(10.7047069217667,21.4999857053679,3.11424634271785));
#6836=CARTESIAN_POINT('',(10.1818646885924,20.7046743725169,0.969327996181583));
#6837=CARTESIAN_POINT('',(10.1849040249681,20.7049925510506,0.969042277729786));
#6838=CARTESIAN_POINT('',(10.1879431256494,20.7053125408397,0.968754065007625));
#6839=CARTESIAN_POINT('',(10.7071018756371,21.5001274785835,3.11419474148736));
#6840=CARTESIAN_POINT('',(10.7082993525722,21.5001983651913,3.11416894087211));
#6841=CARTESIAN_POINT('',(10.7094967721321,21.5002702012199,3.11414279469596));
#6842=CARTESIAN_POINT('',(10.1909825674788,20.7056299089974,0.968469462520641));
#6843=CARTESIAN_POINT('',(10.1940220093081,20.705947277155,0.968184860033657));
#6844=CARTESIAN_POINT('',(10.1970618390492,20.7062616643151,0.967904362663089));
#6845=CARTESIAN_POINT('',(10.7106942747381,21.500340663046,3.11411714868858));
#6846=CARTESIAN_POINT('',(10.7118917773442,21.5004111248722,3.11409150268121));
#6847=CARTESIAN_POINT('',(10.7130893743803,21.500480024124,3.11406642540439));
#6848=CARTESIAN_POINT('',(10.2001015356547,20.7065770745944,0.967622456360376));
#6849=CARTESIAN_POINT('',(10.2061809288657,20.7072078951529,0.967058643754952));
#6850=CARTESIAN_POINT('',(10.2122603221289,20.7078387153311,0.96649483167349));
#6851=CARTESIAN_POINT('',(10.7142869390071,21.5005494596727,3.11404115293146));
#6852=CARTESIAN_POINT('',(10.7166820682607,21.5006883307701,3.11399060798561));
#6853=CARTESIAN_POINT('',(10.7190771975274,21.500827201668,3.11394006311237));
#6854=CARTESIAN_POINT('',(10.2183397153433,20.708469535865,0.965931019102115));
#6855=CARTESIAN_POINT('',(10.2244191085577,20.7091003563988,0.96536720653074));
#6856=CARTESIAN_POINT('',(10.2304985016251,20.7097311780046,0.964803392482886));
#6857=CARTESIAN_POINT('',(10.7214723267819,21.5009660727524,3.11388951817124));
#6858=CARTESIAN_POINT('',(10.7238674560363,21.5011049438369,3.1138389732301));
#6859=CARTESIAN_POINT('',(10.7262625852539,21.5012438154834,3.11378842808439));
#6860=CARTESIAN_POINT('',(10.2365778948887,20.7103619981794,0.964239580406076));
#6861=CARTESIAN_POINT('',(10.2396175915205,20.7106774082668,0.963957674367672));
#6862=CARTESIAN_POINT('',(10.2426571550167,20.7109937417521,0.963674496080653));
#6863=CARTESIAN_POINT('',(10.7286577145207,21.5013826863795,3.11373788321178));
#6864=CARTESIAN_POINT('',(10.7298552791542,21.5014521218276,3.11371261077548));
#6865=CARTESIAN_POINT('',(10.7310528094508,21.5015220417048,3.11368716202141));
#6866=CARTESIAN_POINT('',(10.2456971792862,20.7113068793246,0.963395721090276));
#6867=CARTESIAN_POINT('',(10.2487372035557,20.7116200168971,0.963116946099898));
#6868=CARTESIAN_POINT('',(10.2517775616761,20.7119308388847,0.96284136149922));
#6869=CARTESIAN_POINT('',(10.7322504585829,21.5015902849562,3.11366232350921));
#6870=CARTESIAN_POINT('',(10.7334481077149,21.5016585282076,3.113637484997));
#6871=CARTESIAN_POINT('',(10.7346458429485,21.501725556667,3.11361308863293));
#6872=CARTESIAN_POINT('',(10.2548176181887,20.7122437527935,0.962562894670255));
#6873=CARTESIAN_POINT('',(10.2578576747013,20.7125566667023,0.962284427841291));
#6874=CARTESIAN_POINT('',(10.2608974296062,20.7128716725324,0.962003078784041));
#6875=CARTESIAN_POINT('',(10.7358435003957,21.5017936825811,3.11358829282803));
#6876=CARTESIAN_POINT('',(10.7370411578429,21.5018618084951,3.11356349702313));
#6877=CARTESIAN_POINT('',(10.7382387375037,21.5019310318638,3.1135383017774));
#6878=CARTESIAN_POINT('',(10.2639362474446,20.7131931777899,0.96171277488052));
#6879=CARTESIAN_POINT('',(10.266975065283,20.7135146830474,0.961422470977));
#6880=CARTESIAN_POINT('',(10.2700127590106,20.7138439850597,0.961121424782528));
#6881=CARTESIAN_POINT('',(10.7394360754901,21.5020036649338,3.1135118655019));
#6882=CARTESIAN_POINT('',(10.7406334134766,21.5020762980038,3.1134854292264));
#6883=CARTESIAN_POINT('',(10.741830461549,21.5021530213733,3.11345750420362));
#6884=CARTESIAN_POINT('',(10.2730496816158,20.7141786355143,0.960813009557613));
#6885=CARTESIAN_POINT('',(10.2791235268263,20.7148479364234,0.960196179107783));
#6886=CARTESIAN_POINT('',(10.2851946661487,20.7155360051611,0.959553490530811));
#6887=CARTESIAN_POINT('',(10.7430273107448,21.5022325506194,3.11342855792531));
#6888=CARTESIAN_POINT('',(10.7454210091363,21.5023916091114,3.1133706653687));
#6889=CARTESIAN_POINT('',(10.7478140096647,21.5025605135,3.11330918919881));
#6890=CARTESIAN_POINT('',(10.2912680209457,20.7162087075132,0.958931973606679));
#6891=CARTESIAN_POINT('',(10.2973413757427,20.7168814098652,0.958310456682547));
#6892=CARTESIAN_POINT('',(10.3034147304098,20.717554113076,0.957688938574916));
#6893=CARTESIAN_POINT('',(10.7502075815754,21.5027213564424,3.1132506471554));
#6894=CARTESIAN_POINT('',(10.7526011534862,21.5028821993847,3.113192105112));
#6895=CARTESIAN_POINT('',(10.7549947253626,21.5030430427778,3.11313356290455));
#6896=CARTESIAN_POINT('',(10.3094880851448,20.7182268158381,0.95706742108557));
#6897=CARTESIAN_POINT('',(10.3125247625123,20.7185631672192,0.956756662340897));
#6898=CARTESIAN_POINT('',(10.3155612899947,20.7189004658755,0.956444597791218));
#6899=CARTESIAN_POINT('',(10.757388297257,21.5032038859354,3.1130750207828));
#6900=CARTESIAN_POINT('',(10.7585850832041,21.5032843075142,3.11304574972193));
#6901=CARTESIAN_POINT('',(10.7597818287107,21.5033652264627,3.11301629763328));
#6902=CARTESIAN_POINT('',(10.3185983140996,20.7192346258436,0.956136859876967));
#6903=CARTESIAN_POINT('',(10.3216353382045,20.7195687858116,0.955829121962716));
#6904=CARTESIAN_POINT('',(10.3246727366853,20.7199005796982,0.955524645656726));
#6905=CARTESIAN_POINT('',(10.7609787082107,21.5034444974336,3.11298744535942));
#6906=CARTESIAN_POINT('',(10.7621755877106,21.5035237684045,3.11295859308556));
#6907=CARTESIAN_POINT('',(10.7633725682206,21.5036017970574,3.11293019297849));
#6908=CARTESIAN_POINT('',(10.3277098175969,20.7202343806379,0.955217402657707));
#6909=CARTESIAN_POINT('',(10.3307468985085,20.7205681815776,0.954910159658688));
#6910=CARTESIAN_POINT('',(10.333783661851,20.7209039895703,0.95460014996664));
#6911=CARTESIAN_POINT('',(10.7645694630474,21.5036808795195,3.11290140931625));
#6912=CARTESIAN_POINT('',(10.7657663578742,21.5037599619815,3.11287262565401));
#6913=CARTESIAN_POINT('',(10.7669631670178,21.5038400982528,3.11284345843659));
#6914=CARTESIAN_POINT('',(10.3368194156792,20.7212461777506,0.954281345280275));
#6915=CARTESIAN_POINT('',(10.3398551695074,20.7215883659309,0.95396254059391));
#6916=CARTESIAN_POINT('',(10.342889824451,20.7219374991246,0.953634162308981));
#6917=CARTESIAN_POINT('',(10.768159703785,21.5039235844604,3.11281307194203));
#6918=CARTESIAN_POINT('',(10.7693562405521,21.5040070706681,3.11278268544747));
#6919=CARTESIAN_POINT('',(10.7705524808299,21.5040942033757,3.11275097173546));
#6920=CARTESIAN_POINT('',(10.3459240193695,20.722289539701,0.953301776240007));
#6921=CARTESIAN_POINT('',(10.3519924092067,20.7229936208538,0.952637004102059));
#6922=CARTESIAN_POINT('',(10.3580583331779,20.7237132864146,0.951950749087715));
#6923=CARTESIAN_POINT('',(10.3641217912832,20.7244485363833,0.951243011196976));
#6924=CARTESIAN_POINT('',(10.7717485969886,21.5041828626133,3.112718702412));
#6925=CARTESIAN_POINT('',(10.7741408293059,21.5043601810883,3.11265416376509));
#6926=CARTESIAN_POINT('',(10.7765323963093,21.5045456822032,3.11258664688087));
#6927=CARTESIAN_POINT('',(10.7789232979988,21.5047393659578,3.11251615175934));
#6928=B_SPLINE_SURFACE_WITH_KNOTS('Surf_YQAQDGAXIA, MainWing, 0, 17, teupper',1,1,((#6929, #6930),(#6931, #6932)),.UNSPECIFIED.,.F.,.F.,.F.,(2,2),(2,2),(0.,1.),(0.,1.),.PIECEWISE_BEZIER_KNOTS.);
#6929=CARTESIAN_POINT('',(10.3641217912832,20.7244485363833,0.951243011196976));
#6930=CARTESIAN_POINT('',(10.3646722765795,20.7319190813419,0.941030705290896));
#6931=CARTESIAN_POINT('',(10.7789232979988,21.5047393659578,3.11251615175934));
#6932=CARTESIAN_POINT('',(10.7792834691107,21.5086078687156,3.1111081319043));
#6933=B_SPLINE_SURFACE_WITH_KNOTS('Surf_YQAQDGAXIA, MainWing, 0, 19, lower',1,3,((#6934, #6935, #6936, #6940, #6941, #6942, #6946, #6947, #6948, #6952, #6953, #6954, #6958, #6959, #6960, #6964, #6965, #6966, #6970, #6971, #6972, #6976, #6977, #6978, #6982, #6983, #6984, #6988, #6989, #6990, #6994, #6995, #6996, #7000, #7001, #7002, #7006, #7007, #7008, #7012, #7013, #7014, #7018, #7019, #7020, #7024, #7025, #7026, #7030, #7031, #7032, #7036, #7037, #7038, #7042, #7043, #7044, #7048, #7049, #7050, #7054, #7055, #7056, #7060, #7061, #7062, #7066, #7067, #7068, #7072, #7073, #7074, #7078, #7079, #7080, #7084, #7085, #7086, #7090, #7091, #7092, #7096, #7097, #7098, #7102, #7103, #7104, #7108, #7109, #7110, #7114, #7115, #7116, #7120, #7121, #7122, #7126, #7127, #7128, #7132, #7133, #7134, #7138, #7139, #7140, #7144, #7145, #7146, #7150, #7151, #7152, #7156, #7157, #7158, #7162, #7163, #7164, #7168, #7169, #7170, #7174, #7175, #7176, #7180, #7181, #7182, #7186, #7187, #7188, #7192, #7193, #7194, #7198, #7199, #7200, #7204, #7205, #7206, #7210, #7211, #7212, #7216, #7217, #7218, #7222, #7223, #7224, #7228, #7229, #7230, #7234, #7235, #7236, #7240, #7241, #7242, #7246, #7247, #7248, #7252, #7253, #7254, #7258, #7259, #7260, #7264, #7265, #7266, #7270, #7271, #7272, #7276, #7277, #7278, #7282, #7283, #7284, #7288, #7289, #7290, #7294, #7295, #7296, #7300, #7301, #7302, #7306, #7307, #7308, #7312, #7313, #7314, #7318, #7319, #7320, #7324, #7325, #7326, #7330, #7331, #7332, #7336, #7337, #7338, #7342, #7343, #7344, #7348, #7349, #7350, #7354, #7355, #7356, #7360, #7361, #7362, #7366, #7367, #7368, #7372, #7373, #7374, #7378, #7379, #7380, #7384, #7385, #7386, #7390, #7391, #7392, #7396, #7397, #7398, #7402, #7403, #7404, #7408, #7409, #7410, #7414, #7415, #7416, #7420, #7421, #7422, #7426, #7427, #7428, #7432, #7433, #7434, #7438, #7439, #7440, #7444, #7445, #7446, #7450, #7451, #7452, #7456, #7457, #7458, #7462, #7463, #7464, #7468, #7469, #7470, #7474, #7475, #7476, #7480, #7481, #7482, #7486, #7487, #7488, #7492, #7493, #7494, #7498, #7499, #7500, #7504, #7505, #7506, #7510, #7511, #7512, #7516, #7517, #7518, #7522, #7523, #7524, #7528, #7529, #7530, #7534, #7535, #7536, #7540, #7541, #7542, #7546, #7547, #7548, #7552, #7553, #7554, #7558, #7559, #7560, #7564, #7565, #7566, #7570, #7571, #7572, #7576, #7577, #7578, #7582, #7583, #7584, #7588, #7589, #7590, #7594, #7595, #7596, #7600, #7601, #7602, #7606, #7607, #7608, #7612, #7613, #7614, #7618, #7619, #7620, #7624, #7625, #7626, #7630, #7631, #7632, #7636, #7637, #7638, #7642, #7643, #7644, #7648, #7649, #7650, #7654, #7655, #7656, #7660, #7661, #7662, #7666, #7667, #7668, #7672, #7673, #7674, #7678, #7679, #7680, #7684, #7685, #7686, #7690, #7691, #7692, #7696, #7697, #7698, #7702, #7703, #7704, #7708, #7709, #7710, #7714, #7715, #7716, #7720, #7721, #7722, #7726, #7727, #7728, #7732, #7733, #7734, #7738, #7739, #7740, #7744, #7745, #7746, #7750, #7751, #7752, #7756, #7757, #7758, #7762, #7763, #7764, #7768, #7769, #7770, #7774, #7775, #7776, #7780, #7781, #7782, #7786, #7787, #7788, #7792, #7793, #7794, #7798, #7799, #7800, #7804, #7805, #7806, #7810, #7811, #7812, #7816, #7817, #7818, #7822, #7823, #7824, #7828, #7829, #7830, #7834, #7835, #7836, #7840, #7841, #7842, #7846, #7847, #7848, #7852, #7853, #7854, #7858, #7859, #7860, #7864, #7865, #7866, #7870, #7871, #7872, #7876, #7877, #7878, #7882, #7883, #7884, #7888, #7889, #7890, #7894, #7895, #7896, #7900, #7901, #7902, #7906, #7907, #7908, #7912, #7913, #7914, #7918, #7919, #7920, #7924, #7925, #7926, #7930, #7931, #7932, #7936, #7937, #7938, #7942, #7943, #7944, #7948, #7949, #7950, #7954, #7955, #7956, #7960, #7961, #7962, #7966, #7967, #7968, #7972, #7973, #7974, #7978, #7979, #7980, #7984, #7985, #7986, #7990, #7991, #7992, #7996, #7997, #7998, #8002, #8003, #8004, #8008, #8009, #8010, #8014, #8015, #8016, #8020, #8021, #8022, #8026, #8027, #8028, #8032, #8033, #8034, #8038, #8039, #8040, #8044, #8045, #8046, #8050, #8051, #8052, #8056, #8057, #8058, #8062, #8063, #8064, #8068, #8069, #8070, #8071),(#6937, #6938, #6939, #6943, #6944, #6945, #6949, #6950, #6951, #6955, #6956, #6957, #6961, #6962, #6963, #6967, #6968, #6969, #6973, #6974, #6975, #6979, #6980, #6981, #6985, #6986, #6987, #6991, #6992, #6993, #6997, #6998, #6999, #7003, #7004, #7005, #7009, #7010, #7011, #7015, #7016, #7017, #7021, #7022, #7023, #7027, #7028, #7029, #7033, #7034, #7035, #7039, #7040, #7041, #7045, #7046, #7047, #7051, #7052, #7053, #7057, #7058, #7059, #7063, #7064, #7065, #7069, #7070, #7071, #7075, #7076, #7077, #7081, #7082, #7083, #7087, #7088, #7089, #7093, #7094, #7095, #7099, #7100, #7101, #7105, #7106, #7107, #7111, #7112, #7113, #7117, #7118, #7119, #7123, #7124, #7125, #7129, #7130, #7131, #7135, #7136, #7137, #7141, #7142, #7143, #7147, #7148, #7149, #7153, #7154, #7155, #7159, #7160, #7161, #7165, #7166, #7167, #7171, #7172, #7173, #7177, #7178, #7179, #7183, #7184, #7185, #7189, #7190, #7191, #7195, #7196, #7197, #7201, #7202, #7203, #7207, #7208, #7209, #7213, #7214, #7215, #7219, #7220, #7221, #7225, #7226, #7227, #7231, #7232, #7233, #7237, #7238, #7239, #7243, #7244, #7245, #7249, #7250, #7251, #7255, #7256, #7257, #7261, #7262, #7263, #7267, #7268, #7269, #7273, #7274, #7275, #7279, #7280, #7281, #7285, #7286, #7287, #7291, #7292, #7293, #7297, #7298, #7299, #7303, #7304, #7305, #7309, #7310, #7311, #7315, #7316, #7317, #7321, #7322, #7323, #7327, #7328, #7329, #7333, #7334, #7335, #7339, #7340, #7341, #7345, #7346, #7347, #7351, #7352, #7353, #7357, #7358, #7359, #7363, #7364, #7365, #7369, #7370, #7371, #7375, #7376, #7377, #7381, #7382, #7383, #7387, #7388, #7389, #7393, #7394, #7395, #7399, #7400, #7401, #7405, #7406, #7407, #7411, #7412, #7413, #7417, #7418, #7419, #7423, #7424, #7425, #7429, #7430, #7431, #7435, #7436, #7437, #7441, #7442, #7443, #7447, #7448, #7449, #7453, #7454, #7455, #7459, #7460, #7461, #7465, #7466, #7467, #7471, #7472, #7473, #7477, #7478, #7479, #7483, #7484, #7485, #7489, #7490, #7491, #7495, #7496, #7497, #7501, #7502, #7503, #7507, #7508, #7509, #7513, #7514, #7515, #7519, #7520, #7521, #7525, #7526, #7527, #7531, #7532, #7533, #7537, #7538, #7539, #7543, #7544, #7545, #7549, #7550, #7551, #7555, #7556, #7557, #7561, #7562, #7563, #7567, #7568, #7569, #7573, #7574, #7575, #7579, #7580, #7581, #7585, #7586, #7587, #7591, #7592, #7593, #7597, #7598, #7599, #7603, #7604, #7605, #7609, #7610, #7611, #7615, #7616, #7617, #7621, #7622, #7623, #7627, #7628, #7629, #7633, #7634, #7635, #7639, #7640, #7641, #7645, #7646, #7647, #7651, #7652, #7653, #7657, #7658, #7659, #7663, #7664, #7665, #7669, #7670, #7671, #7675, #7676, #7677, #7681, #7682, #7683, #7687, #7688, #7689, #7693, #7694, #7695, #7699, #7700, #7701, #7705, #7706, #7707, #7711, #7712, #7713, #7717, #7718, #7719, #7723, #7724, #7725, #7729, #7730, #7731, #7735, #7736, #7737, #7741, #7742, #7743, #7747, #7748, #7749, #7753, #7754, #7755, #7759, #7760, #7761, #7765, #7766, #7767, #7771, #7772, #7773, #7777, #7778, #7779, #7783, #7784, #7785, #7789, #7790, #7791, #7795, #7796, #7797, #7801, #7802, #7803, #7807, #7808, #7809, #7813, #7814, #7815, #7819, #7820, #7821, #7825, #7826, #7827, #7831, #7832, #7833, #7837, #7838, #7839, #7843, #7844, #7845, #7849, #7850, #7851, #7855, #7856, #7857, #7861, #7862, #7863, #7867, #7868, #7869, #7873, #7874, #7875, #7879, #7880, #7881, #7885, #7886, #7887, #7891, #7892, #7893, #7897, #7898, #7899, #7903, #7904, #7905, #7909, #7910, #7911, #7915, #7916, #7917, #7921, #7922, #7923, #7927, #7928, #7929, #7933, #7934, #7935, #7939, #7940, #7941, #7945, #7946, #7947, #7951, #7952, #7953, #7957, #7958, #7959, #7963, #7964, #7965, #7969, #7970, #7971, #7975, #7976, #7977, #7981, #7982, #7983, #7987, #7988, #7989, #7993, #7994, #7995, #7999, #8000, #8001, #8005, #8006, #8007, #8011, #8012, #8013, #8017, #8018, #8019, #8023, #8024, #8025, #8029, #8030, #8031, #8035, #8036, #8037, #8041, #8042, #8043, #8047, #8048, #8049, #8053, #8054, #8055, #8059, #8060, #8061, #8065, #8066, #8067, #8072, #8073, #8074, #8075)),.UNSPECIFIED.,.F.,.F.,.F.,(2,2),(4,3,3,3,3,3,3,3,3,3,3,3,3,3,3,3,3,3,3,3,3,3,3,3,3,3,3,3,3,3,3,3,3,3,3,3,3,3,3,3,3,3,3,3,3,3,3,3,3,3,3,3,3,3,3,3,3,3,3,3,3,3,3,3,3,3,3,3,3,3,3,3,3,3,3,3,3,3,3,3,3,3,3,3,3,3,3,3,3,3,3,3,3,3,3,3,3,3,3,3,3,3,3,3,3,3,3,3,3,3,3,3,3,3,3,3,3,3,3,3,3,3,3,3,3,3,3,3,3,3,3,3,3,3,3,3,3,3,3,3,3,3,3,3,3,3,3,3,3,3,3,3,3,3,3,3,3,3,3,3,3,3,3,3,3,3,3,3,3,3,3,3,3,3,3,3,3,3,3,3,3,3,3,3,3,3,3,3,3,3,4),(0.,1.),(0.,1.,2.,3.,4.,5.,6.,7.,8.,9.,10.,11.,12.,13.,14.,15.,16.,17.,18.,19.,20.,21.,22.,23.,24.,25.,26.,27.,28.,29.,30.,31.,32.,33.,34.,35.,36.,37.,38.,39.,40.,41.,42.,43.,44.,45.,46.,47.,48.,49.,50.,51.,52.,53.,54.,55.,56.,57.,58.,59.,60.,61.,62.,63.,64.,65.,66.,67.,68.,69.,70.,71.,72.,73.,74.,75.,76.,77.,78.,79.,80.,81.,82.,83.,84.,85.,86.,87.,88.,89.,90.,91.,92.,93.,94.,95.,96.,97.,98.,99.,100.,101.,102.,103.,104.,105.,106.,107.,108.,109.,110.,111.,112.,113.,114.,115.,116.,117.,118.,119.,120.,121.,122.,123.,124.,125.,126.,127.,128.,129.,130.,131.,132.,133.,134.,135.,136.,137.,138.,139.,140.,141.,142.,143.,144.,145.,146.,147.,148.,149.,150.,151.,152.,153.,154.,155.,156.,157.,158.,159.,160.,161.,162.,163.,164.,165.,166.,167.,168.,169.,170.,171.,172.,173.,174.,175.,176.,177.,178.,179.,180.,181.,182.,183.,184.,185.,186.,187.,188.,189.,190.),.PIECEWISE_BEZIER_KNOTS.);
#6934=CARTESIAN_POINT('',(10.7796436402227,21.5124763714735,3.10970011204926));
#6935=CARTESIAN_POINT('',(10.7772282634652,21.5125724223429,3.1096651523918));
#6936=CARTESIAN_POINT('',(10.7748133680176,21.5126771162367,3.10962704693077));
#6937=CARTESIAN_POINT('',(10.7792834691107,21.5086078687156,3.1111081319043));
#6938=CARTESIAN_POINT('',(10.7768803298873,21.508559052273,3.11112589963634));
#6939=CARTESIAN_POINT('',(10.7744770986617,21.5085186486625,3.11114060534793));
#6940=CARTESIAN_POINT('',(10.7723989538797,21.5127904531547,3.10958579566617));
#6941=CARTESIAN_POINT('',(10.7711917468108,21.5128471216137,3.10956517003386));
#6942=CARTESIAN_POINT('',(10.7699847455907,21.5129069257624,3.10954340310384));
#6943=CARTESIAN_POINT('',(10.7720737754341,21.508486657884,3.11115224903908));
#6944=CARTESIAN_POINT('',(10.7708721138203,21.5084706624947,3.11115807088466));
#6945=CARTESIAN_POINT('',(10.7696704930714,21.5084569982153,3.11116304427566));
#6946=CARTESIAN_POINT('',(10.7687775545398,21.5129653549018,3.10952213663629));
#6947=CARTESIAN_POINT('',(10.7675703634889,21.5130237840412,3.10950087016873));
#6948=CARTESIAN_POINT('',(10.7663630777051,21.5130819222764,3.10947970958168));
#6949=CARTESIAN_POINT('',(10.7684686291624,21.5084444696811,3.11116760428916));
#6950=CARTESIAN_POINT('',(10.7672667652534,21.508431941147,3.11117216430266));
#6951=CARTESIAN_POINT('',(10.7660647177897,21.5084209421289,3.11117616761784));
#6952=CARTESIAN_POINT('',(10.7651561311208,21.5131447163813,3.10945685439658));
#6953=CARTESIAN_POINT('',(10.7639491845366,21.5132075104863,3.10943399921148));
#6954=CARTESIAN_POINT('',(10.7627425771518,21.5132749604611,3.10940944942834));
#6955=CARTESIAN_POINT('',(10.7648627970841,21.5084127979504,3.11117913185642));
#6956=CARTESIAN_POINT('',(10.7636608763786,21.5084046537719,3.11118209609499));
#6957=CARTESIAN_POINT('',(10.7624590824312,21.5083993644328,3.11118402125695));
#6958=CARTESIAN_POINT('',(10.761536742899,21.51335201308,3.10938140456861));
#6959=CARTESIAN_POINT('',(10.7603309086463,21.5134290656988,3.10935335970888));
#6960=CARTESIAN_POINT('',(10.7591258489129,21.5135163135811,3.10932160407672));
#6961=CARTESIAN_POINT('',(10.7612577255549,21.5083982552568,3.11118442496402));
#6962=CARTESIAN_POINT('',(10.7600563686785,21.5083971460807,3.11118482867108));
#6963=CARTESIAN_POINT('',(10.7588554660585,21.5084003105476,3.11118367689932));
#6964=CARTESIAN_POINT('',(10.7579212163292,21.5136099998033,3.10928750508048));
#6965=CARTESIAN_POINT('',(10.7555119511618,21.5137973722477,3.10921930708799));
#6966=CARTESIAN_POINT('',(10.7531048620231,21.5140116369635,3.1091413211092));
#6967=CARTESIAN_POINT('',(10.7576547567931,21.5084069428693,3.11118126293164));
#6968=CARTESIAN_POINT('',(10.7552533382622,21.5084202075128,3.11117643499627));
#6969=CARTESIAN_POINT('',(10.7528530077547,21.5084469181741,3.1111667131106));
#6970=CARTESIAN_POINT('',(10.7506990065197,21.5142335202657,3.10906056219171));
#6971=CARTESIAN_POINT('',(10.7482931510162,21.514455403568,3.10897980327422));
#6972=CARTESIAN_POINT('',(10.745887758093,21.5146873695516,3.1088953745608));
#6973=CARTESIAN_POINT('',(10.7504532940476,21.5084774383541,3.11115560467355));
#6974=CARTESIAN_POINT('',(10.7480535803405,21.508507958534,3.11114449623651));
#6975=CARTESIAN_POINT('',(10.7456543836147,21.5085394893315,3.11113301996475));
#6976=CARTESIAN_POINT('',(10.7434864383867,21.5149489034535,3.10880018400528));
#6977=CARTESIAN_POINT('',(10.7422857785335,21.5150796704044,3.10875258872752));
#6978=CARTESIAN_POINT('',(10.7410862430518,21.5152182732599,3.10870214141371));
#6979=CARTESIAN_POINT('',(10.7432568745657,21.5085907270364,3.11111437096529));
#6980=CARTESIAN_POINT('',(10.7420581200413,21.5086163458889,3.11110504646557));
#6981=CARTESIAN_POINT('',(10.7408598282642,21.5086472856319,3.11109378532005));
#6982=CARTESIAN_POINT('',(10.7398879193116,21.5153665450482,3.10864817489618));
#6983=CARTESIAN_POINT('',(10.7386895955715,21.5155148168366,3.10859420837866));
#6984=CARTESIAN_POINT('',(10.7374923252518,21.5156712903702,3.10853725666996));
#6985=CARTESIAN_POINT('',(10.7396619974009,21.508685104991,3.11108002019904));
#6986=CARTESIAN_POINT('',(10.7384641665376,21.5087229243502,3.11106625507803));
#6987=CARTESIAN_POINT('',(10.7372667415474,21.5087665494327,3.11105037684654));
#6988=CARTESIAN_POINT('',(10.7362955174464,21.5158310419319,3.10847911185661));
#6989=CARTESIAN_POINT('',(10.7350987096409,21.5159907934937,3.10842096704326));
#6990=CARTESIAN_POINT('',(10.7339023643496,21.5161538230835,3.10836162912526));
#6991=CARTESIAN_POINT('',(10.736069508921,21.5088123622565,3.11103370234232));
#6992=CARTESIAN_POINT('',(10.7348722762947,21.5088581750803,3.11101702783809));
#6993=CARTESIAN_POINT('',(10.7336752360322,21.5089061756455,3.11099955706113));
#6994=CARTESIAN_POINT('',(10.7327058906662,21.5163152069842,3.10830289018912));
#6995=CARTESIAN_POINT('',(10.7315094169827,21.5164765908848,3.10824415125299));
#6996=CARTESIAN_POINT('',(10.7303128031472,21.5166370397053,3.10818575265823));
#6997=CARTESIAN_POINT('',(10.7324781746245,21.5089527459702,3.11098260684916));
#6998=CARTESIAN_POINT('',(10.7312811132168,21.5089993162948,3.1109656566372));
#6999=CARTESIAN_POINT('',(10.7300840411507,21.5090445807664,3.11094918171685));
#7000=CARTESIAN_POINT('',(10.7291165351596,21.5167999876629,3.10812644445192));
#7001=CARTESIAN_POINT('',(10.7267239991843,21.5171258835782,3.10800782803929));
#7002=CARTESIAN_POINT('',(10.7243332526331,21.5174626016906,3.10788527266902));
#7003=CARTESIAN_POINT('',(10.7288871248402,21.5090913370212,3.11093216383185));
#7004=CARTESIAN_POINT('',(10.7264932922191,21.5091848495308,3.11089812806184));
#7005=CARTESIAN_POINT('',(10.7241003543347,21.5092837727637,3.11086212294956));
#7006=CARTESIAN_POINT('',(10.7219464011981,21.5178226896377,3.10775421137457));
#7007=CARTESIAN_POINT('',(10.719559549763,21.5181827775847,3.10762315008013));
#7008=CARTESIAN_POINT('',(10.7171753271134,21.518559962193,3.10748586610991));
#7009=CARTESIAN_POINT('',(10.72170936399,21.5093943811951,3.1108218647729));
#7010=CARTESIAN_POINT('',(10.7193183736452,21.5095049896264,3.11078160659625));
#7011=CARTESIAN_POINT('',(10.716928697687,21.5096241464815,3.11073823704776));
#7012=CARTESIAN_POINT('',(10.7147945176205,21.5189539297355,3.10734247365115));
#7013=CARTESIAN_POINT('',(10.7136041128741,21.5191509135068,3.10727077742177));
#7014=CARTESIAN_POINT('',(10.712414624,21.5193523373473,3.10719746513934));
#7015=CARTESIAN_POINT('',(10.7145407283138,21.5097516947041,3.11069181329131));
#7016=CARTESIAN_POINT('',(10.7133467436272,21.5098154688154,3.11066860141308));
#7017=CARTESIAN_POINT('',(10.7121532006721,21.5098817311098,3.11064448391027));
#7018=CARTESIAN_POINT('',(10.7112261744774,21.5195594610805,3.10712207826565));
#7019=CARTESIAN_POINT('',(10.7100377249548,21.5197665848137,3.10704669139196));
#7020=CARTESIAN_POINT('',(10.708850177772,21.5199784970419,3.10696956164865));
#7021=CARTESIAN_POINT('',(10.7109602246078,21.5099500620633,3.11061961347712));
#7022=CARTESIAN_POINT('',(10.7097672485434,21.5100183930168,3.11059474304396));
#7023=CARTESIAN_POINT('',(10.7085747651721,21.5100884311166,3.11056925126038));
#7024=CARTESIAN_POINT('',(10.7076631115096,21.5201927789777,3.10689156940227));
#7025=CARTESIAN_POINT('',(10.7052889789849,21.5206213428493,3.10673558490952));
#7026=CARTESIAN_POINT('',(10.7029159781745,21.521054861005,3.10657779720481));
#7027=CARTESIAN_POINT('',(10.7073824935734,21.5101601287806,3.11054315544481));
#7028=CARTESIAN_POINT('',(10.7049979503758,21.5103035241086,3.11049096381368));
#7029=CARTESIAN_POINT('',(10.7026137819798,21.5104525580724,3.11043671988695));
#7030=CARTESIAN_POINT('',(10.7005446341761,21.5214965263073,3.1064170441813));
#7031=CARTESIAN_POINT('',(10.6981732901776,21.5219381916095,3.10625629115778));
#7032=CARTESIAN_POINT('',(10.6958041357998,21.5223898804011,3.10609188988248));
#7033=CARTESIAN_POINT('',(10.7002299532066,21.5106137537485,3.11037804945898));
#7034=CARTESIAN_POINT('',(10.6978461244335,21.5107749494245,3.11031937903101));
#7035=CARTESIAN_POINT('',(10.695463067833,21.5109464956916,3.11025694129599));
#7036=CARTESIAN_POINT('',(10.6934358250021,21.5228457958509,3.10592595022942));
#7037=CARTESIAN_POINT('',(10.6910675142044,21.5233017113006,3.10576001057636));
#7038=CARTESIAN_POINT('',(10.6886998327255,21.5237612363631,3.10559275713173));
#7039=CARTESIAN_POINT('',(10.6930806728584,21.5111161866054,3.11019517885434));
#7040=CARTESIAN_POINT('',(10.6906982778837,21.5112858775192,3.1101334164127));
#7041=CARTESIAN_POINT('',(10.6883162062156,21.511457230141,3.11007104915878));
#7042=CARTESIAN_POINT('',(10.6863374486522,21.5242429832512,3.10541741560401));
#7043=CARTESIAN_POINT('',(10.6851562566156,21.5244838566952,3.10532974484015));
#7044=CARTESIAN_POINT('',(10.683976696618,21.5247315977399,3.10523957447411));
#7045=CARTESIAN_POINT('',(10.685936785413,21.5116396579085,3.11000465088152));
#7046=CARTESIAN_POINT('',(10.6847470750117,21.5117308717922,3.10997145174289));
#7047=CARTESIAN_POINT('',(10.6835581811706,21.5118255105344,3.10993700605773));
#7048=CARTESIAN_POINT('',(10.6827984976357,21.5249851908202,3.10514727414125));
#7049=CARTESIAN_POINT('',(10.6816202986534,21.5252387839005,3.1050549738084));
#7050=CARTESIAN_POINT('',(10.6804432283892,21.5254971986083,3.10496091854664));
#7051=CARTESIAN_POINT('',(10.6823699675673,21.511923079769,3.10990149376055));
#7052=CARTESIAN_POINT('',(10.6811817539639,21.5120206490037,3.10986598146336));
#7053=CARTESIAN_POINT('',(10.6799941044497,21.5121206335266,3.10982959007312));
#7054=CARTESIAN_POINT('',(10.6792661908655,21.5257557531681,3.10486681238294));
#7055=CARTESIAN_POINT('',(10.6780891533417,21.5260143077279,3.10477270621924));
#7056=CARTESIAN_POINT('',(10.6769120670228,21.5262726329166,3.1046786835398));
#7057=CARTESIAN_POINT('',(10.6788064702252,21.5122207058665,3.10979316672013));
#7058=CARTESIAN_POINT('',(10.6776188360007,21.5123207782064,3.10975674336713));
#7059=CARTESIAN_POINT('',(10.6764311681548,21.5124209204655,3.10972029456564));
#7060=CARTESIAN_POINT('',(10.6757340923291,21.5265272082596,3.10458602569259));
#7061=CARTESIAN_POINT('',(10.6745561176354,21.5267817836026,3.10449336784537));
#7062=CARTESIAN_POINT('',(10.6733776818915,21.5270345190529,3.10440137966431));
#7063=CARTESIAN_POINT('',(10.6752430667081,21.5125189759407,3.10968460529134));
#7064=CARTESIAN_POINT('',(10.6740549652613,21.512617031416,3.10964891601703));
#7065=CARTESIAN_POINT('',(10.6728666438761,21.512713955084,3.1096136386869));
#7066=CARTESIAN_POINT('',(10.6721993662316,21.5272877337217,3.10430921706196));
#7067=CARTESIAN_POINT('',(10.6710210505716,21.5275409483906,3.1042170544596));
#7068=CARTESIAN_POINT('',(10.6698428549957,21.5277946422781,3.10412471743595));
#7069=CARTESIAN_POINT('',(10.6716784129298,21.5128105100346,3.1095784955589));
#7070=CARTESIAN_POINT('',(10.6704901819835,21.5129070649852,3.10954335243091));
#7071=CARTESIAN_POINT('',(10.6693020259077,21.5130035627901,3.10950823010224));
#7072=CARTESIAN_POINT('',(10.6686653606381,21.5280511344954,3.10403136190353));
#7073=CARTESIAN_POINT('',(10.6674878662804,21.5283076267127,3.10393800637112));
#7074=CARTESIAN_POINT('',(10.6663112922764,21.5285677762706,3.10384331967556));
#7075=CARTESIAN_POINT('',(10.668114176863,21.5131023318965,3.10947228108744));
#7076=CARTESIAN_POINT('',(10.6669263278184,21.5132011010029,3.10943633207264));
#7077=CARTESIAN_POINT('',(10.6657388953726,21.5133025709162,3.10939940004453));
#7078=CARTESIAN_POINT('',(10.6651352009053,21.5288299265835,3.10374790476478));
#7079=CARTESIAN_POINT('',(10.662783018163,21.5293542272092,3.10355707494321));
#7080=CARTESIAN_POINT('',(10.6604328924988,21.5298867040626,3.10336326921816));
#7081=CARTESIAN_POINT('',(10.664551602259,21.513407082235,3.10936136103537));
#7082=CARTESIAN_POINT('',(10.6621770160319,21.5136161048725,3.10928528301704));
#7083=CARTESIAN_POINT('',(10.6598030366063,21.5138376559557,3.10920464501737));
#7084=CARTESIAN_POINT('',(10.6580848825036,21.5304273136644,3.10316650341473));
#7085=CARTESIAN_POINT('',(10.6557368725084,21.5309679232663,3.1029697376113));
#7086=CARTESIAN_POINT('',(10.6533909781822,21.5315166656166,3.10277001172948));
#7087=CARTESIAN_POINT('',(10.6574301604715,21.5140623636857,3.10912285809222));
#7088=CARTESIAN_POINT('',(10.6550572843366,21.5142870714158,3.10904107116707));
#7089=CARTESIAN_POINT('',(10.6526855860808,21.5145134430407,3.10895867863372));
#7090=CARTESIAN_POINT('',(10.6510472581159,21.5320734972364,3.10256734159438));
#7091=CARTESIAN_POINT('',(10.6498753980827,21.5323519130463,3.10246600652682));
#7092=CARTESIAN_POINT('',(10.6487039814026,21.5326319329492,3.10236408761717));
#7093=CARTESIAN_POINT('',(10.6503149425027,21.514744508775,3.10887457758427));
#7094=CARTESIAN_POINT('',(10.6491296207136,21.5148600416422,3.10883252705955));
#7095=CARTESIAN_POINT('',(10.6479445206011,21.5149763765558,3.10879018461377));
#7096=CARTESIAN_POINT('',(10.6475333798516,21.5329148923143,3.10226109883076));
#7097=CARTESIAN_POINT('',(10.6463627783005,21.5331978516794,3.10215811004436));
#7098=CARTESIAN_POINT('',(10.6451931891816,21.5334845246997,3.10205376959802));
#7099=CARTESIAN_POINT('',(10.6467598280531,21.5150941812006,3.10874730722962));
#7100=CARTESIAN_POINT('',(10.6455751355051,21.5152119858453,3.10870442984547));
#7101=CARTESIAN_POINT('',(10.6443909491732,21.5153316473177,3.10866087663136));
#7102=CARTESIAN_POINT('',(10.6440239917335,21.5337726343896,3.10194890624667));
#7103=CARTESIAN_POINT('',(10.6428547942854,21.5340607440796,3.10184404289533));
#7104=CARTESIAN_POINT('',(10.6416859885081,21.5343502904392,3.10173865663898));
#7105=CARTESIAN_POINT('',(10.6432069586766,21.5154520271248,3.10861706196474));
#7106=CARTESIAN_POINT('',(10.6420229681801,21.515572406932,3.10857324729812));
#7107=CARTESIAN_POINT('',(10.640839173519,21.5156935050741,3.10852917117899));
#7108=CARTESIAN_POINT('',(10.6405169536405,21.5346389964831,3.10163357623255));
#7109=CARTESIAN_POINT('',(10.6393479187728,21.534927702527,3.10152849582613));
#7110=CARTESIAN_POINT('',(10.6381784336743,21.5352147571012,3.10142401650552));
#7111=CARTESIAN_POINT('',(10.6396552643127,21.5158141830582,3.10848524798483));
#7112=CARTESIAN_POINT('',(10.6384713551064,21.5159348610423,3.10844132479067));
#7113=CARTESIAN_POINT('',(10.6372872207847,21.5160547132916,3.10839770213942));
#7114=CARTESIAN_POINT('',(10.6370089962976,21.5355019867183,3.10131947347448));
#7115=CARTESIAN_POINT('',(10.6346701215443,21.5360764459526,3.10111038741241));
#7116=CARTESIAN_POINT('',(10.6323312468788,21.5366509055026,3.10090130123542));
#7117=CARTESIAN_POINT('',(10.6361031103238,21.5161746530624,3.10835404763296));
#7118=CARTESIAN_POINT('',(10.6337348894022,21.5164145326039,3.10826673862003));
#7119=CARTESIAN_POINT('',(10.6313668310718,21.51665029546,3.10818092795807));
#7120=CARTESIAN_POINT('',(10.6299923718131,21.5372253636138,3.10069221558209));
#7121=CARTESIAN_POINT('',(10.6276534967473,21.5377998217251,3.10048312992876));
#7122=CARTESIAN_POINT('',(10.6253127168911,21.5383675650567,3.10027648825534));
#7123=CARTESIAN_POINT('',(10.6289985711306,21.5168911587347,3.10809326089557));
#7124=CARTESIAN_POINT('',(10.6266303111894,21.5171320220093,3.10800559383307));
#7125=CARTESIAN_POINT('',(10.6242607849537,21.5173774780402,3.10791625514401));
#7126=CARTESIAN_POINT('',(10.622973968196,21.5389424686152,3.10006724047248));
#7127=CARTESIAN_POINT('',(10.6218045938485,21.5392299203944,3.09996261658105));
#7128=CARTESIAN_POINT('',(10.6206358523986,21.5395196032585,3.09985718064115));
#7129=CARTESIAN_POINT('',(10.6218921347427,21.5176300487226,3.10782432693356));
#7130=CARTESIAN_POINT('',(10.6207078096372,21.5177563340638,3.10777836282833));
#7131=CARTESIAN_POINT('',(10.6195237801476,21.5178842625793,3.10773180065659));
#7132=CARTESIAN_POINT('',(10.6194682882812,21.5398134364437,3.0997502341079));
#7133=CARTESIAN_POINT('',(10.6183007241637,21.5401072696289,3.09964328757466));
#7134=CARTESIAN_POINT('',(10.6171341881585,21.5404047271037,3.09953502190787));
#7135=CARTESIAN_POINT('',(10.6183403649589,21.5180136169983,3.1076847194984));
#7136=CARTESIAN_POINT('',(10.6171569497702,21.5181429714173,3.1076376383402));
#7137=CARTESIAN_POINT('',(10.6159740812456,21.5182733121107,3.10759019820749));
#7138=CARTESIAN_POINT('',(10.6159680402013,21.5407035525207,3.09942625835084));
#7139=CARTESIAN_POINT('',(10.6136357442868,21.5413012033547,3.09920873123676));
#7140=CARTESIAN_POINT('',(10.6113045246352,21.5419025843061,3.098989846471));
#7141=CARTESIAN_POINT('',(10.6147913964807,21.5184045967334,3.10754241451264));
#7142=CARTESIAN_POINT('',(10.612426026951,21.5186671659786,3.10744684712294));
#7143=CARTESIAN_POINT('',(10.6100611955575,21.5189316001434,3.10735060095802));
#7144=CARTESIAN_POINT('',(10.6089708438845,21.5424954655314,3.09877405535254));
#7145=CARTESIAN_POINT('',(10.6066371631337,21.5430883467567,3.09855826423407));
#7146=CARTESIAN_POINT('',(10.6043024771711,21.543677817504,3.09834371442807));
#7147=CARTESIAN_POINT('',(10.6076951336203,21.5191917842749,3.10725590167874));
#7148=CARTESIAN_POINT('',(10.605329071683,21.5194519684063,3.10716120239947));
#7149=CARTESIAN_POINT('',(10.6029625071505,21.5197104469887,3.10706712388929));
#7150=CARTESIAN_POINT('',(10.6019720641846,21.5442817855839,3.09812388802458));
#7151=CARTESIAN_POINT('',(10.6008068576913,21.5445837696238,3.09801397482283));
#7152=CARTESIAN_POINT('',(10.5996428938292,21.5448899696565,3.09790252712517));
#7153=CARTESIAN_POINT('',(10.6005980791045,21.5199761742787,3.10697040706531));
#7154=CARTESIAN_POINT('',(10.5994158650816,21.5201090379236,3.10692204865332));
#7155=CARTESIAN_POINT('',(10.5982342650014,21.5202442639487,3.10687283040531));
#7156=CARTESIAN_POINT('',(10.5984795366795,21.5451982281403,3.09779033021262));
#7157=CARTESIAN_POINT('',(10.5973161795299,21.5455064866241,3.09767813330006));
#7158=CARTESIAN_POINT('',(10.5961534290927,21.5458168035588,3.09756518717261));
#7159=CARTESIAN_POINT('',(10.5970529926636,21.5203796777884,3.10682354379835));
#7160=CARTESIAN_POINT('',(10.5958717203258,21.5205150916281,3.1067742571914));
#7161=CARTESIAN_POINT('',(10.5946907697243,21.5206509005161,3.10672482679859));
#7162=CARTESIAN_POINT('',(10.5949906494492,21.5461270214028,3.09745227711127));
#7163=CARTESIAN_POINT('',(10.5938278698057,21.5464372392468,3.09733936704993));
#7164=CARTESIAN_POINT('',(10.5926647780186,21.5467463980512,3.09722684244746));
#7165=CARTESIAN_POINT('',(10.5935097886604,21.5207872070581,3.10667521527459));
#7166=CARTESIAN_POINT('',(10.5923288075966,21.5209235136,3.1066256037506));
#7167=CARTESIAN_POINT('',(10.5911476546016,21.5210598378214,3.10657598579179));
#7168=CARTESIAN_POINT('',(10.5915015568687,21.5470551179542,3.09711447759205));
#7169=CARTESIAN_POINT('',(10.5903383357189,21.5473638378572,3.09700211273664));
#7170=CARTESIAN_POINT('',(10.5891749852063,21.5476721188587,3.09688990762829));
#7171=CARTESIAN_POINT('',(10.5899663868268,21.5211976711678,3.10652581855641));
#7172=CARTESIAN_POINT('',(10.588785119052,21.5213355045142,3.10647565132103));
#7173=CARTESIAN_POINT('',(10.5876037263884,21.5214751957789,3.1064248078587));
#7174=CARTESIAN_POINT('',(10.5880116881118,21.5479805810969,3.09677763655517));
#7175=CARTESIAN_POINT('',(10.5856850939229,21.5485975055734,3.09655309440895));
#7176=CARTESIAN_POINT('',(10.583358499719,21.5492144300001,3.09632855228085));
#7177=CARTESIAN_POINT('',(10.5864223189279,21.5216164097632,3.10637341017173));
#7178=CARTESIAN_POINT('',(10.5840595040069,21.5218988377319,3.10627061479781));
#7179=CARTESIAN_POINT('',(10.5816965454589,21.5221862210558,3.10616601582209));
#7180=CARTESIAN_POINT('',(10.5810319053986,21.5498313540388,3.09610401029397));
#7181=CARTESIAN_POINT('',(10.5787053110783,21.5504482780775,3.09587946830708));
#7182=CARTESIAN_POINT('',(10.5763787166262,21.5510652016775,3.09565492647984));
#7183=CARTESIAN_POINT('',(10.5793337043534,21.5224695499955,3.10606289252153));
#7184=CARTESIAN_POINT('',(10.5769708632479,21.5227528789352,3.10595976922098));
#7185=CARTESIAN_POINT('',(10.5746080220766,21.5230362076556,3.10585664600025));
#7186=CARTESIAN_POINT('',(10.5740521221086,21.5516821250596,3.09543038473193));
#7187=CARTESIAN_POINT('',(10.5728888248498,21.5519905867507,3.09531811385797));
#7188=CARTESIAN_POINT('',(10.5717255275747,21.5522990483873,3.09520584300384));
#7189=CARTESIAN_POINT('',(10.5722451808725,21.523319536267,3.10575352281919));
#7190=CARTESIAN_POINT('',(10.5710637602705,21.5234612005727,3.10570196122865));
#7191=CARTESIAN_POINT('',(10.5698823352937,21.5236031013582,3.10565031356651));
#7192=CARTESIAN_POINT('',(10.5705622302915,21.5526075099969,3.0950935721595));
#7193=CARTESIAN_POINT('',(10.5693989330083,21.5529159716066,3.09498130131517));
#7194=CARTESIAN_POINT('',(10.568235635717,21.5532244331894,3.09486903048062));
#7195=CARTESIAN_POINT('',(10.568700926272,21.5237441377299,3.10559898052527));
#7196=CARTESIAN_POINT('',(10.5675195172502,21.5238851741016,3.10554764748402));
#7197=CARTESIAN_POINT('',(10.5663381192749,21.5240256119235,3.10549653229706));
#7198=CARTESIAN_POINT('',(10.5670723384259,21.5535328947729,3.09475675964582));
#7199=CARTESIAN_POINT('',(10.5659090411349,21.5538413563564,3.09464448881102));
#7200=CARTESIAN_POINT('',(10.564745743844,21.5541498179405,3.09453221797597));
#7201=CARTESIAN_POINT('',(10.5651567104368,21.5241666381187,3.10544520295977));
#7202=CARTESIAN_POINT('',(10.5639753015988,21.5243076643138,3.10539387362249));
#7203=CARTESIAN_POINT('',(10.562793881898,21.5244492788822,3.10534233013487));
#7204=CARTESIAN_POINT('',(10.5635824465616,21.554458279553,3.09441994713063));
#7205=CARTESIAN_POINT('',(10.5624191492792,21.5547667411654,3.09430767628529));
#7206=CARTESIAN_POINT('',(10.5612558520054,21.5550752028061,3.09419540542965));
#7207=CARTESIAN_POINT('',(10.5616124294252,21.5245926687466,3.10529014049233));
#7208=CARTESIAN_POINT('',(10.5604309769525,21.524736058611,3.10523795084979));
#7209=CARTESIAN_POINT('',(10.5592494853728,21.5248815669082,3.10518499016076));
#7210=CARTESIAN_POINT('',(10.5600925547483,21.5553836645027,3.09408313455368));
#7211=CARTESIAN_POINT('',(10.557765960234,21.5560005878959,3.09385859280174));
#7212=CARTESIAN_POINT('',(10.5554393657869,21.5566175115125,3.09363405096847));
#7213=CARTESIAN_POINT('',(10.5580679685339,21.5250284438346,3.10513153133146));
#7214=CARTESIAN_POINT('',(10.555704934856,21.5253221976874,3.10502461367284));
#7215=CARTESIAN_POINT('',(10.553341815318,21.5256206039882,3.10491600266162));
#7216=CARTESIAN_POINT('',(10.5531127714732,21.5572344355734,3.09340950897353));
#7217=CARTESIAN_POINT('',(10.5484595828457,21.558468283695,3.09296042498365));
#7218=CARTESIAN_POINT('',(10.5438063947431,21.5597021335645,3.09251134035759));
#7219=CARTESIAN_POINT('',(10.5509787683463,21.5259150835128,3.10480882088009));
#7220=CARTESIAN_POINT('',(10.546252674403,21.5265040425618,3.10459445731703));
#7221=CARTESIAN_POINT('',(10.541526580737,21.5270930013544,3.10438009384732));
#7222=CARTESIAN_POINT('',(10.539153206061,21.5609359815042,3.09206225643393));
#7223=CARTESIAN_POINT('',(10.53682661172,21.5615529054741,3.0918377144721));
#7224=CARTESIAN_POINT('',(10.5345000174785,21.5621698297754,3.09161317238961));
#7225=CARTESIAN_POINT('',(10.5368004867882,21.5276819586607,3.10416573091857));
#7226=CARTESIAN_POINT('',(10.5344374398138,21.5279764373139,3.1040585494542));
#7227=CARTESIAN_POINT('',(10.5320743888805,21.5282714218255,3.1039511838724));
#7228=CARTESIAN_POINT('',(10.5321734232826,21.5627867542289,3.09138863025174));
#7229=CARTESIAN_POINT('',(10.5298468290868,21.5634036786824,3.09116408811387));
#7230=CARTESIAN_POINT('',(10.5275197529048,21.5640189678549,3.09094014116962));
#7231=CARTESIAN_POINT('',(10.5297113564843,21.5285640700406,3.10384466863298));
#7232=CARTESIAN_POINT('',(10.5273483240881,21.5288567182558,3.10373815339355));
#7233=CARTESIAN_POINT('',(10.5249850545892,21.5291480578221,3.10363211446336));
#7234=CARTESIAN_POINT('',(10.525194011149,21.564638784463,3.09071454637357));
#7235=CARTESIAN_POINT('',(10.5228682693932,21.5652586010711,3.09048895157751));
#7236=CARTESIAN_POINT('',(10.5205435237166,21.5658817971711,3.09026212674702));
#7237=CARTESIAN_POINT('',(10.5226223821099,21.5294505183703,3.10352202782677));
#7238=CARTESIAN_POINT('',(10.5202597096306,21.5297529789185,3.10341194119018));
#7239=CARTESIAN_POINT('',(10.5178974727772,21.5300650047178,3.10329837308689));
#7240=CARTESIAN_POINT('',(10.5182145054124,21.5664904971236,3.0900405780827));
#7241=CARTESIAN_POINT('',(10.5158854871082,21.5670991970762,3.08981902941837));
#7242=CARTESIAN_POINT('',(10.5135514973708,21.5676910299912,3.08960361985363));
#7243=CARTESIAN_POINT('',(10.5155331128222,21.5303681152824,3.10318804986369));
#7244=CARTESIAN_POINT('',(10.5131687528673,21.530671225847,3.1030777266405));
#7245=CARTESIAN_POINT('',(10.5108019263803,21.5309634820723,3.10297135407372));
#7246=CARTESIAN_POINT('',(10.5112176315951,21.568283283468,3.08938805721693));
#7247=CARTESIAN_POINT('',(10.5088837658195,21.5688755369448,3.08917249458023));
#7248=CARTESIAN_POINT('',(10.5065511508444,21.5694720341015,3.08895538737038));
#7249=CARTESIAN_POINT('',(10.5084351551328,21.5312567992619,3.10286459534748));
#7250=CARTESIAN_POINT('',(10.5060683838852,21.5315501164516,3.10275783662124));
#7251=CARTESIAN_POINT('',(10.5037022390754,21.53184595023,3.1026501619316));
#7252=CARTESIAN_POINT('',(10.5042183168432,21.5700677881272,3.0887385506381));
#7253=CARTESIAN_POINT('',(10.5018854828419,21.5706635421528,3.08852171390582));
#7254=CARTESIAN_POINT('',(10.4995521845479,21.5712576594603,3.08830547289024));
#7255=CARTESIAN_POINT('',(10.5013359788307,21.532139162747,3.10254344130311));
#7256=CARTESIAN_POINT('',(10.498969718586,21.532432375264,3.10243672067462));
#7257=CARTESIAN_POINT('',(10.496603225669,21.5327245699677,3.10233037049985));
#7258=CARTESIAN_POINT('',(10.4972201862371,21.5718563594139,3.08808756392788));
#7259=CARTESIAN_POINT('',(10.4948881879262,21.5724550593674,3.08786965496552));
#7260=CARTESIAN_POINT('',(10.4925571296566,21.5730570731215,3.08765053987843));
#7261=CARTESIAN_POINT('',(10.4942374064092,21.5330280494035,3.10221991301852));
#7262=CARTESIAN_POINT('',(10.4918715871494,21.5333315288392,3.10210945553719));
#7263=CARTESIAN_POINT('',(10.4895062580551,21.5336443207459,3.10199560859363));
#7264=CARTESIAN_POINT('',(10.4902218913308,21.5736443514276,3.08743678805575));
#7265=CARTESIAN_POINT('',(10.487886653005,21.5742316297338,3.08722303623307));
#7266=CARTESIAN_POINT('',(10.4855485206459,21.5748089793645,3.08701289815275));
#7267=CARTESIAN_POINT('',(10.4871388338763,21.5339478237559,3.101885142532));
#7268=CARTESIAN_POINT('',(10.4847714096975,21.5342513267658,3.10177467647037));
#7269=CARTESIAN_POINT('',(10.4824025028996,21.5345452810849,3.10166768584799));
#7270=CARTESIAN_POINT('',(10.4832084497326,21.5753791933709,3.08680535722724));
#7271=CARTESIAN_POINT('',(10.4820384142759,21.5756643003742,3.08670158676448));
#7272=CARTESIAN_POINT('',(10.4808679706581,21.5759478765666,3.0865983734713));
#7273=CARTESIAN_POINT('',(10.4800326466691,21.5348378738252,3.10156119079975));
#7274=CARTESIAN_POINT('',(10.4788477185538,21.5349841701954,3.10150794327563));
#7275=CARTESIAN_POINT('',(10.4776625964363,21.5351304643635,3.10145469655298));
#7276=CARTESIAN_POINT('',(10.479696655361,21.576228217867,3.08649633758251));
#7277=CARTESIAN_POINT('',(10.478525340064,21.5765085591674,3.08639430169373));
#7278=CARTESIAN_POINT('',(10.4773530498101,21.5767853242722,3.08629356743371));
#7279=CARTESIAN_POINT('',(10.4764770644027,21.535277104219,3.10140132401045));
#7280=CARTESIAN_POINT('',(10.4752915323691,21.5354237440744,3.10134795146792));
#7281=CARTESIAN_POINT('',(10.4741055418831,21.5355707939118,3.10129442970415));
#7282=CARTESIAN_POINT('',(10.4761804064101,21.5770607940187,3.08619330464555));
#7283=CARTESIAN_POINT('',(10.4738351196101,21.5776117335117,3.08599277906921));
#7284=CARTESIAN_POINT('',(10.4714889766956,21.5781594671246,3.08579342033779));
#7285=CARTESIAN_POINT('',(10.4729193894408,21.5357183029635,3.10124074080003));
#7286=CARTESIAN_POINT('',(10.4705470845562,21.536013321067,3.10113336299178));
#7287=CARTESIAN_POINT('',(10.4681743963434,21.5363101234522,3.10102533575813));
#7288=CARTESIAN_POINT('',(10.4691450652743,21.5787155758895,3.08559101330037));
#7289=CARTESIAN_POINT('',(10.466801153853,21.5792716846543,3.08538860626295));
#7290=CARTESIAN_POINT('',(10.4644580518976,21.5798308877639,3.08518507297616));
#7291=CARTESIAN_POINT('',(10.4658027797706,21.5366077731742,3.10091700011909));
#7292=CARTESIAN_POINT('',(10.4634311631978,21.5369054228962,3.10080866448005));
#7293=CARTESIAN_POINT('',(10.4610599513652,21.5372046201837,3.10069976557322));
#7294=CARTESIAN_POINT('',(10.4621109522075,21.5803748086987,3.08498710194611));
#7295=CARTESIAN_POINT('',(10.4609374023625,21.5806467691661,3.08488811643108));
#7296=CARTESIAN_POINT('',(10.4597627392787,21.5809144740484,3.08479067982233));
#7297=CARTESIAN_POINT('',(10.4586867406593,21.5374961760605,3.10059364791241));
#7298=CARTESIAN_POINT('',(10.4575001353063,21.537641953999,3.10054058908201));
#7299=CARTESIAN_POINT('',(10.456312973112,21.537785594794,3.10048830810819));
#7300=CARTESIAN_POINT('',(10.4585875550122,21.5811801866003,3.08469396836255));
#7301=CARTESIAN_POINT('',(10.4574123707458,21.5814458991523,3.08459725690277));
#7302=CARTESIAN_POINT('',(10.4562366652966,21.5817096193738,3.08450127059196));
#7303=CARTESIAN_POINT('',(10.4551255308944,21.5379274228859,3.10043668690435));
#7304=CARTESIAN_POINT('',(10.4539380886769,21.5380692509778,3.10038506570052));
#7305=CARTESIAN_POINT('',(10.4527503772113,21.5382097191382,3.10033393947128));
#7306=CARTESIAN_POINT('',(10.4550610307208,21.5819736105196,3.08440518567279));
#7307=CARTESIAN_POINT('',(10.4538853961451,21.5822376016654,3.08430910075363));
#7308=CARTESIAN_POINT('',(10.4527098983534,21.5825020934289,3.08421283362447));
#7309=CARTESIAN_POINT('',(10.4515627211576,21.5383511621178,3.10028245843685));
#7310=CARTESIAN_POINT('',(10.450375065104,21.5384926050975,3.10023097740242));
#7311=CARTESIAN_POINT('',(10.4491874974177,21.5386351377432,3.10017909976197));
#7312=CARTESIAN_POINT('',(10.4515349394709,21.5827687039076,3.08411579534611));
#7313=CARTESIAN_POINT('',(10.4503599805884,21.5830353143862,3.08401875706776));
#7314=CARTESIAN_POINT('',(10.4491853916844,21.5833034013367,3.08392118139757));
#7315=CARTESIAN_POINT('',(10.4480002477933,21.538780772227,3.10012609314477));
#7316=CARTESIAN_POINT('',(10.4468129981689,21.5389264067108,3.10007308652757));
#7317=CARTESIAN_POINT('',(10.4456259854434,21.5390749606676,3.10001901730913));
#7318=CARTESIAN_POINT('',(10.4480105925254,21.5835706492295,3.08382391111942));
#7319=CARTESIAN_POINT('',(10.4468357933663,21.5838378971223,3.08372664084127));
#7320=CARTESIAN_POINT('',(10.4456607839522,21.5841043059573,3.08362967595516));
#7321=CARTESIAN_POINT('',(10.4444388915682,21.5392241026398,3.09996473407055));
#7322=CARTESIAN_POINT('',(10.4432517976929,21.5393732446121,3.09991045083197));
#7323=CARTESIAN_POINT('',(10.442064622481,21.5395228785696,3.09985598852539));
#7324=CARTESIAN_POINT('',(10.4444849840496,21.584367560205,3.08353385924496));
#7325=CARTESIAN_POINT('',(10.443309184147,21.5846308144527,3.08343804253476));
#7326=CARTESIAN_POINT('',(10.4421324451677,21.5848903244563,3.08334358861798));
#7327=CARTESIAN_POINT('',(10.4408770469531,21.5396707795013,3.09980215698864));
#7328=CARTESIAN_POINT('',(10.4396894714252,21.539818680433,3.09974832545189));
#7329=CARTESIAN_POINT('',(10.4385014212872,21.5399645535104,3.09969523199373));
#7330=CARTESIAN_POINT('',(10.4409552859999,21.5851482255611,3.08324972029245));
#7331=CARTESIAN_POINT('',(10.4386009676644,21.5856640277707,3.08306198364138));
#7332=CARTESIAN_POINT('',(10.4362446144025,21.586171638445,3.08287722846534));
#7333=CARTESIAN_POINT('',(10.437313127121,21.54010839916,3.09964287645893));
#7334=CARTESIAN_POINT('',(10.4349365387885,21.5403960904593,3.09953816538935));
#7335=CARTESIAN_POINT('',(10.4325588348482,21.5406768337416,3.09943598319112));
#7336=CARTESIAN_POINT('',(10.4338862862955,21.5866710178794,3.08269546921561));
#7337=CARTESIAN_POINT('',(10.4315279581885,21.5871703973138,3.08251370996587));
#7338=CARTESIAN_POINT('',(10.4291676552365,21.5876615455084,3.08233494664244));
#7339=CARTESIAN_POINT('',(10.4301803772274,21.5409602543443,3.09933282652795));
#7340=CARTESIAN_POINT('',(10.4278019196066,21.541243674947,3.09922966986479));
#7341=CARTESIAN_POINT('',(10.4254227879125,21.5415320864067,3.09912469667824));
#7342=CARTESIAN_POINT('',(10.4268054375207,21.5881444227585,3.08215919369657));
#7343=CARTESIAN_POINT('',(10.4244432198048,21.5886273000087,3.08198344075071));
#7344=CARTESIAN_POINT('',(10.4220791289009,21.5891018813039,3.08181070728552));
#7345=CARTESIAN_POINT('',(10.4230427351898,21.5418174188718,3.09902084415408));
#7346=CARTESIAN_POINT('',(10.4206626824671,21.5421027513369,3.09891699162992));
#7347=CARTESIAN_POINT('',(10.4182816344199,21.5423822289799,3.09881527008671));
#7348=CARTESIAN_POINT('',(10.4197131303781,21.5895681889915,3.08164098516722));
#7349=CARTESIAN_POINT('',(10.4173471318554,21.5900344966791,3.08147126304891));
#7350=CARTESIAN_POINT('',(10.4149796157163,21.5904938359405,3.08130407723033));
#7351=CARTESIAN_POINT('',(10.4158996280154,21.542657437606,3.09871510233862));
#7352=CARTESIAN_POINT('',(10.4135176216109,21.542932646232,3.09861493459053));
#7353=CARTESIAN_POINT('',(10.4111348952312,21.543205232851,3.09851572117495));
#7354=CARTESIAN_POINT('',(10.4126092655797,21.5909400166892,3.08114168071873));
#7355=CARTESIAN_POINT('',(10.4102389154431,21.5913861974378,3.08097928420713));
#7356=CARTESIAN_POINT('',(10.4078663275715,21.5918220839369,3.08082063449593));
#7357=CARTESIAN_POINT('',(10.4087506580119,21.5434691566316,3.0984196607747));
#7358=CARTESIAN_POINT('',(10.4063664207927,21.5437330804122,3.09832360037445));
#7359=CARTESIAN_POINT('',(10.4039809515566,21.543989344801,3.09823032776482));
#7360=CARTESIAN_POINT('',(10.4054956137911,21.5922666083476,3.08065884084204));
#7361=CARTESIAN_POINT('',(10.4031249000108,21.5927111327583,3.08049704718815));
#7362=CARTESIAN_POINT('',(10.4007558491204,21.5931637006264,3.08033232595515));
#7363=CARTESIAN_POINT('',(10.4015967413874,21.5442570779438,3.09813288087012));
#7364=CARTESIAN_POINT('',(10.3992125312182,21.5445248110866,3.09803543397542));
#7365=CARTESIAN_POINT('',(10.39682956501,21.544805724996,3.09793318967401));
#7366=CARTESIAN_POINT('',(10.3983845202846,21.5936052499924,3.08017161512898));
#7367=CARTESIAN_POINT('',(10.3960131914488,21.5940467993584,3.08001090430281));
#7368=CARTESIAN_POINT('',(10.3936390906553,21.5944751200522,3.07985500831951));
#7369=CARTESIAN_POINT('',(10.3944454839351,21.5450816648632,3.09783275577588));
#7370=CARTESIAN_POINT('',(10.3920614028602,21.5453576047305,3.09773232187775));
#7371=CARTESIAN_POINT('',(10.3896758471379,21.5456249615473,3.09763501195451));
#7372=CARTESIAN_POINT('',(10.3912635912979,21.5948966225669,3.07970159395052));
#7373=CARTESIAN_POINT('',(10.3888880919404,21.5953181250815,3.07954817958152));
#7374=CARTESIAN_POINT('',(10.3865109658163,21.5957312052965,3.0793978306789));
#7375=CARTESIAN_POINT('',(10.3872895966495,21.5458890095159,3.09753890635353));
#7376=CARTESIAN_POINT('',(10.3849033461611,21.5461530574844,3.09744280075254));
#7377=CARTESIAN_POINT('',(10.3825163318502,21.5464137842746,3.09734790396164));
#7378=CARTESIAN_POINT('',(10.3841321657967,21.5961358844559,3.07925053951044));
#7379=CARTESIAN_POINT('',(10.3817533657771,21.5965405636154,3.07910324834198));
#7380=CARTESIAN_POINT('',(10.3793730938953,21.5969377767566,3.07895867458191));
#7381=CARTESIAN_POINT('',(10.3801283532491,21.5466680237516,3.09725536835965));
#7382=CARTESIAN_POINT('',(10.3777403746479,21.5469222632286,3.09716283275765));
#7383=CARTESIAN_POINT('',(10.3753515402824,21.5471706177741,3.09707243909554));
#7384=CARTESIAN_POINT('',(10.3769909625892,21.597324500653,3.07881791859475));
#7385=CARTESIAN_POINT('',(10.3746088312831,21.5977112245493,3.07867716260759));
#7386=CARTESIAN_POINT('',(10.3722238161185,21.5980823542484,3.07854208244409));
#7387=CARTESIAN_POINT('',(10.3729621950908,21.5474212497866,3.09698121650325));
#7388=CARTESIAN_POINT('',(10.3705728498993,21.547671881799,3.09688999391096));
#7389=CARTESIAN_POINT('',(10.3681825708796,21.5479238408409,3.09679828831947));
#7390=CARTESIAN_POINT('',(10.3698394851631,21.5984571837562,3.07840565566032));
#7391=CARTESIAN_POINT('',(10.3674551542076,21.598832013264,3.07826922887655));
#7392=CARTESIAN_POINT('',(10.3650724615437,21.5992159592754,3.07812948395686));
#7393=CARTESIAN_POINT('',(10.3657926350252,21.548177668845,3.09670590248133));
#7394=CARTESIAN_POINT('',(10.3634026991709,21.5484314968492,3.09661351664319));
#7395=CARTESIAN_POINT('',(10.361013460569,21.5486876942568,3.09652026841271));
#7396=CARTESIAN_POINT('',(10.3626889951183,21.5995955687254,3.07799131741639));
#7397=CARTESIAN_POINT('',(10.3614972619056,21.5997853734504,3.07792223414616));
#7398=CARTESIAN_POINT('',(10.3603052626005,21.5999736494099,3.0778537073011));
#7399=CARTESIAN_POINT('',(10.358623852744,21.5489420404871,3.09642769395571));
#7400=CARTESIAN_POINT('',(10.3574290488314,21.5490692136022,3.09638140672721));
#7401=CARTESIAN_POINT('',(10.3562341263166,21.5491958400137,3.09633531848256));
#7402=CARTESIAN_POINT('',(10.359112575712,21.6001579750408,3.07778661825801));
#7403=CARTESIAN_POINT('',(10.3579198888235,21.6003423006718,3.07771952921492));
#7404=CARTESIAN_POINT('',(10.3567266674851,21.600523644371,3.07765352550624));
#7405=CARTESIAN_POINT('',(10.3550388471653,21.5493202976873,3.09629001959391));
#7406=CARTESIAN_POINT('',(10.3538435680141,21.549444755361,3.09624472070527));
#7407=CARTESIAN_POINT('',(10.3526480087931,21.5495675284952,3.09620003493885));
#7408=CARTESIAN_POINT('',(10.3555331400147,21.6007032569091,3.07758815188867));
#7409=CARTESIAN_POINT('',(10.353146085074,21.6010624819853,3.07745740465353));
#7410=CARTESIAN_POINT('',(10.350757583403,21.6014132086269,3.07732975059563));
#7411=CARTESIAN_POINT('',(10.3514522563726,21.5496888312226,3.09615588435677));
#7412=CARTESIAN_POINT('',(10.3490607515316,21.5499314366772,3.0960675831926));
#7413=CARTESIAN_POINT('',(10.3466684055805,21.55016801845,3.09598147446934));
#7414=CARTESIAN_POINT('',(10.3483677061344,21.6017554139918,3.07720519802879));
#7415=CARTESIAN_POINT('',(10.3459778288657,21.6020976193568,3.07708064546195));
#7416=CARTESIAN_POINT('',(10.3435865759994,21.602431303445,3.07695919438617));
#7417=CARTESIAN_POINT('',(10.344275896304,21.5504082436817,3.09589403963547));
#7418=CARTESIAN_POINT('',(10.3418833870274,21.5506484689135,3.0958066048016));
#7419=CARTESIAN_POINT('',(10.3394907859633,21.5508934157356,3.09571745144937));
#7420=CARTESIAN_POINT('',(10.341194018668,21.6027564434146,3.07684085311527));
#7421=CARTESIAN_POINT('',(10.3399977400024,21.6029190133994,3.07678168247983));
#7422=CARTESIAN_POINT('',(10.3388011227044,21.6030792374409,3.07672336569791));
#7423=CARTESIAN_POINT('',(10.3370975011805,21.5511336159766,3.09563002571139));
#7424=CARTESIAN_POINT('',(10.3359008587892,21.5512537160971,3.0955863128424));
#7425=CARTESIAN_POINT('',(10.3347040080471,21.551372054969,3.09554324101546));
#7426=CARTESIAN_POINT('',(10.3376039439867,21.6032358115718,3.0766663773748));
#7427=CARTESIAN_POINT('',(10.336406765269,21.6033923857027,3.07660938905169));
#7428=CARTESIAN_POINT('',(10.3352091695432,21.6035462229304,3.0765533968799));
#7429=CARTESIAN_POINT('',(10.3335068613123,21.5514883385597,3.09550091724972));
#7430=CARTESIAN_POINT('',(10.3323097145775,21.5516046221503,3.09545859348398));
#7431=CARTESIAN_POINT('',(10.3311123440557,21.5517193069634,3.09541685162569));
#7432=CARTESIAN_POINT('',(10.3340115290126,21.6036997660931,3.076497511739));
#7433=CARTESIAN_POINT('',(10.332813888482,21.6038533092558,3.0764416265981));
#7434=CARTESIAN_POINT('',(10.3316162033997,21.6040065584251,3.07638584846204));
#7435=CARTESIAN_POINT('',(10.3299149596002,21.551833972369,3.09537511683118));
#7436=CARTESIAN_POINT('',(10.3287175751447,21.5519486377745,3.09533338203666));
#7437=CARTESIAN_POINT('',(10.3275201838827,21.5520633569809,3.09529162766022));
#7438=CARTESIAN_POINT('',(10.3304188452077,21.6041619562244,3.07632928828863));
#7439=CARTESIAN_POINT('',(10.3292214870158,21.6043173540237,3.07627272811523));
#7440=CARTESIAN_POINT('',(10.3280244301854,21.6044748808776,3.07621539302932));
#7441=CARTESIAN_POINT('',(10.3263229399317,21.5521789410756,3.09524955849019));
#7442=CARTESIAN_POINT('',(10.3251256959808,21.5522945251703,3.09520748932017));
#7443=CARTESIAN_POINT('',(10.3239285865763,21.5524109643656,3.09516510891897));
#7444=CARTESIAN_POINT('',(10.3268273279469,21.604632086936,3.0761581747034));
#7445=CARTESIAN_POINT('',(10.3244331234699,21.6049464990529,3.07604373805157));
#7446=CARTESIAN_POINT('',(10.3220385734499,21.6052584699952,3.07593018991461));
#7447=CARTESIAN_POINT('',(10.3227314067298,21.5525266235122,3.0951230124323));
#7448=CARTESIAN_POINT('',(10.3203370470367,21.5527579418053,3.09503881945896));
#7449=CARTESIAN_POINT('',(10.3179424077498,21.5529866529322,3.09495557541653));
#7450=CARTESIAN_POINT('',(10.3196414341781,21.6055521484821,3.07582329968694));
#7451=CARTESIAN_POINT('',(10.3172442949063,21.6058458269689,3.07571640945928));
#7452=CARTESIAN_POINT('',(10.314845260272,21.6061261151725,3.07561439289615));
#7453=CARTESIAN_POINT('',(10.3155471128659,21.553214512572,3.09487264129007));
#7454=CARTESIAN_POINT('',(10.313151817982,21.5534423722117,3.09478970716362));
#7455=CARTESIAN_POINT('',(10.3107562474042,21.5536722592475,3.09470603512536));
#7456=CARTESIAN_POINT('',(10.3124471057108,21.6064126208702,3.07551011335027));
#7457=CARTESIAN_POINT('',(10.3100489511497,21.6066991265678,3.07540583380438));
#7458=CARTESIAN_POINT('',(10.3076521225385,21.6069955083802,3.07529795964667));
#7459=CARTESIAN_POINT('',(10.3083610452192,21.5539043250925,3.09462157006537));
#7460=CARTESIAN_POINT('',(10.3059658430343,21.5541363909376,3.09453710500537));
#7461=CARTESIAN_POINT('',(10.3035711147963,21.55437094124,3.09445173567687));
#7462=CARTESIAN_POINT('',(10.3052542049536,21.6072836801434,3.07519307370252));
#7463=CARTESIAN_POINT('',(10.3040552461612,21.607427766025,3.07514063073045));
#7464=CARTESIAN_POINT('',(10.3028559920411,21.607569593169,3.0750890098716));
#7465=CARTESIAN_POINT('',(10.3011758937352,21.5546020571337,3.09436761637088));
#7466=CARTESIAN_POINT('',(10.2999782832046,21.5547176150806,3.09432555671789));
#7467=CARTESIAN_POINT('',(10.2987805250125,21.5548320436859,3.09428390811159));
#7468=CARTESIAN_POINT('',(10.3016561547792,21.6077069603009,3.07503901232444));
#7469=CARTESIAN_POINT('',(10.3004563175172,21.6078443274328,3.07498901477727));
#7470=CARTESIAN_POINT('',(10.2992559631017,21.6079777392474,3.07494045684785));
#7471=CARTESIAN_POINT('',(10.2975824752551,21.5549442423542,3.09424307113602));
#7472=CARTESIAN_POINT('',(10.2963844254977,21.5550564410224,3.09420223416045));
#7473=CARTESIAN_POINT('',(10.2951861171692,21.5551666621011,3.09416211696864));
#7474=CARTESIAN_POINT('',(10.2980554129399,21.6081096539472,3.07489244382365));
#7475=CARTESIAN_POINT('',(10.2956543126161,21.6083734833469,3.07479641777525));
#7476=CARTESIAN_POINT('',(10.2932527027058,21.6086332711956,3.07470186273109));
#7477=CARTESIAN_POINT('',(10.2939877109766,21.5552761347331,3.09412227218913));
#7478=CARTESIAN_POINT('',(10.2915908985915,21.5554950799971,3.0940425826301));
#7479=CARTESIAN_POINT('',(10.2891938441142,21.5557121492512,3.09396357588282));
#7480=CARTESIAN_POINT('',(10.2908522307267,21.6089021647792,3.07460399347049));
#7481=CARTESIAN_POINT('',(10.2884517587476,21.6091710583627,3.07450612420989));
#7482=CARTESIAN_POINT('',(10.2860517080926,21.6094434638522,3.07440697672007));
#7483=CARTESIAN_POINT('',(10.2867973328495,21.5559334778436,3.0938830188632));
#7484=CARTESIAN_POINT('',(10.2844008215848,21.556154806436,3.09380246184358));
#7485=CARTESIAN_POINT('',(10.2820041625204,21.5563738056627,3.09372275264373));
#7486=CARTESIAN_POINT('',(10.2836497146093,21.609699675026,3.07431372347913));
#7487=CARTESIAN_POINT('',(10.2812477211261,21.6099558861998,3.07422047023818));
#7488=CARTESIAN_POINT('',(10.2788435643169,21.6101940651057,3.074133780206));
#7489=CARTESIAN_POINT('',(10.2796070228047,21.5565903008395,3.0936439548435));
#7490=CARTESIAN_POINT('',(10.2772098830891,21.5568067960164,3.09356515704326));
#7491=CARTESIAN_POINT('',(10.2748124023645,21.5570227161162,3.09348656855396));
#7492=CARTESIAN_POINT('',(10.2764395720136,21.6104336152393,3.07404659108773));
#7493=CARTESIAN_POINT('',(10.2752375758619,21.6105533903062,3.0740029965286));
#7494=CARTESIAN_POINT('',(10.2740357251531,21.610674377703,3.07395896071743));
#7495=CARTESIAN_POINT('',(10.2724152661923,21.5572423111915,3.09340664248293));
#7496=CARTESIAN_POINT('',(10.2712166981062,21.5573521087292,3.09336667944742));
#7497=CARTESIAN_POINT('',(10.2700182413027,21.5574629519044,3.093326335831));
#7498=CARTESIAN_POINT('',(10.2728339291737,21.6107958212933,3.07391475886542));
#7499=CARTESIAN_POINT('',(10.2716321331943,21.6109172648836,3.07387055701341));
#7500=CARTESIAN_POINT('',(10.2704303919442,21.6110391646674,3.07382618912056));
#7501=CARTESIAN_POINT('',(10.2688197442698,21.5575732528227,3.0932861895799));
#7502=CARTESIAN_POINT('',(10.2676212472369,21.5576835537411,3.09324604332881));
#7503=CARTESIAN_POINT('',(10.2664227143517,21.5577933622873,3.0932060762865));
#7504=CARTESIAN_POINT('',(10.2692286147101,21.611160764508,3.07378193039807));
#7505=CARTESIAN_POINT('',(10.2668250602418,21.6114039641893,3.07369341295309));
#7506=CARTESIAN_POINT('',(10.2644213476847,21.6116457162935,3.07360542238308));
#7507=CARTESIAN_POINT('',(10.2652241875728,21.5579032955061,3.09316606386713));
#7508=CARTESIAN_POINT('',(10.2628271340152,21.5581231619435,3.09308603902838));
#7509=CARTESIAN_POINT('',(10.2604300014131,21.5583423045924,3.09300627762712));
#7510=CARTESIAN_POINT('',(10.2620181788379,21.6118924470184,3.07351561974337));
#7511=CARTESIAN_POINT('',(10.259615009991,21.6121391777432,3.07342581710365));
#7512=CARTESIAN_POINT('',(10.2572120747762,21.6123880477794,3.07333523581827));
#7513=CARTESIAN_POINT('',(10.2580331406661,21.5585639365516,3.09292561019101));
#7514=CARTESIAN_POINT('',(10.2556362799192,21.5587855685108,3.09284494275489));
#7515=CARTESIAN_POINT('',(10.2532395359883,21.5590082701257,3.09276388599594));
#7516=CARTESIAN_POINT('',(10.2548072210457,21.6126193504569,3.07325104852856));
#7517=CARTESIAN_POINT('',(10.2536047941804,21.6127350017956,3.07320895488371));
#7518=CARTESIAN_POINT('',(10.2524019059793,21.6128464288048,3.07316839876905));
#7519=CARTESIAN_POINT('',(10.2508418327995,21.5592221880613,3.09268602623483));
#7520=CARTESIAN_POINT('',(10.2496429812051,21.5593291470291,3.09264709635428));
#7521=CARTESIAN_POINT('',(10.2484439130113,21.559434136707,3.09260888323661));
#7522=CARTESIAN_POINT('',(10.2511988259883,21.6129560996418,3.07312848184883));
#7523=CARTESIAN_POINT('',(10.2499957459973,21.6130657704788,3.0730885649286));
#7524=CARTESIAN_POINT('',(10.2487924742163,21.6131736851435,3.0730492872028));
#7525=CARTESIAN_POINT('',(10.2472446618948,21.5595373644755,3.09257131140152));
#7526=CARTESIAN_POINT('',(10.2460454107782,21.559640592244,3.09253373956643));
#7527=CARTESIAN_POINT('',(10.2448460160119,21.559742456946,3.09249666384698));
#7528=CARTESIAN_POINT('',(10.2475892801911,21.6132823117932,3.07300975033565));
#7529=CARTESIAN_POINT('',(10.246386086166,21.613390938443,3.0729702134685));
#7530=CARTESIAN_POINT('',(10.2451831180883,21.6135017236484,3.07292989095132));
#7531=CARTESIAN_POINT('',(10.2436467313936,21.5598454014335,3.09245919511776));
#7532=CARTESIAN_POINT('',(10.2424474467752,21.5599483459209,3.09242172638854));
#7533=CARTESIAN_POINT('',(10.2412483464006,21.5600530934792,3.09238360139521));
#7534=CARTESIAN_POINT('',(10.2439802243262,21.6136132178459,3.07288931038214));
#7535=CARTESIAN_POINT('',(10.2427773305641,21.6137247120434,3.07284872981295));
#7536=CARTESIAN_POINT('',(10.2415745111177,21.613836915233,3.07280789119175));
#7537=CARTESIAN_POINT('',(10.2400494734786,21.5601601280999,3.09234464397926));
#7538=CARTESIAN_POINT('',(10.2388506005566,21.5602671627205,3.09230568656331));
#7539=CARTESIAN_POINT('',(10.237651982037,21.5603767580942,3.0922657971095));
#7540=CARTESIAN_POINT('',(10.2403716143552,21.613948377851,3.07276732211656));
#7541=CARTESIAN_POINT('',(10.2391687175927,21.614059840469,3.07272675304137));
#7542=CARTESIAN_POINT('',(10.237965688965,21.61416996391,3.07268667138677));
#7543=CARTESIAN_POINT('',(10.2364534395515,21.560487147954,3.09222561848633));
#7544=CARTESIAN_POINT('',(10.235254897066,21.5605975378139,3.09218543986317));
#7545=CARTESIAN_POINT('',(10.234056378243,21.5607081679804,3.09214517377554));
#7546=CARTESIAN_POINT('',(10.236762285128,21.6142762768477,3.07264797664192));
#7547=CARTESIAN_POINT('',(10.235558881291,21.6143825897855,3.07260928189706));
#7548=CARTESIAN_POINT('',(10.2343550392123,21.6144844520843,3.07257220705229));
#7549=CARTESIAN_POINT('',(10.2328576739795,21.5608169148766,3.09210559314227));
#7550=CARTESIAN_POINT('',(10.231658969716,21.5609256617728,3.092066012509));
#7551=CARTESIAN_POINT('',(10.2304600484959,21.5610322053307,3.09202723382524));
#7552=CARTESIAN_POINT('',(10.2331509493717,21.6145837981984,3.07253604802386));
#7553=CARTESIAN_POINT('',(10.2307427696906,21.6147824904266,3.07246372996702));
#7554=CARTESIAN_POINT('',(10.2283337037354,21.614972053758,3.07239473455688));
#7555=CARTESIAN_POINT('',(10.2292609181281,21.5611366248637,3.09198922822338));
#7556=CARTESIAN_POINT('',(10.2268626573926,21.5613454639296,3.09191321701964));
#7557=CARTESIAN_POINT('',(10.2244639534792,21.5615497381537,3.09183886728242));
#7558=CARTESIAN_POINT('',(10.2259255743278,21.6151714049932,3.07232217664113));
#7559=CARTESIAN_POINT('',(10.2235174449202,21.6153707562283,3.07224961872537));
#7560=CARTESIAN_POINT('',(10.2211099214518,21.6155770131894,3.07217454733092));
#7561=CARTESIAN_POINT('',(10.2220657178706,21.5617589066276,3.09176273618397));
#7562=CARTESIAN_POINT('',(10.2196674822619,21.5619680751015,3.09168660508552));
#7563=CARTESIAN_POINT('',(10.2172695496722,21.562180696914,3.09160921707462));
#7564=CARTESIAN_POINT('',(10.2187012674992,21.6157703863258,3.07210416526516));
#7565=CARTESIAN_POINT('',(10.2162926135465,21.6159637594622,3.07203378319939));
#7566=CARTESIAN_POINT('',(10.2138823622617,21.6161389282437,3.07197002697695));
#7567=CARTESIAN_POINT('',(10.2148710518371,21.5623868767817,3.0915341737399));
#7568=CARTESIAN_POINT('',(10.2124725540019,21.5625930566493,3.09145913040518));
#7569=CARTESIAN_POINT('',(10.2100732688933,21.5627902386473,3.09138736202716));
#7570=CARTESIAN_POINT('',(10.21147181163,21.6163106854418,3.07190751246936));
#7571=CARTESIAN_POINT('',(10.2090612609983,21.6164824426398,3.07184499796176));
#7572=CARTESIAN_POINT('',(10.2066509582299,21.6166570246433,3.07178145530905));
#7573=CARTESIAN_POINT('',(10.2076736190346,21.5629837454372,3.09131693131553));
#7574=CARTESIAN_POINT('',(10.2052739691759,21.563177252227,3.0912465006039));
#7575=CARTESIAN_POINT('',(10.2028745010486,21.5633727006739,3.0911753631869));
#7576=CARTESIAN_POINT('',(10.2042407227274,21.6168323732181,3.0717176336472));
#7577=CARTESIAN_POINT('',(10.2018304872248,21.6170077217929,3.07165381198535));
#7578=CARTESIAN_POINT('',(10.1994201232539,21.6171814028294,3.0715905972578));
#7579=CARTESIAN_POINT('',(10.2004760652117,21.5635776768748,3.09110075795105));
#7580=CARTESIAN_POINT('',(10.1980776293748,21.5637826530756,3.0910261527152));
#7581=CARTESIAN_POINT('',(10.1956799086007,21.5639939313408,3.09094925371554));
#7582=CARTESIAN_POINT('',(10.197010060031,21.6173589875768,3.07152596169567));
#7583=CARTESIAN_POINT('',(10.1945999968082,21.6175365723243,3.07146132613354));
#7584=CARTESIAN_POINT('',(10.1921903590002,21.6177196790141,3.07139468074876));
#7585=CARTESIAN_POINT('',(10.1932820629771,21.5642046413081,3.09087256155936));
#7586=CARTESIAN_POINT('',(10.1908842173536,21.5644153512755,3.09079586940317));
#7587=CARTESIAN_POINT('',(10.1884863583783,21.5646267522539,3.09071892573954));
#7588=CARTESIAN_POINT('',(10.1897796212414,21.6178885081066,3.07133323198439));
#7589=CARTESIAN_POINT('',(10.1873688834825,21.6180573371992,3.07127178322003));
#7590=CARTESIAN_POINT('',(10.1849567120782,21.6182075572578,3.0712171075901));
#7591=CARTESIAN_POINT('',(10.1860880431902,21.5648318729904,3.09064426789704));
#7592=CARTESIAN_POINT('',(10.1836897280021,21.5650369937268,3.09056961005454));
#7593=CARTESIAN_POINT('',(10.1812906960232,21.5652328102255,3.09049833867765));
#7594=CARTESIAN_POINT('',(10.1825444416446,21.6183564918901,3.07116289981708));
#7595=CARTESIAN_POINT('',(10.1801321712111,21.6185054265225,3.07110869204406));
#7596=CARTESIAN_POINT('',(10.1777202040976,21.61865829832,3.07105305126008));
#7597=CARTESIAN_POINT('',(10.178891614567,21.5654279843363,3.09042730111082));
#7598=CARTESIAN_POINT('',(10.1764925331108,21.5656231584471,3.09035626354399));
#7599=CARTESIAN_POINT('',(10.1740937065091,21.5658211613157,3.09028419639351));
#7600=CARTESIAN_POINT('',(10.1753082235471,21.6188109957083,3.07099747395589));
#7601=CARTESIAN_POINT('',(10.1728962429966,21.6189636930966,3.0709418966517));
#7602=CARTESIAN_POINT('',(10.1704841430096,21.6191145905181,3.07088697448186));
#7603=CARTESIAN_POINT('',(10.1716946234969,21.5660169956628,3.09021291852032));
#7604=CARTESIAN_POINT('',(10.1692955404846,21.5662128300099,3.09014164064713));
#7605=CARTESIAN_POINT('',(10.1668960985651,21.566405270487,3.0900715980416));
#7606=CARTESIAN_POINT('',(10.1680723554066,21.6192701957868,3.07083033879577));
#7607=CARTESIAN_POINT('',(10.1656605678035,21.6194258010554,3.07077370310968));
#7608=CARTESIAN_POINT('',(10.1632490550878,21.6195855490633,3.07071555958982));
#7609=CARTESIAN_POINT('',(10.1644976701117,21.5666072106602,3.08999809782946));
#7610=CARTESIAN_POINT('',(10.1620992416584,21.5668091508333,3.08992459761733));
#7611=CARTESIAN_POINT('',(10.1597020457463,21.5670222905192,3.08984702111594));
#7612=CARTESIAN_POINT('',(10.1608365037617,21.6197296446123,3.07066311309912));
#7613=CARTESIAN_POINT('',(10.1596302280986,21.6198016923868,3.07063688985376));
#7614=CARTESIAN_POINT('',(10.1584236470644,21.6198691380504,3.07061234163976));
#7615=CARTESIAN_POINT('',(10.1573043905042,21.5672281038891,3.08977211117546));
#7616=CARTESIAN_POINT('',(10.1561055628832,21.5673310105741,3.08973465620522));
#7617=CARTESIAN_POINT('',(10.1549065877356,21.5674316461538,3.0896980278497));
#7618=CARTESIAN_POINT('',(10.1572169184327,21.6199343593372,3.07058860303271));
#7619=CARTESIAN_POINT('',(10.156010189801,21.6199995806241,3.07056486442567));
#7620=CARTESIAN_POINT('',(10.1548033135719,21.6200625775341,3.07054193542557));
#7621=CARTESIAN_POINT('',(10.1537074001865,21.5675300421983,3.08966221461832));
#7622=CARTESIAN_POINT('',(10.1525082126375,21.5676284382429,3.08962640138693));
#7623=CARTESIAN_POINT('',(10.1513088259056,21.5677247631369,3.08959134199271));
#7624=CARTESIAN_POINT('',(10.153596447519,21.6201257278013,3.07051895060801));
#7625=CARTESIAN_POINT('',(10.1523895814662,21.6201888780686,3.07049596579045));
#7626=CARTESIAN_POINT('',(10.1511827472364,21.6202524213583,3.07047283792438));
#7627=CARTESIAN_POINT('',(10.1501094760479,21.5678214078174,3.08955616620569));
#7628=CARTESIAN_POINT('',(10.1489101261902,21.567918052498,3.08952099041867));
#7629=CARTESIAN_POINT('',(10.1477108479362,21.5680153196372,3.08948558807521));
#7630=CARTESIAN_POINT('',(10.1499760503158,21.6203182507039,3.07044887800205));
#7631=CARTESIAN_POINT('',(10.1487693533951,21.6203840800495,3.07042491807971));
#7632=CARTESIAN_POINT('',(10.1475627473887,21.6204515419828,3.07040036394406));
#7633=CARTESIAN_POINT('',(10.1465118119497,21.5681150576353,3.08944928641269));
#7634=CARTESIAN_POINT('',(10.1453127759631,21.5682147956333,3.08941298475017));
#7635=CARTESIAN_POINT('',(10.1441139590466,21.5683166777561,3.08937590269006));
#7636=CARTESIAN_POINT('',(10.1463560945806,21.6205181634885,3.070376115699));
#7637=CARTESIAN_POINT('',(10.1439427889644,21.6206514065,3.0703276192089));
#7638=CARTESIAN_POINT('',(10.1415291600881,21.6207788446367,3.07028123552045));
#7639=CARTESIAN_POINT('',(10.1429154102628,21.5684203693796,3.08933816202559));
#7640=CARTESIAN_POINT('',(10.1405183126951,21.5686277526265,3.08926268069664));
#7641=CARTESIAN_POINT('',(10.1381218824621,21.5688385735469,3.08918594815685));
#7642=CARTESIAN_POINT('',(10.1391145716493,21.6208890516197,3.07024112345901));
#7643=CARTESIAN_POINT('',(10.1366999832105,21.6209992586028,3.07020101139757));
#7644=CARTESIAN_POINT('',(10.134284758448,21.6210980389359,3.0701650582966));
#7645=CARTESIAN_POINT('',(10.1357245444204,21.5690375052419,3.08911354294119));
#7646=CARTESIAN_POINT('',(10.1333272063787,21.569236436937,3.08904113772553));
#7647=CARTESIAN_POINT('',(10.1309293697052,21.5694282750382,3.08897131436691));
#7648=CARTESIAN_POINT('',(10.1318699987343,21.6212051702686,3.07012606568032));
#7649=CARTESIAN_POINT('',(10.1294552390206,21.6213123016013,3.07008707306405));
#7650=CARTESIAN_POINT('',(10.1270408859392,21.6214283442038,3.07004483701084));
#7651=CARTESIAN_POINT('',(10.1285318481573,21.5696249203904,3.08889974131201));
#7652=CARTESIAN_POINT('',(10.1261343266095,21.5698215657426,3.08882816825711));
#7653=CARTESIAN_POINT('',(10.1237370083899,21.5700226668183,3.08875497345147));
#7654=CARTESIAN_POINT('',(10.1246260425671,21.6215335588815,3.07000654199996));
#7655=CARTESIAN_POINT('',(10.122211199195,21.6216387735592,3.06996824698908));
#7656=CARTESIAN_POINT('',(10.1197956041767,21.6217272995765,3.06993602615379));
#7657=CARTESIAN_POINT('',(10.1213394450281,21.5702183539555,3.08868374915827));
#7658=CARTESIAN_POINT('',(10.1189418816664,21.5704140410928,3.08861252486507));
#7659=CARTESIAN_POINT('',(10.1165440643104,21.5706022445945,3.08854402439248));
#7660=CARTESIAN_POINT('',(10.1173797038051,21.6218090458936,3.0699062729276));
#7661=CARTESIAN_POINT('',(10.1161717536193,21.6218499190522,3.06989139631451));
#7662=CARTESIAN_POINT('',(10.1149637589264,21.6218898040267,3.06987687937101));
#7663=CARTESIAN_POINT('',(10.1141457540465,21.5707846546029,3.088477632579));
#7664=CARTESIAN_POINT('',(10.1129465989145,21.570875859607,3.08844443667226));
#7665=CARTESIAN_POINT('',(10.1117473600172,21.5709661359549,3.08841157876879));
#7666=CARTESIAN_POINT('',(10.1137558309476,21.6219311702407,3.0698618233004));
#7667=CARTESIAN_POINT('',(10.1125479029689,21.6219725364547,3.06984676722979));
#7668=CARTESIAN_POINT('',(10.1113400670894,21.6220160967747,3.06983091256994));
#7669=CARTESIAN_POINT('',(10.1105482626325,21.5710579170152,3.08837817319478));
#7670=CARTESIAN_POINT('',(10.1093491652477,21.5711496980755,3.08834476762076));
#7671=CARTESIAN_POINT('',(10.1081502220679,21.5712433402814,3.08831068464513));
#7672=CARTESIAN_POINT('',(10.1101322471287,21.6220602934369,3.06981482630041));
#7673=CARTESIAN_POINT('',(10.1077166072073,21.6221486867615,3.06978265376137));
#7674=CARTESIAN_POINT('',(10.1053010144619,21.6222384511095,3.06974998221058));
#7675=CARTESIAN_POINT('',(10.1069515646702,21.5713392634082,3.0882757714822));
#7676=CARTESIAN_POINT('',(10.1045542498748,21.5715311096618,3.08820594515634));
#7677=CARTESIAN_POINT('',(10.1021575854551,21.5717282025632,3.08813420920682));
#7678=CARTESIAN_POINT('',(10.1028848002095,21.6223101534206,3.06972388470363));
#7679=CARTESIAN_POINT('',(10.100468585957,21.6223818557316,3.06969778719668));
#7680=CARTESIAN_POINT('',(10.098051812744,21.6224373137176,3.06967760214052));
#7681=CARTESIAN_POINT('',(10.0997613123685,21.571920989228,3.0880640405993));
#7682=CARTESIAN_POINT('',(10.0973650392819,21.5721137758927,3.08799387199177));
#7683=CARTESIAN_POINT('',(10.0949691888016,21.5723031651767,3.08792493992972));
#7684=CARTESIAN_POINT('',(10.0956351591882,21.6224962491446,3.06965615139935));
#7685=CARTESIAN_POINT('',(10.0944268324104,21.6225257168582,3.06964542602876));
#7686=CARTESIAN_POINT('',(10.0932185478495,21.6225564114682,3.06963425410434));
#7687=CARTESIAN_POINT('',(10.0925741755359,21.5724991816086,3.08785359578307));
#7688=CARTESIAN_POINT('',(10.091376668903,21.5725971898245,3.08781792370975));
#7689=CARTESIAN_POINT('',(10.0901792795655,21.5726964427827,3.08778179858731));
#7690=CARTESIAN_POINT('',(10.0920102768823,21.6225875011344,3.06962293839128));
#7691=CARTESIAN_POINT('',(10.0908020059151,21.6226185908005,3.06961162267821));
#7692=CARTESIAN_POINT('',(10.0895937485416,21.6226500755226,3.06960016317651));
#7693=CARTESIAN_POINT('',(10.0889818112539,21.5727953303393,3.08774580646016));
#7694=CARTESIAN_POINT('',(10.0877843429423,21.572894217896,3.08770981433301));
#7695=CARTESIAN_POINT('',(10.0865867479291,21.5729924268081,3.08767406921224));
#7696=CARTESIAN_POINT('',(10.0883854761385,21.6226811234603,3.06958886265136));
#7697=CARTESIAN_POINT('',(10.0859689313325,21.6227432193357,3.06956626160106));
#7698=CARTESIAN_POINT('',(10.0835523724503,21.6228047237576,3.06954387582219));
#7699=CARTESIAN_POINT('',(10.0853891779721,21.5730906310993,3.08763832577337));
#7700=CARTESIAN_POINT('',(10.0829940380579,21.5732870396817,3.08756683889564));
#7701=CARTESIAN_POINT('',(10.0805988910709,21.5734831523166,3.08749545973398));
#7702=CARTESIAN_POINT('',(10.0811359172549,21.6228705851009,3.06951990425367));
#7703=CARTESIAN_POINT('',(10.0787194620595,21.6229364464441,3.06949593268514));
#7704=CARTESIAN_POINT('',(10.076303001075,21.6230020645376,3.06947204965228));
#7705=CARTESIAN_POINT('',(10.078203795962,21.5736814436319,3.08742328759747));
#7706=CARTESIAN_POINT('',(10.0758087008531,21.5738797349473,3.08735111546096));
#7707=CARTESIAN_POINT('',(10.0734129507969,21.5740739092539,3.0872804417931));
#7708=CARTESIAN_POINT('',(10.0738860996081,21.6230491736677,3.06945490333116));
#7709=CARTESIAN_POINT('',(10.0726776488746,21.6230727282328,3.0694463301706));
#7710=CARTESIAN_POINT('',(10.0714691090303,21.6230925383842,3.06943911986513));
#7711=CARTESIAN_POINT('',(10.0710177712038,21.5742636740386,3.08721137305998));
#7712=CARTESIAN_POINT('',(10.0698201814072,21.5743585564309,3.08717683869341));
#7713=CARTESIAN_POINT('',(10.0686227786023,21.5744529853975,3.08714246936032));
#7714=CARTESIAN_POINT('',(10.0702605386177,21.6231110640659,3.06943237706843));
#7715=CARTESIAN_POINT('',(10.0690519682052,21.6231295897476,3.06942563427172));
#7716=CARTESIAN_POINT('',(10.0678433672245,21.6231468309596,3.06941935898376));
#7717=CARTESIAN_POINT('',(10.0674257014129,21.5745488609575,3.08710757351029));
#7718=CARTESIAN_POINT('',(10.0662286242234,21.5746447365175,3.08707267766026));
#7719=CARTESIAN_POINT('',(10.0650318155057,21.5747417085275,3.08703738273503));
#7720=CARTESIAN_POINT('',(10.0666347942182,21.6231652476456,3.06941265585822));
#7721=CARTESIAN_POINT('',(10.0642176482058,21.6232020810178,3.06939924960714));
#7722=CARTESIAN_POINT('',(10.0618006773708,21.6232486284798,3.06938230771649));
#7723=CARTESIAN_POINT('',(10.0638351104109,21.5748398175086,3.0870016739862));
#7724=CARTESIAN_POINT('',(10.0614417002215,21.5750360354708,3.08693025648855));
#7725=CARTESIAN_POINT('',(10.0590485186804,21.5752379277678,3.0868567737019));
#7726=CARTESIAN_POINT('',(10.0593836097677,21.6232892762794,3.06936751312732));
#7727=CARTESIAN_POINT('',(10.0569665421646,21.6233299240791,3.06935271853816));
#7728=CARTESIAN_POINT('',(10.0545493174194,21.6233587884132,3.06934221277971));
#7729=CARTESIAN_POINT('',(10.0566546286745,21.5754329872833,3.08678577784437));
#7730=CARTESIAN_POINT('',(10.0542607386686,21.5756280467987,3.08671478198683));
#7731=CARTESIAN_POINT('',(10.0518665922023,21.57581618983,3.08664630352365));
#7732=CARTESIAN_POINT('',(10.0521319351676,21.6233785785586,3.06933500975586));
#7733=CARTESIAN_POINT('',(10.0497145529158,21.623398368704,3.06932780673201));
#7734=CARTESIAN_POINT('',(10.0472971006289,21.6234112865853,3.06932310500772));
#7735=CARTESIAN_POINT('',(10.0494738145931,21.5760081181381,3.08657644733239));
#7736=CARTESIAN_POINT('',(10.0470810369838,21.5762000464462,3.08650659114114));
#7737=CARTESIAN_POINT('',(10.0446889101371,21.5763927355912,3.08643645802788));
#7738=CARTESIAN_POINT('',(10.0448796755292,21.6234115305764,3.06932301620223));
#7739=CARTESIAN_POINT('',(10.0436709629793,21.6234116525719,3.06932297179948));
#7740=CARTESIAN_POINT('',(10.0424622413839,21.6234083367564,3.06932417865763));
#7741=CARTESIAN_POINT('',(10.0422975786667,21.5765832468149,3.08636711761318));
#7742=CARTESIAN_POINT('',(10.0411019129315,21.5766785024267,3.08633244740583));
#7743=CARTESIAN_POINT('',(10.0399063972633,21.5767728317964,3.08629811432304));
#7744=CARTESIAN_POINT('',(10.0412535171782,21.6234040288188,3.06932574661869));
#7745=CARTESIAN_POINT('',(10.0400447929725,21.6233997208812,3.06932731457975));
#7746=CARTESIAN_POINT('',(10.0388360661564,21.6233944208215,3.06932924364371));
#7747=CARTESIAN_POINT('',(10.0387112303567,21.5768685512862,3.08626327527793));
#7748=CARTESIAN_POINT('',(10.03751606345,21.5769642707759,3.08622843623282));
#7749=CARTESIAN_POINT('',(10.0363212011267,21.5770611482689,3.08619317570899));
#7750=CARTESIAN_POINT('',(10.0376273431651,21.6233905743288,3.06933064365258));
#7751=CARTESIAN_POINT('',(10.0364186201738,21.623386727836,3.06933204366145));
#7752=CARTESIAN_POINT('',(10.0352098871404,21.6233853495774,3.06933254530656));
#7753=CARTESIAN_POINT('',(10.0351264286761,21.5771592281825,3.08615747753986));
#7754=CARTESIAN_POINT('',(10.0339316562255,21.5772573080961,3.08612177937073));
#7755=CARTESIAN_POINT('',(10.0327369667141,21.5773570977639,3.08608545890196));
#7756=CARTESIAN_POINT('',(10.0340011544762,21.6233842631502,3.0693329407337));
#7757=CARTESIAN_POINT('',(10.0327924218119,21.6233831767231,3.06933333616084));
#7758=CARTESIAN_POINT('',(10.0315836895168,21.6233823821274,3.06933362537001));
#7759=CARTESIAN_POINT('',(10.0315421474195,21.5774563305574,3.08604934111888));
#7760=CARTESIAN_POINT('',(10.0303473281248,21.5775555633509,3.08601322333579));
#7761=CARTESIAN_POINT('',(10.0291523127015,21.577653896658,3.08597743293896));
#7762=CARTESIAN_POINT('',(10.0303749680021,21.6233797029605,3.06933460050702));
#7763=CARTESIAN_POINT('',(10.0279575249726,21.6233743446267,3.06933655078102));
#7764=CARTESIAN_POINT('',(10.0255401718599,21.6233564322526,3.06934307035202));
#7765=CARTESIAN_POINT('',(10.027957233884,21.5777509515061,3.08594210786316));
#7766=CARTESIAN_POINT('',(10.025567076249,21.5779450612023,3.08587145771155));
#7767=CARTESIAN_POINT('',(10.023176810726,21.5781321133564,3.08580337629521));
#7768=CARTESIAN_POINT('',(10.0231228569932,21.623330210013,3.06935261446671));
#7769=CARTESIAN_POINT('',(10.0207055421265,21.6233039877734,3.0693621585814));
#7770=CARTESIAN_POINT('',(10.0182883344987,21.6232692209816,3.06937481265876));
#7771=CARTESIAN_POINT('',(10.020788238543,21.5783235601176,3.0857336953727));
#7772=CARTESIAN_POINT('',(10.01839966636,21.5785150068787,3.0856640144502));
#7773=CARTESIAN_POINT('',(10.0160127131397,21.5787101749349,3.08559297908705));
#7774=CARTESIAN_POINT('',(10.015871310082,21.6232259347559,3.06939056755648));
#7775=CARTESIAN_POINT('',(10.0134542856653,21.6231826485302,3.0694063224542));
#7776=CARTESIAN_POINT('',(10.0110374444597,21.6231308428705,3.06942517817228));
#7777=CARTESIAN_POINT('',(10.0136255808093,21.5788997008344,3.08552399730101));
#7778=CARTESIAN_POINT('',(10.0112384484789,21.5790892267339,3.08545501551497));
#7779=CARTESIAN_POINT('',(10.008850581739,21.579270369858,3.08538908480966));
#7780=CARTESIAN_POINT('',(10.0086208624374,21.6230705428952,3.06944712556841));
#7781=CARTESIAN_POINT('',(10.0074125714263,21.6230403929076,3.06945809926648));
#7782=CARTESIAN_POINT('',(10.006204335963,21.6230081151802,3.06946984739846));
#7783=CARTESIAN_POINT('',(10.0064631085643,21.5794485843212,3.08532422004976));
#7784=CARTESIAN_POINT('',(10.0052693719769,21.5795376915528,3.0852917876698));
#7785=CARTESIAN_POINT('',(10.0040757901648,21.5796263492235,3.08525951891663));
#7786=CARTESIAN_POINT('',(10.0049961655026,21.6229737136174,3.06948236854333));
#7787=CARTESIAN_POINT('',(10.0037879950421,21.6229393120546,3.06949488968821));
#7788=CARTESIAN_POINT('',(10.0025798895844,21.6229027866564,3.06950818384597));
#7789=CARTESIAN_POINT('',(10.0028826089881,21.5797157256493,3.08522698855797));
#7790=CARTESIAN_POINT('',(10.0016894278113,21.5798051020752,3.08519445819931));
#7791=CARTESIAN_POINT('',(10.0004966325959,21.5798951461152,3.08516168484898));
#7792=CARTESIAN_POINT('',(10.0013718585844,21.6228641413269,3.06952224959559));
#7793=CARTESIAN_POINT('',(9.99895579658448,21.622786850668,3.06955038109483));
#7794=CARTESIAN_POINT('',(9.99654003241532,21.6227010802842,3.06958159896149));
#7795=CARTESIAN_POINT('',(9.99930402773896,21.5799848980727,3.08512901780799));
#7796=CARTESIAN_POINT('',(9.99691881802511,21.5801644019876,3.08506368372601));
#7797=CARTESIAN_POINT('',(9.99453461188767,21.5803437899589,3.08499839184408));
#7798=CARTESIAN_POINT('',(9.99412464171623,21.6226068614097,3.06961589182734));
#7799=CARTESIAN_POINT('',(9.98929386031806,21.6224184236606,3.06968447755902));
#7800=CARTESIAN_POINT('',(9.98446457280021,21.6221961919482,3.06976536328741));
#7801=CARTESIAN_POINT('',(9.99215151489591,21.5805230418797,3.08493314948049));
#7802=CARTESIAN_POINT('',(9.98738532091238,21.5808815457212,3.08480266475329));
#7803=CARTESIAN_POINT('',(9.98262341172766,21.5812395869909,3.08467234838847));
#7804=CARTESIAN_POINT('',(9.97963738427698,21.6219404161449,3.06985845806649));
#7805=CARTESIAN_POINT('',(9.97722379001536,21.6218125282432,3.06990500545603));
#7806=CARTESIAN_POINT('',(9.97481064294694,21.6216762196617,3.06995461772235));
#7807=CARTESIAN_POINT('',(9.97786636736234,21.5815971328536,3.08454221233709));
#7808=CARTESIAN_POINT('',(9.97548784517968,21.5817759057849,3.08447714431139));
#7809=CARTESIAN_POINT('',(9.97311064718985,21.5819549692423,3.08441197054286));
#7810=CARTESIAN_POINT('',(9.97239808295306,21.6215315600805,3.07000726950402));
#7811=CARTESIAN_POINT('',(9.97119180295612,21.6214592302899,3.07003359539486));
#7812=CARTESIAN_POINT('',(9.9699857358693,21.6213842880379,3.07006087214386));
#7813=CARTESIAN_POINT('',(9.97073412515351,21.5821317165911,3.08434763976889));
#7814=CARTESIAN_POINT('',(9.96954586413534,21.5822200902656,3.08431547438191));
#7815=CARTESIAN_POINT('',(9.96835795554842,21.582308166519,3.0842834172473));
#7816=CARTESIAN_POINT('',(9.96877968180467,21.6213086548405,3.07008840037643));
#7817=CARTESIAN_POINT('',(9.96757362774004,21.6212330216432,3.07011592860899));
#7818=CARTESIAN_POINT('',(9.96636756929685,21.6211567888711,3.0701436750689));
#7819=CARTESIAN_POINT('',(9.96717055071155,21.5823978521348,3.08425077435274));
#7820=CARTESIAN_POINT('',(9.96598314587467,21.5824875377505,3.08421813145818));
#7821=CARTESIAN_POINT('',(9.96479623608747,21.5825788784138,3.08418488617555));
#7822=CARTESIAN_POINT('',(9.96516174413991,21.6210776353166,3.07017248460666));
#7823=CARTESIAN_POINT('',(9.96395591898297,21.6209984817622,3.07020129414442));
#7824=CARTESIAN_POINT('',(9.96275032711228,21.6209164074253,3.07023116676003));
#7825=CARTESIAN_POINT('',(9.96361019144508,21.5826716595461,3.08415111660508));
#7826=CARTESIAN_POINT('',(9.9624241468027,21.5827644406784,3.08411734703461));
#7827=CARTESIAN_POINT('',(9.96123872576673,21.5828577757045,3.08408337586333));
#7828=CARTESIAN_POINT('',(9.96154520619264,21.6208290910984,3.070262947304));
#7829=CARTESIAN_POINT('',(9.96034008527301,21.6207417747715,3.07029472784797));
#7830=CARTESIAN_POINT('',(9.95913548919259,21.6206486582122,3.07032861950387));
#7831=CARTESIAN_POINT('',(9.96005406280285,21.5829504918586,3.08404962994298));
#7832=CARTESIAN_POINT('',(9.95886939983895,21.5830432080128,3.08401588402263));
#7833=CARTESIAN_POINT('',(9.95768552189123,21.5831350261739,3.083982464945));
#7834=CARTESIAN_POINT('',(9.95793095735613,21.6205533244002,3.07036331817375));
#7835=CARTESIAN_POINT('',(9.95552189368321,21.6203626567763,3.07043271551349));
#7836=CARTESIAN_POINT('',(9.95311382156352,21.6201580713394,3.07050717852287));
#7837=CARTESIAN_POINT('',(9.9565022142953,21.5832277256703,3.08394872508759));
#7838=CARTESIAN_POINT('',(9.95413559910344,21.5834131246631,3.08388124537276));
#7839=CARTESIAN_POINT('',(9.95177163260748,21.5835995245955,3.0838134013457));
#7840=CARTESIAN_POINT('',(9.95070971050752,21.6199217727906,3.07059318416105));
#7841=CARTESIAN_POINT('',(9.94830559945152,21.6196854742417,3.07067918979923));
#7842=CARTESIAN_POINT('',(9.94590491395296,21.6194157748527,3.07077735234903));
#7843=CARTESIAN_POINT('',(9.94941192462878,21.5837779305246,3.08374846689787));
#7844=CARTESIAN_POINT('',(9.94705221665007,21.5839563364538,3.08368353245004));
#7845=CARTESIAN_POINT('',(9.94469675920725,21.5841262763209,3.08362167939681));
#7846=CARTESIAN_POINT('',(9.94350631045015,21.6191313329349,3.07088088074049));
#7847=CARTESIAN_POINT('',(9.94230700869874,21.618989111976,3.07093264493622));
#7848=CARTESIAN_POINT('',(9.94110839055055,21.6188430057353,3.0709858232589));
#7849=CARTESIAN_POINT('',(9.94234391998614,21.5842945561175,3.08356043055982));
#7850=CARTESIAN_POINT('',(9.94116750037559,21.5843786960158,3.08352980614132));
#7851=CARTESIAN_POINT('',(9.93999200806973,21.5844628268506,3.08349918502166));
#7852=CARTESIAN_POINT('',(9.93990974872336,21.6186962559063,3.07103923582852));
#7853=CARTESIAN_POINT('',(9.93871110689617,21.6185495060774,3.07109264839813));
#7854=CARTESIAN_POINT('',(9.93751246644079,21.618401493745,3.07114652048141));
#7855=CARTESIAN_POINT('',(9.93881740258004,21.5845494026019,3.08346767402519));
#7856=CARTESIAN_POINT('',(9.93764279709035,21.5846359783532,3.08343616302871));
#7857=CARTESIAN_POINT('',(9.93646909094224,21.5847246895633,3.08340387478877));
#7858=CARTESIAN_POINT('',(9.93631468453322,21.6182479652712,3.07120240027601));
#7859=CARTESIAN_POINT('',(9.93511690262565,21.6180944367973,3.07125828007061));
#7860=CARTESIAN_POINT('',(9.93391997926588,21.6179353921819,3.07131616757653));
#7861=CARTESIAN_POINT('',(9.93529702587629,21.5848142425463,3.08337128016855));
#7862=CARTESIAN_POINT('',(9.93412496081034,21.5849037955294,3.08333868554833));
#7863=CARTESIAN_POINT('',(9.93295388197109,21.5849926918863,3.0833063299205));
#7864=CARTESIAN_POINT('',(9.93272477162992,21.6177665777869,3.07137761099143));
#7865=CARTESIAN_POINT('',(9.93152956399395,21.6175977633919,3.07143905440633));
#7866=CARTESIAN_POINT('',(9.93033634994615,21.6174178500754,3.07150453749827));
#7867=CARTESIAN_POINT('',(9.93178467743218,21.5850797194192,3.08327465448894));
#7868=CARTESIAN_POINT('',(9.93061547289326,21.5851667469522,3.08324297905739));
#7869=CARTESIAN_POINT('',(9.92944828158686,21.5852512410903,3.08321222570614));
#7870=CARTESIAN_POINT('',(9.92914340983289,21.6172334972269,3.07157163644775));
#7871=CARTESIAN_POINT('',(9.92795046971962,21.6170491443783,3.07163873539723));
#7872=CARTESIAN_POINT('',(9.92675842148158,21.6168582464606,3.07170821655707));
#7873=CARTESIAN_POINT('',(9.9282827031718,21.5853374461495,3.08318084963053));
#7874=CARTESIAN_POINT('',(9.92711712475674,21.5854236512088,3.08314947355491));
#7875=CARTESIAN_POINT('',(9.92595384843237,21.5855112311884,3.08311759704921));
#7876=CARTESIAN_POINT('',(9.92556852522856,21.6166570796834,3.07178143527609));
#7877=CARTESIAN_POINT('',(9.92437862897555,21.6164559129062,3.07185465399511));
#7878=CARTESIAN_POINT('',(9.92319088470757,21.6162444772695,3.07193161027331));
#7879=CARTESIAN_POINT('',(9.92479233841595,21.5855961820895,3.08308667744983));
#7880=CARTESIAN_POINT('',(9.92363082839953,21.5856811329906,3.08305575785046));
#7881=CARTESIAN_POINT('',(9.92247123174034,21.5857637102469,3.08302570218715));
#7882=CARTESIAN_POINT('',(9.92200655253443,21.6160190489832,3.0720136594595));
#7883=CARTESIAN_POINT('',(9.92082222036129,21.6157936206968,3.0720957086457));
#7884=CARTESIAN_POINT('',(9.91963935879036,21.615558768447,3.07218118787408));
#7885=CARTESIAN_POINT('',(9.92131512188333,21.5858437447575,3.08299657200757));
#7886=CARTESIAN_POINT('',(9.92015901202632,21.5859237792681,3.082967441828));
#7887=CARTESIAN_POINT('',(9.91900541822517,21.5860035553762,3.08293840569926));
#7888=CARTESIAN_POINT('',(9.91845784282487,21.6153153694688,3.0722697778572));
#7889=CARTESIAN_POINT('',(9.91786708484212,21.6151936699797,3.07231407284876));
#7890=CARTESIAN_POINT('',(9.91727689183972,21.6150692853912,3.07235934513658));
#7891=CARTESIAN_POINT('',(9.91785522137154,21.5860852044934,3.08290868785092));
#7892=CARTESIAN_POINT('',(9.91728012294473,21.5861260290521,3.08289382892675));
#7893=CARTESIAN_POINT('',(9.9167062246201,21.5861674233076,3.08287876264988));
#7894=CARTESIAN_POINT('',(9.91668762394258,21.6149414234911,3.07240588306231));
#7895=CARTESIAN_POINT('',(9.91609835604543,21.614813561591,3.07245242098804));
#7896=CARTESIAN_POINT('',(9.91551001325354,21.6146822223793,3.07250022455168));
#7897=CARTESIAN_POINT('',(9.91613295917996,21.5862078296943,3.08286405592783));
#7898=CARTESIAN_POINT('',(9.91555969373983,21.5862482360811,3.08284934920577));
#7899=CARTESIAN_POINT('',(9.91498696444117,21.5862874947818,3.08283506020727));
#7900=CARTESIAN_POINT('',(9.91492295569181,21.6145466136439,3.07254958209489));
#7901=CARTESIAN_POINT('',(9.91433589813008,21.6144110049084,3.0725989396381));
#7902=CARTESIAN_POINT('',(9.91375012579851,21.6142711266492,3.07264985116087));
#7903=CARTESIAN_POINT('',(9.91441525275322,21.5863256598022,3.08282116927587));
#7904=CARTESIAN_POINT('',(9.91384354106527,21.5863638248225,3.08280727834448));
#7905=CARTESIAN_POINT('',(9.91327284698803,21.5864008961625,3.08279378548018));
#7906=CARTESIAN_POINT('',(9.91316599882201,21.6141261866541,3.07270260500487));
#7907=CARTESIAN_POINT('',(9.91258187184551,21.6139812466589,3.07275535884886));
#7908=CARTESIAN_POINT('',(9.91200002064847,21.6138301861618,3.07281034037338));
#7909=CARTESIAN_POINT('',(9.91270365199072,21.5864369278277,3.08278067102655));
#7910=CARTESIAN_POINT('',(9.91213445699341,21.5864729594929,3.08276755657292));
#7911=CARTESIAN_POINT('',(9.91156707628824,21.5865074221004,3.08275501320959));
#7912=CARTESIAN_POINT('',(9.91141867612106,21.6136757872967,3.07286653696448));
#7913=CARTESIAN_POINT('',(9.91025598706624,21.6133669895665,3.07297893014669));
#7914=CARTESIAN_POINT('',(9.90909195336318,21.6130506304316,3.07309407545514));
#7915=CARTESIAN_POINT('',(9.91100092672707,21.5865421568289,3.08274237080234));
#7916=CARTESIAN_POINT('',(9.90986862760471,21.5866116262858,3.08271708598782));
#7917=CARTESIAN_POINT('',(9.90873956739495,21.5866850802603,3.08269035092754));
#7918=CARTESIAN_POINT('',(9.90793408268307,21.6127157186394,3.07321597337859));
#7919=CARTESIAN_POINT('',(9.90735514734301,21.6125482627433,3.07327692234032));
#7920=CARTESIAN_POINT('',(9.90677775275869,21.6123761686829,3.07333955945579));
#7921=CARTESIAN_POINT('',(9.9076199111876,21.5867606240199,3.08266285524766));
#7922=CARTESIAN_POINT('',(9.90706008308392,21.5867983958997,3.08264910740773));
#7923=CARTESIAN_POINT('',(9.90650247008252,21.5868365749359,3.08263521137498));
#7924=CARTESIAN_POINT('',(9.906202837389,21.6121980625517,3.07340438478611));
#7925=CARTESIAN_POINT('',(9.90562792201932,21.6120199564204,3.07346921011642));
#7926=CARTESIAN_POINT('',(9.90505548586426,21.6118358382183,3.07353622366158));
#7927=CARTESIAN_POINT('',(9.90594615176947,21.5868728807967,3.08262199712228));
#7928=CARTESIAN_POINT('',(9.90538983345641,21.5869091866576,3.08260878286959));
#7929=CARTESIAN_POINT('',(9.90483529872183,21.5869441426374,3.08259605993343));
#7930=CARTESIAN_POINT('',(9.90448646738274,21.6116443340388,3.07360592548268));
#7931=CARTESIAN_POINT('',(9.90391744890121,21.6114528298592,3.07367562730377));
#7932=CARTESIAN_POINT('',(9.90335184809322,21.6112539397022,3.0737480174008));
#7933=CARTESIAN_POINT('',(9.90428348242946,21.5869774596202,3.08258393354342));
#7934=CARTESIAN_POINT('',(9.9037316661371,21.5870107766029,3.0825718071534));
#7935=CARTESIAN_POINT('',(9.90318256828695,21.5870424545886,3.08256027730953));
#7936=CARTESIAN_POINT('',(9.90279060341765,21.6110462896613,3.07382359583486));
#7937=CARTESIAN_POINT('',(9.90222935874208,21.6108386396203,3.07389917426891));
#7938=CARTESIAN_POINT('',(9.90167393792402,21.6106206406962,3.07397851938837));
#7939=CARTESIAN_POINT('',(9.90263712374279,21.5870722044612,3.08254944924143));
#7940=CARTESIAN_POINT('',(9.90209167919862,21.5871019543338,3.08253862117333));
#7941=CARTESIAN_POINT('',(9.90155062182297,21.5871289815938,3.08252878405518));
#7942=CARTESIAN_POINT('',(9.90111696158958,21.610399755841,3.07405891490088));
#7943=CARTESIAN_POINT('',(9.90000300892072,21.6099579861305,3.0742197059259));
#7944=CARTESIAN_POINT('',(9.89888870523927,21.6094991204368,3.07438671937992));
#7945=CARTESIAN_POINT('',(9.9010107275632,21.5871574155544,3.08251843493987));
#7946=CARTESIAN_POINT('',(9.89993093904367,21.5872142834757,3.08249773670926));
#7947=CARTESIAN_POINT('',(9.89885873851412,21.5872740020701,3.08247600091844));
#7948=CARTESIAN_POINT('',(9.89778993367251,21.6090100918183,3.07456471124075));
#7949=CARTESIAN_POINT('',(9.89669116210576,21.6085210631999,3.07474270310158));
#7950=CARTESIAN_POINT('',(9.8956079226537,21.6080018716566,3.07493167336923));
#7951=CARTESIAN_POINT('',(9.89780579261265,21.5873332205653,3.08245444714889));
#7952=CARTESIAN_POINT('',(9.89675284671119,21.5873924390604,3.08243289337933));
#7953=CARTESIAN_POINT('',(9.8957074518906,21.5874432008644,3.08241441759365));
#7954=CARTESIAN_POINT('',(9.89455609844363,21.6074394502468,3.07513637802149));
#7955=CARTESIAN_POINT('',(9.8940301863386,21.6071582395419,3.07523873034763));
#7956=CARTESIAN_POINT('',(9.89351212804406,21.6068662213704,3.07534501626991));
#7957=CARTESIAN_POINT('',(9.89468432556463,21.5874830136754,3.08239992691549));
#7958=CARTESIAN_POINT('',(9.89417276240165,21.587502920081,3.08239268157641));
#7959=CARTESIAN_POINT('',(9.89366696757436,21.5875202263601,3.08238638260592));
#7960=CARTESIAN_POINT('',(9.89300390895092,21.6065617623646,3.07545583028558));
#7961=CARTESIAN_POINT('',(9.89274979940436,21.6064095328617,3.07551123729341));
#7962=CARTESIAN_POINT('',(9.89249814965814,21.6062541931503,3.07556777632459));
#7963=CARTESIAN_POINT('',(9.89316908761414,21.587534830093,3.08238106728186));
#7964=CARTESIAN_POINT('',(9.89292014763403,21.5875421319594,3.08237840961983));
#7965=CARTESIAN_POINT('',(9.89267318637069,21.5875487581893,3.0823759978694));
#7966=CARTESIAN_POINT('',(9.89224920788615,21.6060955390592,3.07562552169127));
#7967=CARTESIAN_POINT('',(9.89200026611415,21.6059368849682,3.07568326705794));
#7968=CARTESIAN_POINT('',(9.8917544784118,21.6057746366038,3.07574232063314));
#7969=CARTESIAN_POINT('',(9.89242847214053,21.58755469598,3.08237383669031));
#7970=CARTESIAN_POINT('',(9.89218375791038,21.5875606337708,3.08237167551121));
#7971=CARTESIAN_POINT('',(9.89194151376113,21.5875657431755,3.08236981583996));
#7972=CARTESIAN_POINT('',(9.89150769941577,21.6056112193621,3.07580179964489));
#7973=CARTESIAN_POINT('',(9.89052058343165,21.6049575503953,3.07603971569188));
#7974=CARTESIAN_POINT('',(9.88953466151472,21.6042756359723,3.07628791224414));
#7975=CARTESIAN_POINT('',(9.89169981124061,21.5875713261753,3.08236778379422));
#7976=CARTESIAN_POINT('',(9.89073300115853,21.5875936581744,3.08235965561127));
#7977=CARTESIAN_POINT('',(9.88978338451917,21.5876187959843,3.08235050619671));
#7978=CARTESIAN_POINT('',(9.88860847408563,21.6035383839581,3.07655625003248));
#7979=CARTESIAN_POINT('',(9.88837692722835,21.6033540709546,3.07662333447956));
#7980=CARTESIAN_POINT('',(9.88814911377657,21.6031662993516,3.0766916777539));
#7981=CARTESIAN_POINT('',(9.88888946222016,21.5876389076484,3.08234318614964));
#7982=CARTESIAN_POINT('',(9.88866598164541,21.5876439355644,3.08234135613788));
#7983=CARTESIAN_POINT('',(9.88844652300906,21.5876488686893,3.08233956062725));
#7984=CARTESIAN_POINT('',(9.88792594842435,21.6029746458345,3.07676143392941));
#7985=CARTESIAN_POINT('',(9.88770278307213,21.6027829923174,3.07683119010492));
#7986=CARTESIAN_POINT('',(9.88748426581947,21.6025874568862,3.0769023591816));
#7987=CARTESIAN_POINT('',(9.88822925136609,21.5876526039955,3.08233820108696));
#7988=CARTESIAN_POINT('',(9.88801197972312,21.5876563393018,3.08233684154666));
#7989=CARTESIAN_POINT('',(9.88779714339399,21.5876589607656,3.08233588741187));
#7990=CARTESIAN_POINT('',(9.88727131136045,21.6023876162264,3.07697509523337));
#7991=CARTESIAN_POINT('',(9.88705835690142,21.6021877755666,3.07704783128515));
#7992=CARTESIAN_POINT('',(9.88685214485677,21.6019835516822,3.07712216270018));
#7993=CARTESIAN_POINT('',(9.88758567852532,21.5876603876151,3.08233536808113));
#7994=CARTESIAN_POINT('',(9.88737421365664,21.5876618144645,3.0823348487504));
#7995=CARTESIAN_POINT('',(9.88716671005878,21.5876620077018,3.08233477841779));
#7996=CARTESIAN_POINT('',(9.88664941543682,21.6017747887836,3.07719814618131));
#7997=CARTESIAN_POINT('',(9.88644668601688,21.6015660258849,3.07727412966245));
#7998=CARTESIAN_POINT('',(9.88624653827426,21.6013528748489,3.07735171029495));
#7999=CARTESIAN_POINT('',(9.88696201663647,21.5876610203174,3.08233513779632));
#8000=CARTESIAN_POINT('',(9.88675732321417,21.587660032933,3.08233549717485));
#8001=CARTESIAN_POINT('',(9.88655498949372,21.5876579403654,3.08233625880715));
#8002=CARTESIAN_POINT('',(9.88604978722281,21.6011357832644,3.07743072516983));
#8003=CARTESIAN_POINT('',(9.88526278301698,21.6002674169262,3.07774678466937));
#8004=CARTESIAN_POINT('',(9.88453012586965,21.5993360018112,3.07808579204697));
#8005=CARTESIAN_POINT('',(9.88635590178161,21.5876550972946,3.08233729360031));
#8006=CARTESIAN_POINT('',(9.88555955093317,21.5876437250113,3.08234143277295));
#8007=CARTESIAN_POINT('',(9.88481520662936,21.5876203355954,3.08234994582412));
#8008=CARTESIAN_POINT('',(9.88390397666549,21.598370183601,3.07843732112718));
#8009=CARTESIAN_POINT('',(9.88382570801497,21.5982494563248,3.0784812622622));
#8010=CARTESIAN_POINT('',(9.88374910355106,21.5981281915001,3.07852539904883));
#8011=CARTESIAN_POINT('',(9.88417938112764,21.587607655814,3.08235456088713));
#8012=CARTESIAN_POINT('',(9.88409990293992,21.5876060708413,3.08235513777001));
#8013=CARTESIAN_POINT('',(9.88402164956667,21.5876047136685,3.0823556317405));
#8014=CARTESIAN_POINT('',(9.88367426515049,21.5980064450757,3.07856971112344));
#8015=CARTESIAN_POINT('',(9.88359942674992,21.5978846986513,3.07861402319805));
#8016=CARTESIAN_POINT('',(9.88352650784912,21.5977640433327,3.07865793814265));
#8017=CARTESIAN_POINT('',(9.88394471595668,21.5876035771935,3.08235604538357));
#8018=CARTESIAN_POINT('',(9.88386778234668,21.5876024407185,3.08235645902664));
#8019=CARTESIAN_POINT('',(9.88379224521815,21.587602311294,3.0823565061333));
#8020=CARTESIAN_POINT('',(9.88345488897511,21.5976369624076,3.07870419181674));
#8021=CARTESIAN_POINT('',(9.88331165122709,21.5973828005573,3.0787966991649));
#8022=CARTESIAN_POINT('',(9.88317385849925,21.597106749704,3.07889717345866));
#8023=CARTESIAN_POINT('',(9.88371783884503,21.5875993954875,3.08235756740009));
#8024=CARTESIAN_POINT('',(9.88356902609877,21.5875935638744,3.08235968993367));
#8025=CARTESIAN_POINT('',(9.88342485883063,21.5875784934445,3.08236517512159));
#8026=CARTESIAN_POINT('',(9.88304158153349,21.5968150495715,3.07900334362421));
#8027=CARTESIAN_POINT('',(9.88277702760198,21.5962316493066,3.0792156839553));
#8028=CARTESIAN_POINT('',(9.88253453671878,21.5955856519253,3.07945080777352));
#8029=CARTESIAN_POINT('',(9.88328572449494,21.587557023448,3.08237298956125));
#8030=CARTESIAN_POINT('',(9.88300745582356,21.5875140834549,3.08238861844058));
#8031=CARTESIAN_POINT('',(9.88274931888197,21.5874455451955,3.0824135643269));
#8032=CARTESIAN_POINT('',(9.88231467481909,21.5949269752198,3.07969054648834));
#8033=CARTESIAN_POINT('',(9.88209481291941,21.5942682985143,3.07993028520315));
#8034=CARTESIAN_POINT('',(9.88189758000323,21.5935969424846,3.08017463881455));
#8035=CARTESIAN_POINT('',(9.88251441330484,21.5873741226722,3.08243955999944));
#8036=CARTESIAN_POINT('',(9.8822795077277,21.5873027001489,3.08246555567199));
#8037=CARTESIAN_POINT('',(9.88206783351502,21.5872283933616,3.08249260113077));
#8038=CARTESIAN_POINT('',(9.88172354200574,21.592962824923,3.080405438732));
#8039=CARTESIAN_POINT('',(9.881636523007,21.5926457661422,3.08052083869072));
#8040=CARTESIAN_POINT('',(9.88155530273794,21.5923380169784,3.08063285022596));
#8041=CARTESIAN_POINT('',(9.88188249030146,21.5871739163127,3.08251242915501));
#8042=CARTESIAN_POINT('',(9.88178981869467,21.5871466777883,3.08252234316714));
#8043=CARTESIAN_POINT('',(9.88170457608166,21.5871326586276,3.08252744572434));
#8044=CARTESIAN_POINT('',(9.88147995194044,21.5920458171557,3.08073920226389));
#8045=CARTESIAN_POINT('',(9.88140460114295,21.5917536173329,3.08084555430182));
#8046=CARTESIAN_POINT('',(9.88133511981703,21.5914769668513,3.08094624684244));
#8047=CARTESIAN_POINT('',(9.8816266345544,21.5871356078094,3.08252637230993));
#8048=CARTESIAN_POINT('',(9.88154869302713,21.5871385569913,3.08252529889551));
#8049=CARTESIAN_POINT('',(9.88147793462786,21.5871572980229,3.08251847771785));
#8050=CARTESIAN_POINT('',(9.88127157870458,21.5912221054347,3.08103900881195));
#8051=CARTESIAN_POINT('',(9.88114449647968,21.5907123826015,3.08122453275095));
#8052=CARTESIAN_POINT('',(9.88104117510866,21.5902898160286,3.08137833440546));
#8053=CARTESIAN_POINT('',(9.88141386585501,21.5871919327623,3.08250587170365));
#8054=CARTESIAN_POINT('',(9.88128572830929,21.587261202241,3.08248065967525));
#8055=CARTESIAN_POINT('',(9.88118434926927,21.5873940465508,3.08243230830069));
#8056=CARTESIAN_POINT('',(9.88096218052672,21.5900043235084,3.08148224518494));
#8057=CARTESIAN_POINT('',(9.88092268323575,21.5898615772483,3.08153420057468));
#8058=CARTESIAN_POINT('',(9.88088836486351,21.5897499897829,3.08157481509059));
#8059=CARTESIAN_POINT('',(9.88110578072242,21.5875912805559,3.08236052099363));
#8060=CARTESIAN_POINT('',(9.88106649644899,21.5876898975585,3.08232462734011));
#8061=CARTESIAN_POINT('',(9.88103246340959,21.5878030571257,3.08228344062592));
#8062=CARTESIAN_POINT('',(9.88086306835496,21.5896896474295,3.08159677791109));
#8063=CARTESIAN_POINT('',(9.8808377718464,21.5896293050761,3.0816187407316));
#8064=CARTESIAN_POINT('',(9.88082112045861,21.5896158797166,3.08162362716282));
#8065=CARTESIAN_POINT('',(9.88100507420418,21.5879377844121,3.08223440390391));
#8066=CARTESIAN_POINT('',(9.88097768499877,21.5880725116986,3.08218536718191));
#8067=CARTESIAN_POINT('',(9.88095675125589,21.5882266426453,3.08212926810513));
#8068=CARTESIAN_POINT('',(9.88081119870303,21.589629106248,3.08161881309909));
#8069=CARTESIAN_POINT('',(9.88077151168066,21.5896820123736,3.08159955684418));
#8070=CARTESIAN_POINT('',(9.88083949877348,21.5901613487524,3.08142509267009));
#8071=CARTESIAN_POINT('',(9.88089256871331,21.589770148783,3.0815674778146));
#8072=CARTESIAN_POINT('',(9.88094078635874,21.5883870266967,3.08207089308437));
#8073=CARTESIAN_POINT('',(9.88087692677015,21.5890285629023,3.08183739300133));
#8074=CARTESIAN_POINT('',(9.88089256871331,21.589770148783,3.0815674778146));
#8075=CARTESIAN_POINT('',(9.88089256871331,21.589770148783,3.0815674778146));
#8076=B_SPLINE_SURFACE_WITH_KNOTS('Surf_YQAQDGAXIA, MainWing, 0, 22, upper',1,3,((#8077, #8078, #8079, #8083, #8084, #8085, #8089, #8090, #8091, #8095, #8096, #8097, #8101, #8102, #8103, #8107, #8108, #8109, #8113, #8114, #8115, #8119, #8120, #8121, #8125, #8126, #8127, #8131, #8132, #8133, #8137, #8138, #8139, #8143, #8144, #8145, #8149, #8150, #8151, #8155, #8156, #8157, #8161, #8162, #8163, #8167, #8168, #8169, #8173, #8174, #8175, #8179, #8180, #8181, #8185, #8186, #8187, #8191, #8192, #8193, #8197, #8198, #8199, #8203, #8204, #8205, #8209, #8210, #8211, #8215, #8216, #8217, #8221, #8222, #8223, #8227, #8228, #8229, #8233, #8234, #8235, #8239, #8240, #8241, #8245, #8246, #8247, #8251, #8252, #8253, #8257, #8258, #8259, #8263, #8264, #8265, #8269, #8270, #8271, #8275, #8276, #8277, #8281, #8282, #8283, #8287, #8288, #8289, #8293, #8294, #8295, #8299, #8300, #8301, #8305, #8306, #8307, #8311, #8312, #8313, #8317, #8318, #8319, #8323, #8324, #8325, #8329, #8330, #8331, #8335, #8336, #8337, #8341, #8342, #8343, #8347, #8348, #8349, #8353, #8354, #8355, #8359, #8360, #8361, #8365, #8366, #8367, #8371, #8372, #8373, #8377, #8378, #8379, #8383, #8384, #8385, #8389, #8390, #8391, #8395, #8396, #8397, #8401, #8402, #8403, #8407, #8408, #8409, #8413, #8414, #8415, #8419, #8420, #8421, #8425, #8426, #8427, #8431, #8432, #8433, #8437, #8438, #8439, #8443, #8444, #8445, #8449, #8450, #8451, #8455, #8456, #8457, #8461, #8462, #8463, #8467, #8468, #8469, #8473, #8474, #8475, #8479, #8480, #8481, #8485, #8486, #8487, #8491, #8492, #8493, #8497, #8498, #8499, #8503, #8504, #8505, #8509, #8510, #8511, #8515, #8516, #8517, #8521, #8522, #8523, #8527, #8528, #8529, #8533, #8534, #8535, #8539, #8540, #8541, #8545, #8546, #8547, #8551, #8552, #8553, #8557, #8558, #8559, #8563, #8564, #8565, #8569, #8570, #8571, #8575, #8576, #8577, #8581, #8582, #8583, #8587, #8588, #8589, #8593, #8594, #8595, #8599, #8600, #8601, #8605, #8606, #8607, #8611, #8612, #8613, #8617, #8618, #8619, #8623, #8624, #8625, #8629, #8630, #8631, #8635, #8636, #8637, #8641, #8642, #8643, #8647, #8648, #8649, #8653, #8654, #8655, #8659, #8660, #8661, #8665, #8666, #8667, #8671, #8672, #8673, #8677, #8678, #8679, #8683, #8684, #8685, #8689, #8690, #8691, #8695, #8696, #8697, #8701, #8702, #8703, #8707, #8708, #8709, #8713, #8714, #8715, #8719, #8720, #8721, #8725, #8726, #8727, #8731, #8732, #8733, #8737, #8738, #8739, #8743, #8744, #8745, #8749, #8750, #8751, #8755, #8756, #8757, #8761, #8762, #8763, #8767, #8768, #8769, #8773, #8774, #8775, #8779, #8780, #8781, #8785, #8786, #8787, #8791, #8792, #8793, #8797, #8798, #8799, #8803, #8804, #8805, #8809, #8810, #8811, #8815, #8816, #8817, #8821, #8822, #8823, #8827, #8828, #8829, #8833, #8834, #8835, #8839, #8840, #8841, #8845, #8846, #8847, #8851, #8852, #8853, #8857, #8858, #8859, #8863, #8864, #8865, #8869, #8870, #8871, #8875, #8876, #8877, #8881, #8882, #8883, #8887, #8888, #8889, #8893, #8894, #8895, #8899, #8900, #8901, #8905, #8906, #8907, #8911, #8912, #8913, #8917, #8918, #8919, #8923, #8924, #8925, #8929, #8930, #8931, #8935, #8936, #8937, #8941, #8942, #8943, #8947, #8948, #8949, #8953, #8954, #8955, #8959, #8960, #8961, #8965, #8966, #8967, #8971, #8972, #8973, #8977, #8978, #8979, #8983, #8984, #8985, #8989, #8990, #8991, #8995, #8996, #8997, #9001, #9002, #9003, #9007, #9008, #9009, #9013, #9014, #9015, #9019, #9020, #9021, #9025, #9026, #9027, #9031, #9032, #9033, #9037, #9038, #9039, #9043, #9044, #9045, #9049, #9050, #9051, #9055, #9056, #9057, #9061, #9062, #9063, #9067, #9068, #9069, #9073, #9074, #9075, #9079, #9080, #9081, #9085, #9086, #9087, #9091, #9092, #9093, #9097, #9098, #9099, #9103, #9104, #9105, #9109, #9110, #9111, #9115, #9116, #9117, #9121, #9122, #9123, #9127, #9128, #9129, #9133, #9134, #9135, #9139, #9140, #9141, #9145, #9146, #9147, #9151, #9152, #9153, #9157, #9158, #9159, #9163, #9164, #9165, #9169, #9170, #9171, #9175, #9176, #9177, #9181, #9182, #9183, #9187, #9188, #9189, #9193, #9194, #9195, #9199, #9200, #9201, #9205, #9206, #9207, #9211, #9212, #9213, #9214),(#8080, #8081, #8082, #8086, #8087, #8088, #8092, #8093, #8094, #8098, #8099, #8100, #8104, #8105, #8106, #8110, #8111, #8112, #8116, #8117, #8118, #8122, #8123, #8124, #8128, #8129, #8130, #8134, #8135, #8136, #8140, #8141, #8142, #8146, #8147, #8148, #8152, #8153, #8154, #8158, #8159, #8160, #8164, #8165, #8166, #8170, #8171, #8172, #8176, #8177, #8178, #8182, #8183, #8184, #8188, #8189, #8190, #8194, #8195, #8196, #8200, #8201, #8202, #8206, #8207, #8208, #8212, #8213, #8214, #8218, #8219, #8220, #8224, #8225, #8226, #8230, #8231, #8232, #8236, #8237, #8238, #8242, #8243, #8244, #8248, #8249, #8250, #8254, #8255, #8256, #8260, #8261, #8262, #8266, #8267, #8268, #8272, #8273, #8274, #8278, #8279, #8280, #8284, #8285, #8286, #8290, #8291, #8292, #8296, #8297, #8298, #8302, #8303, #8304, #8308, #8309, #8310, #8314, #8315, #8316, #8320, #8321, #8322, #8326, #8327, #8328, #8332, #8333, #8334, #8338, #8339, #8340, #8344, #8345, #8346, #8350, #8351, #8352, #8356, #8357, #8358, #8362, #8363, #8364, #8368, #8369, #8370, #8374, #8375, #8376, #8380, #8381, #8382, #8386, #8387, #8388, #8392, #8393, #8394, #8398, #8399, #8400, #8404, #8405, #8406, #8410, #8411, #8412, #8416, #8417, #8418, #8422, #8423, #8424, #8428, #8429, #8430, #8434, #8435, #8436, #8440, #8441, #8442, #8446, #8447, #8448, #8452, #8453, #8454, #8458, #8459, #8460, #8464, #8465, #8466, #8470, #8471, #8472, #8476, #8477, #8478, #8482, #8483, #8484, #8488, #8489, #8490, #8494, #8495, #8496, #8500, #8501, #8502, #8506, #8507, #8508, #8512, #8513, #8514, #8518, #8519, #8520, #8524, #8525, #8526, #8530, #8531, #8532, #8536, #8537, #8538, #8542, #8543, #8544, #8548, #8549, #8550, #8554, #8555, #8556, #8560, #8561, #8562, #8566, #8567, #8568, #8572, #8573, #8574, #8578, #8579, #8580, #8584, #8585, #8586, #8590, #8591, #8592, #8596, #8597, #8598, #8602, #8603, #8604, #8608, #8609, #8610, #8614, #8615, #8616, #8620, #8621, #8622, #8626, #8627, #8628, #8632, #8633, #8634, #8638, #8639, #8640, #8644, #8645, #8646, #8650, #8651, #8652, #8656, #8657, #8658, #8662, #8663, #8664, #8668, #8669, #8670, #8674, #8675, #8676, #8680, #8681, #8682, #8686, #8687, #8688, #8692, #8693, #8694, #8698, #8699, #8700, #8704, #8705, #8706, #8710, #8711, #8712, #8716, #8717, #8718, #8722, #8723, #8724, #8728, #8729, #8730, #8734, #8735, #8736, #8740, #8741, #8742, #8746, #8747, #8748, #8752, #8753, #8754, #8758, #8759, #8760, #8764, #8765, #8766, #8770, #8771, #8772, #8776, #8777, #8778, #8782, #8783, #8784, #8788, #8789, #8790, #8794, #8795, #8796, #8800, #8801, #8802, #8806, #8807, #8808, #8812, #8813, #8814, #8818, #8819, #8820, #8824, #8825, #8826, #8830, #8831, #8832, #8836, #8837, #8838, #8842, #8843, #8844, #8848, #8849, #8850, #8854, #8855, #8856, #8860, #8861, #8862, #8866, #8867, #8868, #8872, #8873, #8874, #8878, #8879, #8880, #8884, #8885, #8886, #8890, #8891, #8892, #8896, #8897, #8898, #8902, #8903, #8904, #8908, #8909, #8910, #8914, #8915, #8916, #8920, #8921, #8922, #8926, #8927, #8928, #8932, #8933, #8934, #8938, #8939, #8940, #8944, #8945, #8946, #8950, #8951, #8952, #8956, #8957, #8958, #8962, #8963, #8964, #8968, #8969, #8970, #8974, #8975, #8976, #8980, #8981, #8982, #8986, #8987, #8988, #8992, #8993, #8994, #8998, #8999, #9000, #9004, #9005, #9006, #9010, #9011, #9012, #9016, #9017, #9018, #9022, #9023, #9024, #9028, #9029, #9030, #9034, #9035, #9036, #9040, #9041, #9042, #9046, #9047, #9048, #9052, #9053, #9054, #9058, #9059, #9060, #9064, #9065, #9066, #9070, #9071, #9072, #9076, #9077, #9078, #9082, #9083, #9084, #9088, #9089, #9090, #9094, #9095, #9096, #9100, #9101, #9102, #9106, #9107, #9108, #9112, #9113, #9114, #9118, #9119, #9120, #9124, #9125, #9126, #9130, #9131, #9132, #9136, #9137, #9138, #9142, #9143, #9144, #9148, #9149, #9150, #9154, #9155, #9156, #9160, #9161, #9162, #9166, #9167, #9168, #9172, #9173, #9174, #9178, #9179, #9180, #9184, #9185, #9186, #9190, #9191, #9192, #9196, #9197, #9198, #9202, #9203, #9204, #9208, #9209, #9210, #9215, #9216, #9217, #9218)),.UNSPECIFIED.,.F.,.F.,.F.,(2,2),(4,3,3,3,3,3,3,3,3,3,3,3,3,3,3,3,3,3,3,3,3,3,3,3,3,3,3,3,3,3,3,3,3,3,3,3,3,3,3,3,3,3,3,3,3,3,3,3,3,3,3,3,3,3,3,3,3,3,3,3,3,3,3,3,3,3,3,3,3,3,3,3,3,3,3,3,3,3,3,3,3,3,3,3,3,3,3,3,3,3,3,3,3,3,3,3,3,3,3,3,3,3,3,3,3,3,3,3,3,3,3,3,3,3,3,3,3,3,3,3,3,3,3,3,3,3,3,3,3,3,3,3,3,3,3,3,3,3,3,3,3,3,3,3,3,3,3,3,3,3,3,3,3,3,3,3,3,3,3,3,3,3,3,3,3,3,3,3,3,3,3,3,3,3,3,3,3,3,3,3,3,3,3,3,3,3,3,3,3,3,4),(0.,1.),(0.,1.,2.,3.,4.,5.,6.,7.,8.,9.,10.,11.,12.,13.,14.,15.,16.,17.,18.,19.,20.,21.,22.,23.,24.,25.,26.,27.,28.,29.,30.,31.,32.,33.,34.,35.,36.,37.,38.,39.,40.,41.,42.,43.,44.,45.,46.,47.,48.,49.,50.,51.,52.,53.,54.,55.,56.,57.,58.,59.,60.,61.,62.,63.,64.,65.,66.,67.,68.,69.,70.,71.,72.,73.,74.,75.,76.,77.,78.,79.,80.,81.,82.,83.,84.,85.,86.,87.,88.,89.,90.,91.,92.,93.,94.,95.,96.,97.,98.,99.,100.,101.,102.,103.,104.,105.,106.,107.,108.,109.,110.,111.,112.,113.,114.,115.,116.,117.,118.,119.,120.,121.,122.,123.,124.,125.,126.,127.,128.,129.,130.,131.,132.,133.,134.,135.,136.,137.,138.,139.,140.,141.,142.,143.,144.,145.,146.,147.,148.,149.,150.,151.,152.,153.,154.,155.,156.,157.,158.,159.,160.,161.,162.,163.,164.,165.,166.,167.,168.,169.,170.,171.,172.,173.,174.,175.,176.,177.,178.,179.,180.,181.,182.,183.,184.,185.,186.,187.,188.,189.,190.),.PIECEWISE_BEZIER_KNOTS.);
#8077=CARTESIAN_POINT('',(9.88089256871331,21.589770148783,3.0815674778146));
#8078=CARTESIAN_POINT('',(9.88094563865313,21.5893789488136,3.08170986295911));
#8079=CARTESIAN_POINT('',(9.88098234185964,21.588375113431,3.08207522915849));
#8080=CARTESIAN_POINT('',(9.88089256871331,21.589770148783,3.0815674778146));
#8081=CARTESIAN_POINT('',(9.88089256871331,21.589770148783,3.0815674778146));
#8082=CARTESIAN_POINT('',(9.88087692677015,21.5890285629023,3.08183739300133));
#8083=CARTESIAN_POINT('',(9.88107037401446,21.5871449471454,3.08252297306965));
#8084=CARTESIAN_POINT('',(9.88109238205316,21.586837405574,3.08263490904744));
#8085=CARTESIAN_POINT('',(9.88111759815114,21.5865157183211,3.08275199363221));
#8086=CARTESIAN_POINT('',(9.88094078635874,21.5883870266967,3.08207089308437));
#8087=CARTESIAN_POINT('',(9.88095675125589,21.5882266426453,3.08212926810513));
#8088=CARTESIAN_POINT('',(9.88097768499877,21.5880725116986,3.08218536718191));
#8089=CARTESIAN_POINT('',(9.8811470800534,21.5861859213948,3.08287202989674));
#8090=CARTESIAN_POINT('',(9.88117656195567,21.5858561244685,3.08299206616126));
#8091=CARTESIAN_POINT('',(9.88121030966223,21.5855182178687,3.08311505410554));
#8092=CARTESIAN_POINT('',(9.88100507420418,21.5879377844121,3.08223440390391));
#8093=CARTESIAN_POINT('',(9.88103246340959,21.5878030571257,3.08228344062592));
#8094=CARTESIAN_POINT('',(9.88106649644899,21.5876898975585,3.08232462734011));
#8095=CARTESIAN_POINT('',(9.88124938091811,21.5851782376035,3.08323879680233));
#8096=CARTESIAN_POINT('',(9.88132752342987,21.584498277073,3.08348628219591));
#8097=CARTESIAN_POINT('',(9.88142696013891,21.5838100218805,3.08373678659955));
#8098=CARTESIAN_POINT('',(9.88110578072242,21.5875912805559,3.08236052099363));
#8099=CARTESIAN_POINT('',(9.88118434926927,21.5873940465508,3.08243230830069));
#8100=CARTESIAN_POINT('',(9.88128572830929,21.587261202241,3.08248065967525));
#8101=CARTESIAN_POINT('',(9.88155615300543,21.5831617600899,3.08397273459536));
#8102=CARTESIAN_POINT('',(9.88162074943869,21.5828376291945,3.08409070859326));
#8103=CARTESIAN_POINT('',(9.88169278491132,21.5825234966497,3.08420504348921));
#8104=CARTESIAN_POINT('',(9.88141386585501,21.5871919327623,3.08250587170365));
#8105=CARTESIAN_POINT('',(9.88147793462786,21.5871572980229,3.08251847771785));
#8106=CARTESIAN_POINT('',(9.88154869302713,21.5871385569913,3.08252529889551));
#8107=CARTESIAN_POINT('',(9.88177331716835,21.5822253984632,3.08431354235596));
#8108=CARTESIAN_POINT('',(9.88185384942537,21.5819273002768,3.08442204122272));
#8109=CARTESIAN_POINT('',(9.88194311438235,21.5816475894344,3.08452384764356));
#8110=CARTESIAN_POINT('',(9.8816266345544,21.5871356078094,3.08252637230993));
#8111=CARTESIAN_POINT('',(9.88170457608166,21.5871326586276,3.08252744572434));
#8112=CARTESIAN_POINT('',(9.88178981869467,21.5871466777883,3.08252234316714));
#8113=CARTESIAN_POINT('',(9.88204143859717,21.5813850077025,3.08461941957803));
#8114=CARTESIAN_POINT('',(9.88223808702682,21.5808598442387,3.08481056344699));
#8115=CARTESIAN_POINT('',(9.882464202536,21.5803371017835,3.08500082614084));
#8116=CARTESIAN_POINT('',(9.88188249030146,21.5871739163127,3.08251242915501));
#8117=CARTESIAN_POINT('',(9.88206783351502,21.5872283933616,3.08249260113077));
#8118=CARTESIAN_POINT('',(9.8822795077277,21.5873027001489,3.08246555567199));
#8119=CARTESIAN_POINT('',(9.88271415179058,21.5798212701247,3.08518857351055));
#8120=CARTESIAN_POINT('',(9.88296410104516,21.5793054384658,3.08537632088027));
#8121=CARTESIAN_POINT('',(9.88323788404514,21.5787965176032,3.08556155292586));
#8122=CARTESIAN_POINT('',(9.88251441330484,21.5873741226722,3.08243955999944));
#8123=CARTESIAN_POINT('',(9.88274931888197,21.5874455451955,3.0824135643269));
#8124=CARTESIAN_POINT('',(9.88300745582356,21.5875140834549,3.08238861844058));
#8125=CARTESIAN_POINT('',(9.88352986745639,21.5782989973244,3.08574263549829));
#8126=CARTESIAN_POINT('',(9.88367585916201,21.578050237185,3.08583317678451));
#8127=CARTESIAN_POINT('',(9.88382640097045,21.5778043271915,3.08592268070243));
#8128=CARTESIAN_POINT('',(9.88328572449494,21.587557023448,3.08237298956125));
#8129=CARTESIAN_POINT('',(9.88342485883063,21.5875784934445,3.08236517512159));
#8130=CARTESIAN_POINT('',(9.88356902609877,21.5875935638744,3.08235968993367));
#8131=CARTESIAN_POINT('',(9.88398078871494,21.5775618285675,3.08601094298344));
#8132=CARTESIAN_POINT('',(9.88405798258718,21.5774405792554,3.08605507412395));
#8133=CARTESIAN_POINT('',(9.88413613794344,21.5773201827857,3.08609889485522));
#8134=CARTESIAN_POINT('',(9.88371783884503,21.5875993954875,3.08235756740009));
#8135=CARTESIAN_POINT('',(9.88379224521815,21.587602311294,3.0823565061333));
#8136=CARTESIAN_POINT('',(9.88386778234668,21.5876024407185,3.08235645902664));
#8137=CARTESIAN_POINT('',(9.88421516676286,21.5772007093113,3.08614237964369));
#8138=CARTESIAN_POINT('',(9.88429419558229,21.5770812358369,3.08618586443216));
#8139=CARTESIAN_POINT('',(9.88437409786488,21.5769626853578,3.08622901327782));
#8140=CARTESIAN_POINT('',(9.88394471595668,21.5876035771935,3.08235604538357));
#8141=CARTESIAN_POINT('',(9.88402164956667,21.5876047136685,3.0823556317405));
#8142=CARTESIAN_POINT('',(9.88409990293992,21.5876060708413,3.08235513777001));
#8143=CARTESIAN_POINT('',(9.88445478558979,21.5768451280269,3.08627180064709));
#8144=CARTESIAN_POINT('',(9.88510028738908,21.5759046693796,3.08661409960127));
#8145=CARTESIAN_POINT('',(9.88585631884935,21.5750200330963,3.08693608087653));
#8146=CARTESIAN_POINT('',(9.88417938112764,21.587607655814,3.08235456088713));
#8147=CARTESIAN_POINT('',(9.88481520662936,21.5876203355954,3.08234994582412));
#8148=CARTESIAN_POINT('',(9.88555955093317,21.5876437250113,3.08234143277295));
#8149=CARTESIAN_POINT('',(9.88666201634041,21.5741744113249,3.08724386203079));
#8150=CARTESIAN_POINT('',(9.88686344071317,21.573963005882,3.08732080731935));
#8151=CARTESIAN_POINT('',(9.88706796041145,21.5737540399811,3.08739686468725));
#8152=CARTESIAN_POINT('',(9.88635590178161,21.5876550972946,3.08233729360031));
#8153=CARTESIAN_POINT('',(9.88655498949372,21.5876579403654,3.08233625880715));
#8154=CARTESIAN_POINT('',(9.88675732321417,21.587660032933,3.08233549717485));
#8155=CARTESIAN_POINT('',(9.88727461783613,21.5735472518512,3.08747212941133));
#8156=CARTESIAN_POINT('',(9.8874812752608,21.5733404637214,3.0875473941354));
#8157=CARTESIAN_POINT('',(9.88769007041186,21.5731358533625,3.08762186621564));
#8158=CARTESIAN_POINT('',(9.88696201663647,21.5876610203174,3.08233513779632));
#8159=CARTESIAN_POINT('',(9.88716671005878,21.5876620077018,3.08233477841779));
#8160=CARTESIAN_POINT('',(9.88737421365664,21.5876618144645,3.0823348487504));
#8161=CARTESIAN_POINT('',(9.88790004569019,21.5729331590037,3.08769564092889));
#8162=CARTESIAN_POINT('',(9.88811002096852,21.5727304646449,3.08776941564215));
#8163=CARTESIAN_POINT('',(9.8883211763741,21.5725296862862,3.08784249298841));
#8164=CARTESIAN_POINT('',(9.88758567852532,21.5876603876151,3.08233536808113));
#8165=CARTESIAN_POINT('',(9.88779714339399,21.5876589607656,3.08233588741187));
#8166=CARTESIAN_POINT('',(9.88801197972312,21.5876563393018,3.08233684154666));
#8167=CARTESIAN_POINT('',(9.88853255430783,21.5723305621566,3.08791496824451));
#8168=CARTESIAN_POINT('',(9.88874393224155,21.572131438027,3.08798744350061));
#8169=CARTESIAN_POINT('',(9.88895503606246,21.5719338001742,3.0880593777962));
#8170=CARTESIAN_POINT('',(9.88822925136609,21.5876526039955,3.08233820108696));
#8171=CARTESIAN_POINT('',(9.88844652300906,21.5876488686893,3.08233956062725));
#8172=CARTESIAN_POINT('',(9.88866598164541,21.5876439355644,3.08234135613788));
#8173=CARTESIAN_POINT('',(9.88917045035469,21.5717394313386,3.08813012226681));
#8174=CARTESIAN_POINT('',(9.89003210752361,21.5709619559963,3.08841310014928));
#8175=CARTESIAN_POINT('',(9.89094541888542,21.5702297659536,3.08867959553066));
#8176=CARTESIAN_POINT('',(9.88888946222016,21.5876389076484,3.08234318614964));
#8177=CARTESIAN_POINT('',(9.88978338451917,21.5876187959843,3.08235050619671));
#8178=CARTESIAN_POINT('',(9.89073300115853,21.5875936581744,3.08235965561127));
#8179=CARTESIAN_POINT('',(9.89189192306545,21.5695314329885,3.08893376794356));
#8180=CARTESIAN_POINT('',(9.89212854911046,21.5693568497472,3.08899731104679));
#8181=CARTESIAN_POINT('',(9.89236724970661,21.5691843825733,3.08906008396448));
#8182=CARTESIAN_POINT('',(9.89169981124061,21.5875713261753,3.08236778379422));
#8183=CARTESIAN_POINT('',(9.89194151376113,21.5875657431755,3.08236981583996));
#8184=CARTESIAN_POINT('',(9.89218375791038,21.5875606337708,3.08237167551121));
#8185=CARTESIAN_POINT('',(9.89260773639492,21.5690138529008,3.08912215168935));
#8186=CARTESIAN_POINT('',(9.89284822308323,21.5688433232282,3.08918421941421));
#8187=CARTESIAN_POINT('',(9.8930904958637,21.5686747310571,3.08924558194624));
#8188=CARTESIAN_POINT('',(9.89242847214053,21.58755469598,3.08237383669031));
#8189=CARTESIAN_POINT('',(9.89267318637069,21.5875487581893,3.0823759978694));
#8190=CARTESIAN_POINT('',(9.89292014763403,21.5875421319594,3.08237840961983));
#8191=CARTESIAN_POINT('',(9.89333426627735,21.5685078978213,3.08930630427814));
#8192=CARTESIAN_POINT('',(9.89382180710466,21.5681742313499,3.08942774894193));
#8193=CARTESIAN_POINT('',(9.8943153384647,21.56784760062,3.08954663280519));
#8194=CARTESIAN_POINT('',(9.89316908761414,21.587534830093,3.08238106728186));
#8195=CARTESIAN_POINT('',(9.89366696757436,21.5875202263601,3.08238638260592));
#8196=CARTESIAN_POINT('',(9.89417276240165,21.587502920081,3.08239268157641));
#8197=CARTESIAN_POINT('',(9.89481255268563,21.5675265771041,3.08966347580949));
#8198=CARTESIAN_POINT('',(9.8958069811275,21.5668845300722,3.08989716181808));
#8199=CARTESIAN_POINT('',(9.89681453131662,21.566263814921,3.09012308365708));
#8200=CARTESIAN_POINT('',(9.89468432556463,21.5874830136754,3.08239992691549));
#8201=CARTESIAN_POINT('',(9.8957074518906,21.5874432008644,3.08241441759365));
#8202=CARTESIAN_POINT('',(9.89675284671119,21.5873924390604,3.08243289337933));
#8203=CARTESIAN_POINT('',(9.89782165155279,21.5656563493122,3.09034418305702));
#8204=CARTESIAN_POINT('',(9.89882877178897,21.5650488837034,3.09056528245697));
#8205=CARTESIAN_POINT('',(9.89985886916661,21.5644705808208,3.09077576749263));
#8206=CARTESIAN_POINT('',(9.89780579261265,21.5873332205653,3.08245444714889));
#8207=CARTESIAN_POINT('',(9.89885873851412,21.5872740020701,3.08247600091844));
#8208=CARTESIAN_POINT('',(9.89993093904367,21.5872142834757,3.08249773670926));
#8209=CARTESIAN_POINT('',(9.90090449353682,21.5639150752679,3.09097795497886));
#8210=CARTESIAN_POINT('',(9.90142730572192,21.5636373224914,3.09107904872198));
#8211=CARTESIAN_POINT('',(9.90195399965516,21.5633652690474,3.09117806807774));
#8212=CARTESIAN_POINT('',(9.9010107275632,21.5871574155544,3.08251843493987));
#8213=CARTESIAN_POINT('',(9.90155062182297,21.5871289815938,3.08252878405518));
#8214=CARTESIAN_POINT('',(9.90209167919862,21.5871019543338,3.08253862117333));
#8215=CARTESIAN_POINT('',(9.90248364406793,21.5630981192612,3.091275302648));
#8216=CARTESIAN_POINT('',(9.90301328848069,21.562830969475,3.09137253721827));
#8217=CARTESIAN_POINT('',(9.90354588337299,21.5625687233467,3.09146798700303));
#8218=CARTESIAN_POINT('',(9.90263712374279,21.5870722044612,3.08254944924143));
#8219=CARTESIAN_POINT('',(9.90318256828695,21.5870424545886,3.08256027730953));
#8220=CARTESIAN_POINT('',(9.9037316661371,21.5870107766029,3.0825718071534));
#8221=CARTESIAN_POINT('',(9.90408049747619,21.5623105852016,3.09156194160415));
#8222=CARTESIAN_POINT('',(9.9046151115794,21.5620524470566,3.09165589620528));
#8223=CARTESIAN_POINT('',(9.90515174489351,21.5617984168948,3.09174835562276));
#8224=CARTESIAN_POINT('',(9.90428348242946,21.5869774596202,3.08258393354342));
#8225=CARTESIAN_POINT('',(9.90483529872183,21.5869441426374,3.08259605993343));
#8226=CARTESIAN_POINT('',(9.90538983345641,21.5869091866576,3.08260878286959));
#8227=CARTESIAN_POINT('',(9.90568946614993,21.5615476990418,3.09183960945846));
#8228=CARTESIAN_POINT('',(9.90622718740634,21.5612969811888,3.09193086329416));
#8229=CARTESIAN_POINT('',(9.90676501882483,21.561048529056,3.09202129247514));
#8230=CARTESIAN_POINT('',(9.90594615176947,21.5868728807967,3.08262199712228));
#8231=CARTESIAN_POINT('',(9.90650247008252,21.5868365749359,3.08263521137498));
#8232=CARTESIAN_POINT('',(9.90706008308392,21.5867983958997,3.08264910740773));
#8233=CARTESIAN_POINT('',(9.90730573969213,21.5608055294003,3.09210973711674));
#8234=CARTESIAN_POINT('',(9.90838718142673,21.560319530089,3.09228662639994));
#8235=CARTESIAN_POINT('',(9.90948126814318,21.5598562630052,3.09245524182896));
#8236=CARTESIAN_POINT('',(9.9076199111876,21.5867606240199,3.08266285524766));
#8237=CARTESIAN_POINT('',(9.90873956739495,21.5866850802603,3.08269035092754));
#8238=CARTESIAN_POINT('',(9.90986862760471,21.5866116262858,3.08271708598782));
#8239=CARTESIAN_POINT('',(9.91058317733307,21.5594085263611,3.09261820464019));
#8240=CARTESIAN_POINT('',(9.91113413192802,21.5591846580391,3.09269968604581));
#8241=CARTESIAN_POINT('',(9.91168704214132,21.558964672327,3.09277975429697));
#8242=CARTESIAN_POINT('',(9.91100092672707,21.5865421568289,3.08274237080234));
#8243=CARTESIAN_POINT('',(9.91156707628824,21.5865074221004,3.08275501320959));
#8244=CARTESIAN_POINT('',(9.91213445699341,21.5864729594929,3.08276755657292));
#8245=CARTESIAN_POINT('',(9.91224130515944,21.5587476690014,3.09285873704823));
#8246=CARTESIAN_POINT('',(9.91279556817755,21.5585306656758,3.09293771979949));
#8247=CARTESIAN_POINT('',(9.91335118400046,21.5583166447366,3.09301561705085));
#8248=CARTESIAN_POINT('',(9.91270365199072,21.5864369278277,3.08278067102655));
#8249=CARTESIAN_POINT('',(9.91327284698803,21.5864008961625,3.08279378548018));
#8250=CARTESIAN_POINT('',(9.91384354106527,21.5863638248225,3.08280727834448));
#8251=CARTESIAN_POINT('',(9.91390754981463,21.5581047059605,3.09309275645686));
#8252=CARTESIAN_POINT('',(9.9144639156288,21.5578927671843,3.09316989586286));
#8253=CARTESIAN_POINT('',(9.91502103143423,21.5576829105712,3.09324627742351));
#8254=CARTESIAN_POINT('',(9.91441525275322,21.5863256598022,3.08282116927587));
#8255=CARTESIAN_POINT('',(9.91498696444117,21.5862874947818,3.08283506020727));
#8256=CARTESIAN_POINT('',(9.91555969373983,21.5862482360811,3.08284934920577));
#8257=CARTESIAN_POINT('',(9.91557829441735,21.5574742358976,3.09332222879335));
#8258=CARTESIAN_POINT('',(9.91613555740048,21.557265561224,3.09339818016318));
#8259=CARTESIAN_POINT('',(9.91669316104734,21.5570583881245,3.09347358500474));
#8260=CARTESIAN_POINT('',(9.91613295917996,21.5862078296943,3.08286405592783));
#8261=CARTESIAN_POINT('',(9.9167062246201,21.5861674233076,3.08287876264988));
#8262=CARTESIAN_POINT('',(9.91728012294473,21.5861260290521,3.08289382892675));
#8263=CARTESIAN_POINT('',(9.91725259991822,21.5568550395181,3.09354759784464));
#8264=CARTESIAN_POINT('',(9.91837147765998,21.5564483423053,3.09369562352445));
#8265=CARTESIAN_POINT('',(9.91949580369134,21.5560539378394,3.0938391750103));
#8266=CARTESIAN_POINT('',(9.91785522137154,21.5860852044934,3.08290868785092));
#8267=CARTESIAN_POINT('',(9.91900541822517,21.5860035553762,3.08293840569926));
#8268=CARTESIAN_POINT('',(9.92015901202632,21.5859237792681,3.082967441828));
#8269=CARTESIAN_POINT('',(9.92062369123223,21.5556684405319,3.09397948455564));
#8270=CARTESIAN_POINT('',(9.92175157877311,21.5552829432243,3.09411979410098));
#8271=CARTESIAN_POINT('',(9.92288302782351,21.5549063530751,3.09425686170581));
#8272=CARTESIAN_POINT('',(9.92131512188333,21.5858437447575,3.08299657200757));
#8273=CARTESIAN_POINT('',(9.92247123174034,21.5857637102469,3.08302570218715));
#8274=CARTESIAN_POINT('',(9.92363082839953,21.5856811329906,3.08305575785046));
#8275=CARTESIAN_POINT('',(9.92401615160334,21.5545352844957,3.09439191962358));
#8276=CARTESIAN_POINT('',(9.92514927538317,21.5541642159163,3.09452697754134));
#8277=CARTESIAN_POINT('',(9.92628377979387,21.5537981580393,3.09466021171259));
#8278=CARTESIAN_POINT('',(9.92479233841595,21.5855961820895,3.08308667744983));
#8279=CARTESIAN_POINT('',(9.92595384843237,21.5855112311884,3.08311759704921));
#8280=CARTESIAN_POINT('',(9.92711712475674,21.5854236512088,3.08314947355491));
#8281=CARTESIAN_POINT('',(9.92742199651072,21.5534413950722,3.0947900628133));
#8282=CARTESIAN_POINT('',(9.92856021322757,21.5530846321051,3.09491991391401));
#8283=CARTESIAN_POINT('',(9.92970138179257,21.5527357305124,3.09504690370844));
#8284=CARTESIAN_POINT('',(9.9282827031718,21.5853374461495,3.08318084963053));
#8285=CARTESIAN_POINT('',(9.92944828158686,21.5852512410903,3.08321222570614));
#8286=CARTESIAN_POINT('',(9.93061547289326,21.5851667469522,3.08324297905739));
#8287=CARTESIAN_POINT('',(9.93084458323444,21.5523928610515,3.09517169798646));
#8288=CARTESIAN_POINT('',(9.93198778467631,21.5520499915906,3.09529649226447));
#8289=CARTESIAN_POINT('',(9.93313301899504,21.5517131542615,3.09541909102606));
#8290=CARTESIAN_POINT('',(9.93178467743218,21.5850797194192,3.08327465448894));
#8291=CARTESIAN_POINT('',(9.93295388197109,21.5849926918863,3.0833063299205));
#8292=CARTESIAN_POINT('',(9.93412496081034,21.5849037955294,3.08333868554833));
#8293=CARTESIAN_POINT('',(9.93427936721936,21.5513805198215,3.0955401600611));
#8294=CARTESIAN_POINT('',(9.93542571544369,21.5510478853816,3.09566122909613));
#8295=CARTESIAN_POINT('',(9.93657448728453,21.5507224506289,3.09577967765929));
#8296=CARTESIAN_POINT('',(9.93529702587629,21.5848142425463,3.08337128016855));
#8297=CARTESIAN_POINT('',(9.93646909094224,21.5847246895633,3.08340387478877));
#8298=CARTESIAN_POINT('',(9.93764279709035,21.5846359783532,3.08343616302871));
#8299=CARTESIAN_POINT('',(9.93772505643672,21.5504025492974,3.09589611222186));
#8300=CARTESIAN_POINT('',(9.93887562558891,21.5500826479659,3.09601254678443));
#8301=CARTESIAN_POINT('',(9.94002799205244,21.5497682800555,3.09612696734643));
#8302=CARTESIAN_POINT('',(9.93881740258004,21.5845494026019,3.08346767402519));
#8303=CARTESIAN_POINT('',(9.93999200806973,21.5844628268506,3.08349918502166));
#8304=CARTESIAN_POINT('',(9.94116750037559,21.5843786960158,3.08352980614132));
#8305=CARTESIAN_POINT('',(9.94118152952213,21.5494577793,3.09623998037915));
#8306=CARTESIAN_POINT('',(9.94348860446154,21.548836777789,3.0964660064446));
#8307=CARTESIAN_POINT('',(9.94579883384863,21.5482271986658,3.09668787510086));
#8308=CARTESIAN_POINT('',(9.94234391998614,21.5842945561175,3.08356043055982));
#8309=CARTESIAN_POINT('',(9.94469675920725,21.5841262763209,3.08362167939681));
#8310=CARTESIAN_POINT('',(9.94705221665007,21.5839563364538,3.08368353245004));
#8311=CARTESIAN_POINT('',(9.94811413875004,21.5476340882587,3.0969037496347));
#8312=CARTESIAN_POINT('',(9.95042944365144,21.5470409778515,3.09711962416854));
#8313=CARTESIAN_POINT('',(9.95274930452367,21.5464635925499,3.09732977523204));
#8314=CARTESIAN_POINT('',(9.94941192462878,21.5837779305246,3.08374846689787));
#8315=CARTESIAN_POINT('',(9.95177163260748,21.5835995245955,3.0838134013457));
#8316=CARTESIAN_POINT('',(9.95413559910344,21.5834131246631,3.08388124537276));
#8317=CARTESIAN_POINT('',(9.95507347123447,21.5459021269404,3.09753413200143));
#8318=CARTESIAN_POINT('',(9.95623555458987,21.5456213941357,3.09763631038612));
#8319=CARTESIAN_POINT('',(9.9573987144049,21.5453446412541,3.09773704019729));
#8320=CARTESIAN_POINT('',(9.9565022142953,21.5832277256703,3.08394872508759));
#8321=CARTESIAN_POINT('',(9.95768552189123,21.5831350261739,3.083982464945));
#8322=CARTESIAN_POINT('',(9.95886939983895,21.5830432080128,3.08401588402263));
#8323=CARTESIAN_POINT('',(9.95856291941305,21.5450718926188,3.09783631258196));
#8324=CARTESIAN_POINT('',(9.95972712442119,21.5447991439836,3.09793558496663));
#8325=CARTESIAN_POINT('',(9.96089237462244,21.5445303995947,3.0980333999248));
#8326=CARTESIAN_POINT('',(9.96005406280285,21.5829504918586,3.08404962994298));
#8327=CARTESIAN_POINT('',(9.96123872576673,21.5828577757045,3.08408337586333));
#8328=CARTESIAN_POINT('',(9.9624241468027,21.5827644406784,3.08411734703461));
#8329=CARTESIAN_POINT('',(9.96205863875026,21.5442656837756,3.0981297486035));
#8330=CARTESIAN_POINT('',(9.96322490287808,21.5440009679565,3.09822609728219));
#8331=CARTESIAN_POINT('',(9.96439266400931,21.5437420538578,3.09832033430736));
#8332=CARTESIAN_POINT('',(9.96361019144508,21.5826716595461,3.08415111660508));
#8333=CARTESIAN_POINT('',(9.96479623608747,21.5825788784138,3.08418488617555));
#8334=CARTESIAN_POINT('',(9.96598314587467,21.5824875377505,3.08421813145818));
#8335=CARTESIAN_POINT('',(9.96556141961843,21.543487049429,3.09841314832905));
#8336=CARTESIAN_POINT('',(9.96673017522755,21.5432320450002,3.09850596235074));
#8337=CARTESIAN_POINT('',(9.96789992531456,21.5429809502413,3.09859735336896));
#8338=CARTESIAN_POINT('',(9.96717055071155,21.5823978521348,3.08425077435274));
#8339=CARTESIAN_POINT('',(9.96835795554842,21.582308166519,3.0842834172473));
#8340=CARTESIAN_POINT('',(9.96954586413534,21.5822200902656,3.08431547438191));
#8341=CARTESIAN_POINT('',(9.96907016735396,21.5427318731018,3.09868801003376));
#8342=CARTESIAN_POINT('',(9.97141065143277,21.5422337188229,3.09886932336337));
#8343=CARTESIAN_POINT('',(9.973751900344,21.5417392833266,3.09904928316676));
#8344=CARTESIAN_POINT('',(9.97073412515351,21.5821317165911,3.08434763976889));
#8345=CARTESIAN_POINT('',(9.97311064718985,21.5819549692423,3.08441197054286));
#8346=CARTESIAN_POINT('',(9.97548784517968,21.5817759057849,3.08447714431139));
#8347=CARTESIAN_POINT('',(9.97609535044771,21.5412538495623,3.09922596660768));
#8348=CARTESIAN_POINT('',(9.98078225065511,21.5402829820336,3.09957933348953));
#8349=CARTESIAN_POINT('',(9.98547678150671,21.5393446677819,3.09992085194757));
#8350=CARTESIAN_POINT('',(9.97786636736234,21.5815971328536,3.08454221233709));
#8351=CARTESIAN_POINT('',(9.98262341172766,21.5812395869909,3.08467234838847));
#8352=CARTESIAN_POINT('',(9.98738532091238,21.5808815457212,3.08480266475329));
#8353=CARTESIAN_POINT('',(9.99017838807558,21.5384392223497,3.10025040713364));
#8354=CARTESIAN_POINT('',(9.99252919136002,21.5379864996336,3.10041518472667));
#8355=CARTESIAN_POINT('',(9.99488183946574,21.5375419533073,3.10057698635719));
#8356=CARTESIAN_POINT('',(9.99215151489591,21.5805230418797,3.08493314948049));
#8357=CARTESIAN_POINT('',(9.99453461188767,21.5803437899589,3.08499839184408));
#8358=CARTESIAN_POINT('',(9.99691881802511,21.5801644019876,3.08506368372601));
#8359=CARTESIAN_POINT('',(9.99723619689348,21.5371056548184,3.10073578602039));
#8360=CARTESIAN_POINT('',(9.99841337560735,21.536887505574,3.10081518585199));
#8361=CARTESIAN_POINT('',(9.99959086058054,21.5366708920957,3.10089402671042));
#8362=CARTESIAN_POINT('',(9.99930402773896,21.5799848980727,3.08512901780799));
#8363=CARTESIAN_POINT('',(10.0004966325959,21.5798951461152,3.08516168484898));
#8364=CARTESIAN_POINT('',(10.0016894278113,21.5798051020752,3.08519445819931));
#8365=CARTESIAN_POINT('',(10.0007690524736,21.5364577376812,3.10097160857261));
#8366=CARTESIAN_POINT('',(10.0019472443666,21.5362445832667,3.10104919043479));
#8367=CARTESIAN_POINT('',(10.0031261725276,21.5360349901979,3.10112547607313));
#8368=CARTESIAN_POINT('',(10.0028826089881,21.5797157256493,3.08522698855797));
#8369=CARTESIAN_POINT('',(10.0040757901648,21.5796263492235,3.08525951891663));
#8370=CARTESIAN_POINT('',(10.0052693719769,21.5795376915528,3.0852917876698));
#8371=CARTESIAN_POINT('',(10.0043053546911,21.5358266257471,3.1012013145311));
#8372=CARTESIAN_POINT('',(10.0066637190183,21.5354098968456,3.10135299144704));
#8373=CARTESIAN_POINT('',(10.0090226112925,21.5349958049377,3.10150370857574));
#8374=CARTESIAN_POINT('',(10.0064631085643,21.5794485843212,3.08532422004976));
#8375=CARTESIAN_POINT('',(10.008850581739,21.579270369858,3.08538908480966));
#8376=CARTESIAN_POINT('',(10.0112384484789,21.5790892267339,3.08545501551497));
#8377=CARTESIAN_POINT('',(10.0113798515366,21.534573466913,3.10165742704555));
#8378=CARTESIAN_POINT('',(10.0137370917808,21.5341511288882,3.10181114551535));
#8379=CARTESIAN_POINT('',(10.0160937905936,21.533726025984,3.101965870319));
#8380=CARTESIAN_POINT('',(10.0136255808093,21.5788997008344,3.08552399730101));
#8381=CARTESIAN_POINT('',(10.0160127131397,21.5787101749349,3.08559297908705));
#8382=CARTESIAN_POINT('',(10.01839966636,21.5785150068787,3.0856640144502));
#8383=CARTESIAN_POINT('',(10.0184536200929,21.5333169102221,3.10211477627869));
#8384=CARTESIAN_POINT('',(10.0208134495921,21.5329077944602,3.10226368223839));
#8385=CARTESIAN_POINT('',(10.0231766275253,21.5325157777779,3.10240636464209));
#8386=CARTESIAN_POINT('',(10.020788238543,21.5783235601176,3.0857336953727));
#8387=CARTESIAN_POINT('',(10.023176810726,21.5781321133564,3.08580337629521));
#8388=CARTESIAN_POINT('',(10.025567076249,21.5779450612023,3.08587145771155));
#8389=CARTESIAN_POINT('',(10.0255394997659,21.5321222000517,3.1025496152193));
#8390=CARTESIAN_POINT('',(10.0267209358862,21.5319254111886,3.1026212405079));
#8391=CARTESIAN_POINT('',(10.0279022344377,21.5317279499786,3.10269311051074));
#8392=CARTESIAN_POINT('',(10.027957233884,21.5777509515061,3.08594210786316));
#8393=CARTESIAN_POINT('',(10.0291523127015,21.577653896658,3.08597743293896));
#8394=CARTESIAN_POINT('',(10.0303473281248,21.5775555633509,3.08601322333579));
#8395=CARTESIAN_POINT('',(10.0290831403627,21.5315283979646,3.10276574150405));
#8396=CARTESIAN_POINT('',(10.0302640462878,21.5313288459505,3.10283837249736));
#8397=CARTESIAN_POINT('',(10.0314446922771,21.5311278883563,3.10291151508));
#8398=CARTESIAN_POINT('',(10.0315421474195,21.5774563305574,3.08604934111888));
#8399=CARTESIAN_POINT('',(10.0327369667141,21.5773570977639,3.08608545890196));
#8400=CARTESIAN_POINT('',(10.0339316562255,21.5772573080961,3.08612177937073));
#8401=CARTESIAN_POINT('',(10.0326255141871,21.5309278820363,3.10298431142714));
#8402=CARTESIAN_POINT('',(10.033806336097,21.5307278757164,3.10305710777427));
#8403=CARTESIAN_POINT('',(10.0349873339276,21.5305288206706,3.10312955788589));
#8404=CARTESIAN_POINT('',(10.0351264286761,21.5771592281825,3.08615747753986));
#8405=CARTESIAN_POINT('',(10.0363212011267,21.5770611482689,3.08619317570899));
#8406=CARTESIAN_POINT('',(10.03751606345,21.5769642707759,3.08622843623282));
#8407=CARTESIAN_POINT('',(10.0361689435351,21.5303330737535,3.10320080393717));
#8408=CARTESIAN_POINT('',(10.0373505531427,21.5301373268364,3.10327204998844));
#8409=CARTESIAN_POINT('',(10.0385328628837,21.5299453522815,3.10334192301219));
#8410=CARTESIAN_POINT('',(10.0387112303567,21.5768685512862,3.08626327527793));
#8411=CARTESIAN_POINT('',(10.0399063972633,21.5767728317964,3.08629811432304));
#8412=CARTESIAN_POINT('',(10.0411019129315,21.5766785024267,3.08633244740583));
#8413=CARTESIAN_POINT('',(10.0397154818042,21.5297549630534,3.10341121902413));
#8414=CARTESIAN_POINT('',(10.0420807196453,21.5293741845972,3.10354981104803));
#8415=CARTESIAN_POINT('',(10.0444475210517,21.5290017241885,3.10368537555026));
#8416=CARTESIAN_POINT('',(10.0422975786667,21.5765832468149,3.08636711761318));
#8417=CARTESIAN_POINT('',(10.0446889101371,21.5763927355912,3.08643645802788));
#8418=CARTESIAN_POINT('',(10.0470810369838,21.5762000464462,3.08650659114114));
#8419=CARTESIAN_POINT('',(10.0468156940185,21.5286376577177,3.10381788490892));
#8420=CARTESIAN_POINT('',(10.0491838669853,21.5282735912469,3.10395039426759));
#8421=CARTESIAN_POINT('',(10.0515549351725,21.5279261695183,3.10407684543551));
#8422=CARTESIAN_POINT('',(10.0494738145931,21.5760081181381,3.08657644733239));
#8423=CARTESIAN_POINT('',(10.0518665922023,21.57581618983,3.08664630352365));
#8424=CARTESIAN_POINT('',(10.0542607386686,21.5756280467987,3.08671478198683));
#8425=CARTESIAN_POINT('',(10.0539256475813,21.5275766982871,3.10420404256141));
#8426=CARTESIAN_POINT('',(10.05629635999,21.5272272270559,3.10433123968731));
#8427=CARTESIAN_POINT('',(10.0586657522371,21.5268699899238,3.10446126336997));
#8428=CARTESIAN_POINT('',(10.0566546286745,21.5754329872833,3.08678577784437));
#8429=CARTESIAN_POINT('',(10.0590485186804,21.5752379277678,3.0868567737019));
#8430=CARTESIAN_POINT('',(10.0614417002215,21.5750360354708,3.08693025648855));
#8431=CARTESIAN_POINT('',(10.0610354266036,21.5265143873716,3.10459069211419));
#8432=CARTESIAN_POINT('',(10.0622202637869,21.5263365860955,3.10465540648629));
#8433=CARTESIAN_POINT('',(10.0634052802417,21.5261598832873,3.1047197210488));
#8434=CARTESIAN_POINT('',(10.0638351104109,21.5748398175086,3.0870016739862));
#8435=CARTESIAN_POINT('',(10.0650318155057,21.5747417085275,3.08703738273503));
#8436=CARTESIAN_POINT('',(10.0662286242234,21.5746447365175,3.08707267766026));
#8437=CARTESIAN_POINT('',(10.064590864208,21.525986657849,3.10478276995216));
#8438=CARTESIAN_POINT('',(10.0657764481743,21.5258134324107,3.10484581885551));
#8439=CARTESIAN_POINT('',(10.0669627139398,21.525644384629,3.10490734721622));
#8440=CARTESIAN_POINT('',(10.0674257014129,21.5745488609575,3.08710757351029));
#8441=CARTESIAN_POINT('',(10.0686227786023,21.5744529853975,3.08714246936032));
#8442=CARTESIAN_POINT('',(10.0698201814072,21.5743585564309,3.08717683869341));
#8443=CARTESIAN_POINT('',(10.0681494427995,21.5254781744094,3.10496784278879));
#8444=CARTESIAN_POINT('',(10.0705229005189,21.5251457539702,3.10508883393393));
#8445=CARTESIAN_POINT('',(10.0728979396467,21.5248230234505,3.10520629823677));
#8446=CARTESIAN_POINT('',(10.0710177712038,21.5742636740386,3.08721137305998));
#8447=CARTESIAN_POINT('',(10.0734129507969,21.5740739092539,3.0872804417931));
#8448=CARTESIAN_POINT('',(10.0758087008531,21.5738797349473,3.08735111546096));
#8449=CARTESIAN_POINT('',(10.0752716746691,21.524492302163,3.10532667094127));
#8450=CARTESIAN_POINT('',(10.0776454096916,21.5241615808755,3.10544704364576));
#8451=CARTESIAN_POINT('',(10.0800191447834,21.5238308600277,3.10556741619023));
#8452=CARTESIAN_POINT('',(10.078203795962,21.5736814436319,3.08742328759747));
#8453=CARTESIAN_POINT('',(10.0805988910709,21.5734831523166,3.08749545973398));
#8454=CARTESIAN_POINT('',(10.0829940380579,21.5732870396817,3.08756683889564));
#8455=CARTESIAN_POINT('',(10.0823928798056,21.5235001387383,3.10568778889538));
#8456=CARTESIAN_POINT('',(10.0835797473167,21.5233347780936,3.10574797524796));
#8457=CARTESIAN_POINT('',(10.0847666799695,21.5231698449914,3.10580800598781));
#8458=CARTESIAN_POINT('',(10.0853891779721,21.5730906310993,3.08763832577337));
#8459=CARTESIAN_POINT('',(10.0865867479291,21.5729924268081,3.08767406921224));
#8460=CARTESIAN_POINT('',(10.0877843429423,21.572894217896,3.08770981433301));
#8461=CARTESIAN_POINT('',(10.0859533456256,21.5230031595443,3.10586867452905));
#8462=CARTESIAN_POINT('',(10.0871400112816,21.5228364740972,3.10592934307029));
#8463=CARTESIAN_POINT('',(10.0883265053956,21.5226686627909,3.10599042139074));
#8464=CARTESIAN_POINT('',(10.0889818112539,21.5727953303393,3.08774580646016));
#8465=CARTESIAN_POINT('',(10.0901792795655,21.5726964427827,3.08778179858731));
#8466=CARTESIAN_POINT('',(10.091376668903,21.5725971898245,3.08781792370975));
#8467=CARTESIAN_POINT('',(10.0895131918835,21.5225021140725,3.1060510401668));
#8468=CARTESIAN_POINT('',(10.0918865648593,21.5221690166357,3.10617227771891));
#8469=CARTESIAN_POINT('',(10.0942614926067,21.5218456960537,3.10628995678687));
#8470=CARTESIAN_POINT('',(10.0925741755359,21.5724991816086,3.08785359578307));
#8471=CARTESIAN_POINT('',(10.0949691888016,21.5723031651767,3.08792493992972));
#8472=CARTESIAN_POINT('',(10.0973650392819,21.5721137758927,3.08799387199177));
#8473=CARTESIAN_POINT('',(10.0966378245275,21.5215318250353,3.10640419649497));
#8474=CARTESIAN_POINT('',(10.0990141564482,21.5212179540169,3.10651843620307));
#8475=CARTESIAN_POINT('',(10.1013918925424,21.5209135325621,3.10662923655131));
#8476=CARTESIAN_POINT('',(10.0997613123685,21.571920989228,3.0880640405993));
#8477=CARTESIAN_POINT('',(10.1021575854551,21.5717282025632,3.08813420920682));
#8478=CARTESIAN_POINT('',(10.1045542498748,21.5715311096618,3.08820594515634));
#8479=CARTESIAN_POINT('',(10.1037708822118,21.5206182333794,3.10673671666399));
#8480=CARTESIAN_POINT('',(10.1049603770465,21.5204705837881,3.10679045672033));
#8481=CARTESIAN_POINT('',(10.1061504275265,21.5203268596962,3.10684276801174));
#8482=CARTESIAN_POINT('',(10.1069515646702,21.5713392634082,3.0882757714822));
#8483=CARTESIAN_POINT('',(10.1081502220679,21.5712433402814,3.08831068464513));
#8484=CARTESIAN_POINT('',(10.1093491652477,21.5711496980755,3.08834476762076));
#8485=CARTESIAN_POINT('',(10.1073406943173,21.5201846637896,3.10689452308916));
#8486=CARTESIAN_POINT('',(10.1085309611081,21.5200424678831,3.10694627816658));
#8487=CARTESIAN_POINT('',(10.1097214442098,21.5199018001619,3.10699747703001));
#8488=CARTESIAN_POINT('',(10.1105482626325,21.5710579170152,3.08837817319478));
#8489=CARTESIAN_POINT('',(10.1117473600172,21.5709661359549,3.08841157876879));
#8490=CARTESIAN_POINT('',(10.1129465989145,21.570875859607,3.08844443667226));
#8491=CARTESIAN_POINT('',(10.1109118042879,21.5197602633121,3.1070489922304));
#8492=CARTESIAN_POINT('',(10.1132925244441,21.5194771896125,3.10715202263116));
#8493=CARTESIAN_POINT('',(10.1156725641379,21.5191893086265,3.10725680274107));
#8494=CARTESIAN_POINT('',(10.1141457540465,21.5707846546029,3.088477632579));
#8495=CARTESIAN_POINT('',(10.1165440643104,21.5706022445945,3.08854402439248));
#8496=CARTESIAN_POINT('',(10.1189418816664,21.5704140410928,3.08861252486507));
#8497=CARTESIAN_POINT('',(10.1180528474892,21.5189031490296,3.10736095631659));
#8498=CARTESIAN_POINT('',(10.1204331308406,21.5186169894327,3.1074651098921));
#8499=CARTESIAN_POINT('',(10.1228134141984,21.5183308298838,3.10756926345016));
#8500=CARTESIAN_POINT('',(10.1213394450281,21.5702183539555,3.08868374915827));
#8501=CARTESIAN_POINT('',(10.1237370083899,21.5700226668183,3.08875497345147));
#8502=CARTESIAN_POINT('',(10.1261343266095,21.5698215657426,3.08882816825711));
#8503=CARTESIAN_POINT('',(10.1251936975804,21.5180446705122,3.10767341694369));
#8504=CARTESIAN_POINT('',(10.1275739809624,21.5177585111405,3.10777757043721));
#8505=CARTESIAN_POINT('',(10.1299544295468,21.5174736152713,3.1078812640535));
#8506=CARTESIAN_POINT('',(10.1285318481573,21.5696249203904,3.08889974131201));
#8507=CARTESIAN_POINT('',(10.1309293697052,21.5694282750382,3.08897131436691));
#8508=CARTESIAN_POINT('',(10.1333272063787,21.569236436937,3.08904113772553));
#8509=CARTESIAN_POINT('',(10.1323345171915,21.5171859588642,3.10798596242338));
#8510=CARTESIAN_POINT('',(10.1347146048361,21.5168983024571,3.10809066079326));
#8511=CARTESIAN_POINT('',(10.1370938364258,21.5166040987529,3.10819774218438));
#8512=CARTESIAN_POINT('',(10.1357245444204,21.5690375052419,3.08911354294119));
#8513=CARTESIAN_POINT('',(10.1381218824621,21.5688385735469,3.08918594815685));
#8514=CARTESIAN_POINT('',(10.1405183126951,21.5686277526265,3.08926268069664));
#8515=CARTESIAN_POINT('',(10.1394747259449,21.5163225752706,3.10830020835217));
#8516=CARTESIAN_POINT('',(10.1406651707044,21.5161818135295,3.10835144143607));
#8517=CARTESIAN_POINT('',(10.1418561985311,21.5160455112172,3.10840105142063));
#8518=CARTESIAN_POINT('',(10.1429154102628,21.5684203693796,3.08933816202559));
#8519=CARTESIAN_POINT('',(10.1441139590466,21.5683166777561,3.08937590269006));
#8520=CARTESIAN_POINT('',(10.1453127759631,21.5682147956333,3.08941298475017));
#8521=CARTESIAN_POINT('',(10.1430475735836,21.5159118645666,3.10844969482333));
#8522=CARTESIAN_POINT('',(10.144238948636,21.5157782179161,3.10849833822603));
#8523=CARTESIAN_POINT('',(10.1454306709143,21.5156472269274,3.10854601504688));
#8524=CARTESIAN_POINT('',(10.1465118119497,21.5681150576353,3.08944928641269));
#8525=CARTESIAN_POINT('',(10.1477108479362,21.5680153196372,3.08948558807521));
#8526=CARTESIAN_POINT('',(10.1489101261902,21.567918052498,3.08952099041867));
#8527=CARTESIAN_POINT('',(10.1466225045768,21.5155170878335,3.10859338180337));
#8528=CARTESIAN_POINT('',(10.1478143382394,21.5153869487396,3.10864074855985));
#8529=CARTESIAN_POINT('',(10.1490062354739,21.5152572958617,3.10868793834819));
#8530=CARTESIAN_POINT('',(10.1501094760479,21.5678214078174,3.08955616620569));
#8531=CARTESIAN_POINT('',(10.1513088259056,21.5677247631369,3.08959134199271));
#8532=CARTESIAN_POINT('',(10.1525082126375,21.5676284382429,3.08962640138693));
#8533=CARTESIAN_POINT('',(10.1501978819403,21.5151257250595,3.10873582620392));
#8534=CARTESIAN_POINT('',(10.1513895284067,21.5149941542572,3.10878371405964));
#8535=CARTESIAN_POINT('',(10.1525808976677,21.5148603287615,3.10883242255667));
#8536=CARTESIAN_POINT('',(10.1537074001865,21.5675300421983,3.08966221461832));
#8537=CARTESIAN_POINT('',(10.1549065877356,21.5674316461538,3.0896980278497));
#8538=CARTESIAN_POINT('',(10.1561055628832,21.5673310105741,3.08973465620522));
#8539=CARTESIAN_POINT('',(10.1537722772467,21.514726563166,3.1088811092518));
#8540=CARTESIAN_POINT('',(10.1561550364047,21.514459031975,3.10897848264205));
#8541=CARTESIAN_POINT('',(10.1585379155132,21.5141925006112,3.10907549212497));
#8542=CARTESIAN_POINT('',(10.1573043905042,21.5672281038891,3.08977211117546));
#8543=CARTESIAN_POINT('',(10.1597020457463,21.5670222905192,3.08984702111594));
#8544=CARTESIAN_POINT('',(10.1620992416584,21.5668091508333,3.08992459761733));
#8545=CARTESIAN_POINT('',(10.1609229848169,21.5139442255335,3.10916585686316));
#8546=CARTESIAN_POINT('',(10.1633080541206,21.5136959504559,3.10925622160134));
#8547=CARTESIAN_POINT('',(10.1656948379726,21.5134619669231,3.10934138464256));
#8548=CARTESIAN_POINT('',(10.1644976701117,21.5666072106602,3.08999809782946));
#8549=CARTESIAN_POINT('',(10.1668960985651,21.566405270487,3.0900715980416));
#8550=CARTESIAN_POINT('',(10.1692955404846,21.5662128300099,3.09014164064713));
#8551=CARTESIAN_POINT('',(10.1680810234466,21.5132229956172,3.10942836308475));
#8552=CARTESIAN_POINT('',(10.1704672089207,21.5129840243113,3.10951534152694));
#8553=CARTESIAN_POINT('',(10.1728528950106,21.5127408903716,3.10960383504393));
#8554=CARTESIAN_POINT('',(10.1716946234969,21.5660169956628,3.09021291852032));
#8555=CARTESIAN_POINT('',(10.1740937065091,21.5658211613157,3.09028419639351));
#8556=CARTESIAN_POINT('',(10.1764925331108,21.5656231584471,3.09035626354399));
#8557=CARTESIAN_POINT('',(10.1752387874894,21.5124994767824,3.10969170240457));
#8558=CARTESIAN_POINT('',(10.1776246799683,21.5122580631931,3.1097795697652));
#8559=CARTESIAN_POINT('',(10.1800105725217,21.5120166502545,3.10986743688905));
#8560=CARTESIAN_POINT('',(10.178891614567,21.5654279843363,3.09042730111082));
#8561=CARTESIAN_POINT('',(10.1812906960232,21.5652328102255,3.09049833867765));
#8562=CARTESIAN_POINT('',(10.1836897280021,21.5650369937268,3.09056961005454));
#8563=CARTESIAN_POINT('',(10.1823964651391,21.5117752378741,3.10995530380969));
#8564=CARTESIAN_POINT('',(10.1847823577564,21.5115338254937,3.11004317073033));
#8565=CARTESIAN_POINT('',(10.187168437899,21.5112941302267,3.1101304126728));
#8566=CARTESIAN_POINT('',(10.1860880431902,21.5648318729904,3.09064426789704));
#8567=CARTESIAN_POINT('',(10.1884863583783,21.5646267522539,3.09071892573954));
#8568=CARTESIAN_POINT('',(10.1908842173536,21.5644153512755,3.09079586940317));
#8569=CARTESIAN_POINT('',(10.1895540659233,21.5110502950394,3.11021916142305));
#8570=CARTESIAN_POINT('',(10.1919396939475,21.5108064598521,3.11030791017329));
#8571=CARTESIAN_POINT('',(10.1943247715248,21.5105575843584,3.11039849344505));
#8572=CARTESIAN_POINT('',(10.1932820629771,21.5642046413081,3.09087256155936));
#8573=CARTESIAN_POINT('',(10.1956799086007,21.5639939313408,3.09094925371554));
#8574=CARTESIAN_POINT('',(10.1980776293748,21.5637826530756,3.0910261527152));
#8575=CARTESIAN_POINT('',(10.1967114076961,21.5103229805315,3.1104838822549));
#8576=CARTESIAN_POINT('',(10.1990980438674,21.5100883767045,3.11056927106475));
#8577=CARTESIAN_POINT('',(10.2014866773534,21.5098720618142,3.11064800324605));
#8578=CARTESIAN_POINT('',(10.2004760652117,21.5635776768748,3.09110075795105));
#8579=CARTESIAN_POINT('',(10.2028745010486,21.5633727006739,3.0911753631869));
#8580=CARTESIAN_POINT('',(10.2052739691759,21.563177252227,3.0912465006039));
#8581=CARTESIAN_POINT('',(10.2038754264391,21.5096568054325,3.11072635016171));
#8582=CARTESIAN_POINT('',(10.2062641755248,21.5094415490509,3.11080469707737));
#8583=CARTESIAN_POINT('',(10.2086524944573,21.5092223538363,3.11088447761096));
#8584=CARTESIAN_POINT('',(10.2076736190346,21.5629837454372,3.09131693131553));
#8585=CARTESIAN_POINT('',(10.2100732688933,21.5627902386473,3.09138736202716));
#8586=CARTESIAN_POINT('',(10.2124725540019,21.5625930566493,3.09145913040518));
#8587=CARTESIAN_POINT('',(10.211040836175,21.5090033672375,3.11096418221464));
#8588=CARTESIAN_POINT('',(10.2134291778927,21.5087843806387,3.11104388681832));
#8589=CARTESIAN_POINT('',(10.2158175196036,21.5085653939748,3.11112359144568));
#8590=CARTESIAN_POINT('',(10.2148710518371,21.5623868767817,3.0915341737399));
#8591=CARTESIAN_POINT('',(10.2172695496722,21.562180696914,3.09160921707462));
#8592=CARTESIAN_POINT('',(10.2196674822619,21.5619680751015,3.09168660508552));
#8593=CARTESIAN_POINT('',(10.2182058614133,21.5083464082621,3.11120329572682));
#8594=CARTESIAN_POINT('',(10.220594203223,21.5081274225494,3.11128300000796));
#8595=CARTESIAN_POINT('',(10.2229825450946,21.5079084374325,3.11136270407226));
#8596=CARTESIAN_POINT('',(10.2220657178706,21.5617589066276,3.09176273618397));
#8597=CARTESIAN_POINT('',(10.2244639534792,21.5615497381537,3.09183886728242));
#8598=CARTESIAN_POINT('',(10.2268626573926,21.5613454639296,3.09191321701964));
#8599=CARTESIAN_POINT('',(10.2253708868845,21.507689451529,3.11144240842289));
#8600=CARTESIAN_POINT('',(10.2265650577794,21.5075799585772,3.1114822605982));
#8601=CARTESIAN_POINT('',(10.227759058141,21.5074687337601,3.11152274312093));
#8602=CARTESIAN_POINT('',(10.2292609181281,21.5611366248637,3.09198922822338));
#8603=CARTESIAN_POINT('',(10.2304600484959,21.5610322053307,3.09202723382524));
#8604=CARTESIAN_POINT('',(10.231658969716,21.5609256617728,3.092066012509));
#8605=CARTESIAN_POINT('',(10.228953062831,21.5073575529055,3.11156320964262));
#8606=CARTESIAN_POINT('',(10.230147067521,21.5072463720509,3.11160367616432));
#8607=CARTESIAN_POINT('',(10.2313410765394,21.5071352351588,3.11164412668496));
#8608=CARTESIAN_POINT('',(10.2328576739795,21.5608169148766,3.09210559314227));
#8609=CARTESIAN_POINT('',(10.234056378243,21.5607081679804,3.09214517377554));
#8610=CARTESIAN_POINT('',(10.235254897066,21.5605975378139,3.09218543986317));
#8611=CARTESIAN_POINT('',(10.2325352647479,21.507025918057,3.1116839148561));
#8612=CARTESIAN_POINT('',(10.2337294529564,21.5069166009553,3.11172370302724));
#8613=CARTESIAN_POINT('',(10.2349238705492,21.5068096133976,3.11176264331367));
#8614=CARTESIAN_POINT('',(10.2364534395515,21.560487147954,3.09222561848633));
#8615=CARTESIAN_POINT('',(10.237651982037,21.5603767580942,3.0922657971095));
#8616=CARTESIAN_POINT('',(10.2388506005566,21.5602671627205,3.09230568656331));
#8617=CARTESIAN_POINT('',(10.2361187226311,21.5067070383538,3.11179997757639));
#8618=CARTESIAN_POINT('',(10.2373135747129,21.50660446331,3.1118373118391));
#8619=CARTESIAN_POINT('',(10.2385088073844,21.5065057533989,3.11187323930858));
#8620=CARTESIAN_POINT('',(10.2400494734786,21.5601601280999,3.09234464397926));
#8621=CARTESIAN_POINT('',(10.2412483464006,21.5600530934792,3.09238360139521));
#8622=CARTESIAN_POINT('',(10.2424474467752,21.5599483459209,3.09242172638854));
#8623=CARTESIAN_POINT('',(10.239704182596,21.5064084910737,3.11190863989987));
#8624=CARTESIAN_POINT('',(10.2408995578076,21.5063112287485,3.11194404049116));
#8625=CARTESIAN_POINT('',(10.2420950755591,21.5062154140092,3.11197891420426));
#8626=CARTESIAN_POINT('',(10.2436467313936,21.5598454014335,3.09245919511776));
#8627=CARTESIAN_POINT('',(10.2448460160119,21.559742456946,3.09249666384698));
#8628=CARTESIAN_POINT('',(10.2460454107782,21.559640592244,3.09253373956643));
#8629=CARTESIAN_POINT('',(10.2432904978012,21.5061186293092,3.11201414095421));
#8630=CARTESIAN_POINT('',(10.2444859200433,21.5060218446091,3.11204936770416));
#8631=CARTESIAN_POINT('',(10.2456811682298,21.5059232922625,3.11208523782485));
#8632=CARTESIAN_POINT('',(10.2472446618948,21.5595373644755,3.09257131140152));
#8633=CARTESIAN_POINT('',(10.2484439130113,21.559434136707,3.09260888323661));
#8634=CARTESIAN_POINT('',(10.2496429812051,21.5593291470291,3.09264709635428));
#8635=CARTESIAN_POINT('',(10.2468764445533,21.5058250256657,3.1121210039411));
#8636=CARTESIAN_POINT('',(10.2492669972003,21.5056284924721,3.11219253617362));
#8637=CARTESIAN_POINT('',(10.2516575498474,21.5054319592785,3.11226406840613));
#8638=CARTESIAN_POINT('',(10.2508418327995,21.5592221880613,3.09268602623483));
#8639=CARTESIAN_POINT('',(10.2532395359883,21.5590082701257,3.09276388599594));
#8640=CARTESIAN_POINT('',(10.2556362799192,21.5587855685108,3.09284494275489));
#8641=CARTESIAN_POINT('',(10.2540481024944,21.5052354260849,3.11233560063865));
#8642=CARTESIAN_POINT('',(10.2564386551415,21.5050388928913,3.11240713287116));
#8643=CARTESIAN_POINT('',(10.2588292077885,21.5048423596977,3.11247866510367));
#8644=CARTESIAN_POINT('',(10.2580331406661,21.5585639365516,3.09292561019101));
#8645=CARTESIAN_POINT('',(10.2604300014131,21.5583423045924,3.09300627762712));
#8646=CARTESIAN_POINT('',(10.2628271340152,21.5581231619435,3.09308603902838));
#8647=CARTESIAN_POINT('',(10.2612197604356,21.5046458265041,3.11255019733619));
#8648=CARTESIAN_POINT('',(10.2624150367591,21.5045475599073,3.11258596345245));
#8649=CARTESIAN_POINT('',(10.2636103612795,21.5044498425986,3.11262152964421));
#8650=CARTESIAN_POINT('',(10.2652241875728,21.5579032955061,3.09316606386713));
#8651=CARTESIAN_POINT('',(10.2664227143517,21.5577933622873,3.0932060762865));
#8652=CARTESIAN_POINT('',(10.2676212472369,21.5576835537411,3.09324604332881));
#8653=CARTESIAN_POINT('',(10.2648055593659,21.5043506843521,3.11265762029439));
#8654=CARTESIAN_POINT('',(10.2660007574523,21.5042515261057,3.11269371094457));
#8655=CARTESIAN_POINT('',(10.2671958203504,21.5041508271523,3.11273036236624));
#8656=CARTESIAN_POINT('',(10.2688197442698,21.5575732528227,3.0932861895799));
#8657=CARTESIAN_POINT('',(10.2700182413027,21.5574629519044,3.093326335831));
#8658=CARTESIAN_POINT('',(10.2712166981062,21.5573521087292,3.09336667944742));
#8659=CARTESIAN_POINT('',(10.268390960371,21.5040510071437,3.11276669387813));
#8660=CARTESIAN_POINT('',(10.270781240412,21.5038513671267,3.11283935690192));
#8661=CARTESIAN_POINT('',(10.2731720450522,21.503657705833,3.11290984384834));
#8662=CARTESIAN_POINT('',(10.2724152661923,21.5572423111915,3.09340664248293));
#8663=CARTESIAN_POINT('',(10.2748124023645,21.5570227161162,3.09348656855396));
#8664=CARTESIAN_POINT('',(10.2772098830891,21.5568067960164,3.09356515704326));
#8665=CARTESIAN_POINT('',(10.2755643310002,21.5034809266531,3.11297418620787));
#8666=CARTESIAN_POINT('',(10.2779566169482,21.5033041474732,3.11303852856739));
#8667=CARTESIAN_POINT('',(10.2803498844221,21.5031385545092,3.11309879947727));
#8668=CARTESIAN_POINT('',(10.2796070228047,21.5565903008395,3.0936439548435));
#8669=CARTESIAN_POINT('',(10.2820041625204,21.5563738056627,3.09372275264373));
#8670=CARTESIAN_POINT('',(10.2844008215848,21.556154806436,3.09380246184358));
#8671=CARTESIAN_POINT('',(10.2827424349724,21.502964790908,3.11316204425591));
#8672=CARTESIAN_POINT('',(10.2851349855227,21.5027910273068,3.11322528903455));
#8673=CARTESIAN_POINT('',(10.2875274845669,21.5026166766473,3.11328874748495));
#8674=CARTESIAN_POINT('',(10.2867973328495,21.5559334778436,3.0938830188632));
#8675=CARTESIAN_POINT('',(10.2891938441142,21.5557121492512,3.09396357588282));
#8676=CARTESIAN_POINT('',(10.2915908985915,21.5554950799971,3.0940425826301));
#8677=CARTESIAN_POINT('',(10.2899200090134,21.5024426155189,3.11335210055461));
#8678=CARTESIAN_POINT('',(10.2911162712366,21.5023555849548,3.11338377708943));
#8679=CARTESIAN_POINT('',(10.2923125334781,21.5022685546121,3.11341545354364));
#8680=CARTESIAN_POINT('',(10.2939877109766,21.5552761347331,3.09412227218913));
#8681=CARTESIAN_POINT('',(10.2951861171692,21.5551666621011,3.09416211696864));
#8682=CARTESIAN_POINT('',(10.2963844254977,21.5550564410224,3.09420223416045));
#8683=CARTESIAN_POINT('',(10.2935087957309,21.5021815244075,3.11344712994761));
#8684=CARTESIAN_POINT('',(10.2947050579838,21.5020944942028,3.11347880635158));
#8685=CARTESIAN_POINT('',(10.295901320248,21.5020074641362,3.11351048270533));
#8686=CARTESIAN_POINT('',(10.2975824752551,21.5549442423542,3.09424307113602));
#8687=CARTESIAN_POINT('',(10.2987805250125,21.5548320436859,3.09428390811159));
#8688=CARTESIAN_POINT('',(10.2999782832046,21.5547176150806,3.09432555671789));
#8689=CARTESIAN_POINT('',(10.2970975825167,21.501920434124,3.11354215903924));
#8690=CARTESIAN_POINT('',(10.2994901070542,21.5017463740997,3.11360551170707));
#8691=CARTESIAN_POINT('',(10.3018827349189,21.5015736553074,3.11366837620635));
#8692=CARTESIAN_POINT('',(10.3011758937352,21.5546020571337,3.09436761637088));
#8693=CARTESIAN_POINT('',(10.3035711147963,21.55437094124,3.09445173567687));
#8694=CARTESIAN_POINT('',(10.3059658430343,21.5541363909376,3.09453710500537));
#8695=CARTESIAN_POINT('',(10.3042749847276,21.5013960293149,3.11373302678047));
#8696=CARTESIAN_POINT('',(10.3066672345363,21.5012184033224,3.11379767735458));
#8697=CARTESIAN_POINT('',(10.3090593410576,21.5010389174545,3.11386300486795));
#8698=CARTESIAN_POINT('',(10.3083610452192,21.5539043250925,3.09462157006537));
#8699=CARTESIAN_POINT('',(10.3107562474042,21.5536722592475,3.09470603512536));
#8700=CARTESIAN_POINT('',(10.313151817982,21.5534423722117,3.09478970716362));
#8701=CARTESIAN_POINT('',(10.3114527915537,21.5008768766619,3.1139219828932));
#8702=CARTESIAN_POINT('',(10.3138462420498,21.5007148358693,3.11398096091845));
#8703=CARTESIAN_POINT('',(10.3162409706036,21.5005693845578,3.11403390086636));
#8704=CARTESIAN_POINT('',(10.3155471128659,21.553214512572,3.09487264129007));
#8705=CARTESIAN_POINT('',(10.3179424077498,21.5529866529322,3.09495557541653));
#8706=CARTESIAN_POINT('',(10.3203370470367,21.5527579418053,3.09503881945896));
#8707=CARTESIAN_POINT('',(10.3186354855127,21.5004211600884,3.1140878501612));
#8708=CARTESIAN_POINT('',(10.3198327429672,21.5003470478537,3.11411482480863));
#8709=CARTESIAN_POINT('',(10.3210299049458,21.500271696317,3.1141422505251));
#8710=CARTESIAN_POINT('',(10.3227314067298,21.5525266235122,3.0951230124323));
#8711=CARTESIAN_POINT('',(10.3239285865763,21.5524109643656,3.09516510891897));
#8712=CARTESIAN_POINT('',(10.3251256959808,21.5522945251703,3.09520748932017));
#8713=CARTESIAN_POINT('',(10.3222270346558,21.5001959259269,3.11416982869175));
#8714=CARTESIAN_POINT('',(10.3234241643658,21.5001201555367,3.1141974068584));
#8715=CARTESIAN_POINT('',(10.3246212618073,21.5000439662932,3.11422513747523));
#8716=CARTESIAN_POINT('',(10.3263229399317,21.5521789410756,3.09524955849019));
#8717=CARTESIAN_POINT('',(10.3275201838827,21.5520633569809,3.09529162766022));
#8718=CARTESIAN_POINT('',(10.3287175751447,21.5519486377745,3.09533338203666));
#8719=CARTESIAN_POINT('',(10.3258183901878,21.4999681786448,3.11425272192336));
#8720=CARTESIAN_POINT('',(10.3270155185682,21.4998923909964,3.11428030637149));
#8721=CARTESIAN_POINT('',(10.328212663886,21.499816858598,3.11430779791626));
#8722=CARTESIAN_POINT('',(10.3299149596002,21.551833972369,3.09537511683118));
#8723=CARTESIAN_POINT('',(10.3311123440557,21.5517193069634,3.09541685162569));
#8724=CARTESIAN_POINT('',(10.3323097145775,21.5516046221503,3.09545859348398));
#8725=CARTESIAN_POINT('',(10.3294097786379,21.4997408655475,3.11433545712463));
#8726=CARTESIAN_POINT('',(10.3306068933899,21.4996648724971,3.114363116333));
#8727=CARTESIAN_POINT('',(10.331803977576,21.4995884187947,3.11439094320497));
#8728=CARTESIAN_POINT('',(10.3335068613123,21.5514883385597,3.09550091724972));
#8729=CARTESIAN_POINT('',(10.3347040080471,21.551372054969,3.09554324101546));
#8730=CARTESIAN_POINT('',(10.3359008587892,21.5512537160971,3.0955863128424));
#8731=CARTESIAN_POINT('',(10.333000983693,21.4995107885385,3.1144191983075));
#8732=CARTESIAN_POINT('',(10.3353949959272,21.4993555280261,3.11447570851256));
#8733=CARTESIAN_POINT('',(10.3377889451892,21.4991993184702,3.11453256414124));
#8734=CARTESIAN_POINT('',(10.3370975011805,21.5511336159766,3.09563002571139));
#8735=CARTESIAN_POINT('',(10.3394907859633,21.5508934157356,3.09571745144937));
#8736=CARTESIAN_POINT('',(10.3418833870274,21.5506484689135,3.0958066048016));
#8737=CARTESIAN_POINT('',(10.3401840864735,21.4990610733716,3.11458288124214));
#8738=CARTESIAN_POINT('',(10.3425792277579,21.4989228282731,3.11463319834305));
#8739=CARTESIAN_POINT('',(10.3449754179891,21.4988003913691,3.11467776173167));
#8740=CARTESIAN_POINT('',(10.344275896304,21.5504082436817,3.09589403963547));
#8741=CARTESIAN_POINT('',(10.3466684055805,21.55016801845,3.09598147446934));
#8742=CARTESIAN_POINT('',(10.3490607515316,21.5499314366772,3.0960675831926));
#8743=CARTESIAN_POINT('',(10.3473713727304,21.498674405536,3.11472361682486));
#8744=CARTESIAN_POINT('',(10.348569350101,21.4986114126194,3.11474654437146));
#8745=CARTESIAN_POINT('',(10.3497672472046,21.4985472100502,3.11476991219561));
#8746=CARTESIAN_POINT('',(10.3514522563726,21.5496888312226,3.09615588435677));
#8747=CARTESIAN_POINT('',(10.3526480087931,21.5495675284952,3.09620003493885));
#8748=CARTESIAN_POINT('',(10.3538435680141,21.549444755361,3.09624472070527));
#8749=CARTESIAN_POINT('',(10.3509651186187,21.4984826203338,3.11479342092981));
#8750=CARTESIAN_POINT('',(10.3521629900327,21.4984180306175,3.11481692966402));
#8751=CARTESIAN_POINT('',(10.3533608357572,21.4983530537539,3.11484057930826));
#8752=CARTESIAN_POINT('',(10.3550388471653,21.5493202976873,3.09629001959391));
#8753=CARTESIAN_POINT('',(10.3562341263166,21.5491958400137,3.09633531848256));
#8754=CARTESIAN_POINT('',(10.3574290488314,21.5490692136022,3.09638140672721));
#8755=CARTESIAN_POINT('',(10.3545587103696,21.4982885122487,3.11486407049503));
#8756=CARTESIAN_POINT('',(10.3569544595943,21.4981594292383,3.11491105286857));
#8757=CARTESIAN_POINT('',(10.3593502441341,21.4980309804344,3.11495780440983));
#8758=CARTESIAN_POINT('',(10.358623852744,21.5489420404871,3.09642769395571));
#8759=CARTESIAN_POINT('',(10.361013460569,21.5486876942568,3.09652026841271));
#8760=CARTESIAN_POINT('',(10.3634026991709,21.5484314968492,3.09661351664319));
#8761=CARTESIAN_POINT('',(10.3617457848874,21.4978981539339,3.11500614930234));
#8762=CARTESIAN_POINT('',(10.3641413256406,21.4977653274334,3.11505449419484));
#8763=CARTESIAN_POINT('',(10.3665368685154,21.4976325390487,3.11510282521433));
#8764=CARTESIAN_POINT('',(10.3657926350252,21.548177668845,3.09670590248133));
#8765=CARTESIAN_POINT('',(10.3681825708796,21.5479238408409,3.09679828831947));
#8766=CARTESIAN_POINT('',(10.3705728498993,21.547671881799,3.09688999391096));
#8767=CARTESIAN_POINT('',(10.3689334275925,21.4975179989201,3.11514451441174));
#8768=CARTESIAN_POINT('',(10.3713299866695,21.4974034587916,3.11518620360916));
#8769=CARTESIAN_POINT('',(10.3737273835188,21.4973039628418,3.11522241717333));
#8770=CARTESIAN_POINT('',(10.3729621950908,21.5474212497866,3.09698121650325));
#8771=CARTESIAN_POINT('',(10.3753515402824,21.5471706177741,3.09707243909554));
#8772=CARTESIAN_POINT('',(10.3777403746479,21.5469222632286,3.09716283275765));
#8773=CARTESIAN_POINT('',(10.3761245407014,21.4972001630473,3.11526019720885));
#8774=CARTESIAN_POINT('',(10.378521697884,21.4970963632528,3.11529797724437));
#8775=CARTESIAN_POINT('',(10.3809186003819,21.4969879898874,3.11533742192356));
#8776=CARTESIAN_POINT('',(10.3801283532491,21.5466680237516,3.09725536835965));
#8777=CARTESIAN_POINT('',(10.3825163318502,21.5464137842746,3.09734790396164));
#8778=CARTESIAN_POINT('',(10.3849033461611,21.5461530574844,3.09744280075254));
#8779=CARTESIAN_POINT('',(10.3833156020012,21.4968813964648,3.11537621875654));
#8780=CARTESIAN_POINT('',(10.3857126036204,21.4967748030423,3.11541501558952));
#8781=CARTESIAN_POINT('',(10.3881096142716,21.4966684101026,3.11545373945268));
#8782=CARTESIAN_POINT('',(10.3872895966495,21.5458890095159,3.09753890635353));
#8783=CARTESIAN_POINT('',(10.3896758471379,21.5456249615473,3.09763501195451));
#8784=CARTESIAN_POINT('',(10.3920614028602,21.5453576047305,3.09773232187775));
#8785=CARTESIAN_POINT('',(10.3905064475857,21.4965580797341,3.11549389642277));
#8786=CARTESIAN_POINT('',(10.3929032808997,21.4964477493655,3.11553405339287));
#8787=CARTESIAN_POINT('',(10.3953001624257,21.4963384894149,3.1155738207627));
#8788=CARTESIAN_POINT('',(10.3944454839351,21.5450816648632,3.09783275577588));
#8789=CARTESIAN_POINT('',(10.39682956501,21.544805724996,3.09793318967401));
#8790=CARTESIAN_POINT('',(10.3992125312182,21.5445248110866,3.09803543397542));
#8791=CARTESIAN_POINT('',(10.3976978689837,21.49624754754,3.1156069208982));
#8792=CARTESIAN_POINT('',(10.4000955755416,21.4961566056651,3.1156400210337));
#8793=CARTESIAN_POINT('',(10.4024939261423,21.4960799633866,3.11566791654178));
#8794=CARTESIAN_POINT('',(10.4015967413874,21.5442570779438,3.09813288087012));
#8795=CARTESIAN_POINT('',(10.4039809515566,21.543989344801,3.09823032776482));
#8796=CARTESIAN_POINT('',(10.4063664207927,21.5437330804122,3.09832360037445));
#8797=CARTESIAN_POINT('',(10.4048920504442,21.495998296574,3.11569764083067));
#8798=CARTESIAN_POINT('',(10.4072901747461,21.4959166297615,3.11572736511956));
#8799=CARTESIAN_POINT('',(10.4096881113664,21.4958307957848,3.11575860613216));
#8800=CARTESIAN_POINT('',(10.4087506580119,21.5434691566316,3.0984196607747));
#8801=CARTESIAN_POINT('',(10.4111348952312,21.543205232851,3.09851572117495));
#8802=CARTESIAN_POINT('',(10.4135176216109,21.542932646232,3.09861493459053));
#8803=CARTESIAN_POINT('',(10.4120861256527,21.4957466862204,3.11578921951002));
#8804=CARTESIAN_POINT('',(10.4144841399389,21.495662576656,3.11581983288789));
#8805=CARTESIAN_POINT('',(10.4168821451295,21.4955782026651,3.11585054250912));
#8806=CARTESIAN_POINT('',(10.4158996280154,21.542657437606,3.09871510233862));
#8807=CARTESIAN_POINT('',(10.4182816344199,21.5423822289799,3.09881527008671));
#8808=CARTESIAN_POINT('',(10.4206626824671,21.5421027513369,3.09891699162992));
#8809=CARTESIAN_POINT('',(10.419280032859,21.4954904149851,3.11588249461158));
#8810=CARTESIAN_POINT('',(10.4216779205885,21.4954026273051,3.11591444671405));
#8811=CARTESIAN_POINT('',(10.4240758810247,21.4953169525802,3.1159456297637));
#8812=CARTESIAN_POINT('',(10.4230427351898,21.5418174188718,3.09902084415408));
#8813=CARTESIAN_POINT('',(10.4254227879125,21.5415320864067,3.09912469667824));
#8814=CARTESIAN_POINT('',(10.4278019196066,21.541243674947,3.09922966986479));
#8815=CARTESIAN_POINT('',(10.4264744681594,21.4952494908092,3.1159701838403));
#8816=CARTESIAN_POINT('',(10.428873055294,21.4951820290382,3.11599473791689));
#8817=CARTESIAN_POINT('',(10.4312721099127,21.4951281531479,3.11601434713731));
#8818=CARTESIAN_POINT('',(10.4301803772274,21.5409602543443,3.09933282652795));
#8819=CARTESIAN_POINT('',(10.4325588348482,21.5406768337416,3.09943598319112));
#8820=CARTESIAN_POINT('',(10.4349365387885,21.5403960904593,3.09953816538935));
#8821=CARTESIAN_POINT('',(10.4336709682421,21.495068572759,3.11603603262542));
#8822=CARTESIAN_POINT('',(10.4348703974068,21.4950387825646,3.11604687536947));
#8823=CARTESIAN_POINT('',(10.4360697587033,21.4950065464132,3.11605860836903));
#8824=CARTESIAN_POINT('',(10.437313127121,21.54010839916,3.09964287645893));
#8825=CARTESIAN_POINT('',(10.4385014212872,21.5399645535104,3.09969523199373));
#8826=CARTESIAN_POINT('',(10.4396894714252,21.539818680433,3.09974832545189));
#8827=CARTESIAN_POINT('',(10.4372691098565,21.4949739987976,3.11607045473233));
#8828=CARTESIAN_POINT('',(10.4384684610097,21.4949414511819,3.11608230109562));
#8829=CARTESIAN_POINT('',(10.4396678020196,21.4949085921019,3.11609426082266));
#8830=CARTESIAN_POINT('',(10.4408770469531,21.5396707795013,3.09980215698864));
#8831=CARTESIAN_POINT('',(10.442064622481,21.5395228785696,3.09985598852539));
#8832=CARTESIAN_POINT('',(10.4432517976929,21.5393732446121,3.09991045083197));
#8833=CARTESIAN_POINT('',(10.440867190611,21.4948775560502,3.11610555702168));
#8834=CARTESIAN_POINT('',(10.4420665792024,21.4948465199985,3.1161168532207));
#8835=CARTESIAN_POINT('',(10.4432660157495,21.4948174990355,3.11612741598737));
#8836=CARTESIAN_POINT('',(10.4444388915682,21.5392241026398,3.09996473407055));
#8837=CARTESIAN_POINT('',(10.4456259854434,21.5390749606676,3.10001901730913));
#8838=CARTESIAN_POINT('',(10.4468129981689,21.5389264067108,3.10007308652757));
#8839=CARTESIAN_POINT('',(10.4444655561157,21.4947928405465,3.11613639094342));
#8840=CARTESIAN_POINT('',(10.445665096482,21.4947681820574,3.11614536589947));
#8841=CARTESIAN_POINT('',(10.4468647340629,21.4947476085296,3.11615285405121));
#8842=CARTESIAN_POINT('',(10.4480002477933,21.538780772227,3.10012609314477));
#8843=CARTESIAN_POINT('',(10.4491874974177,21.5386351377432,3.10017909976197));
#8844=CARTESIAN_POINT('',(10.450375065104,21.5384926050975,3.10023097740242));
#8845=CARTESIAN_POINT('',(10.4480644115944,21.4947287137161,3.1161597312009));
#8846=CARTESIAN_POINT('',(10.449264089126,21.4947098189026,3.1161666083506));
#8847=CARTESIAN_POINT('',(10.450463806608,21.4946926028034,3.11617287449826));
#8848=CARTESIAN_POINT('',(10.4515627211576,21.5383511621178,3.10028245843685));
#8849=CARTESIAN_POINT('',(10.4527503772113,21.5382097191382,3.10033393947128));
#8850=CARTESIAN_POINT('',(10.4539380886769,21.5380692509778,3.10038506570052));
#8851=CARTESIAN_POINT('',(10.4516635067767,21.4946746591715,3.11617940544616));
#8852=CARTESIAN_POINT('',(10.4528632069453,21.4946567155396,3.11618593639405));
#8853=CARTESIAN_POINT('',(10.4540628682501,21.4946371388319,3.11619306173294));
#8854=CARTESIAN_POINT('',(10.4551255308944,21.5379274228859,3.10043668690435));
#8855=CARTESIAN_POINT('',(10.456312973112,21.537785594794,3.10048830810819));
#8856=CARTESIAN_POINT('',(10.4575001353063,21.537641953999,3.10054058908201));
#8857=CARTESIAN_POINT('',(10.455262529111,21.4946175434224,3.11620019387872));
#8858=CARTESIAN_POINT('',(10.4576618508328,21.4945783526035,3.11621445817027));
#8859=CARTESIAN_POINT('',(10.4600611725425,21.494539161138,3.11622872269714));
#8860=CARTESIAN_POINT('',(10.4586867406593,21.5374961760605,3.10059364791241));
#8861=CARTESIAN_POINT('',(10.4610599513652,21.5372046201837,3.10069976557322));
#8862=CARTESIAN_POINT('',(10.4634311631978,21.5369054228962,3.10080866448005));
#8863=CARTESIAN_POINT('',(10.4624604942669,21.4944999704589,3.1162429869378));
#8864=CARTESIAN_POINT('',(10.4648598159912,21.4944607797798,3.11625725117847));
#8865=CARTESIAN_POINT('',(10.4672590495023,21.4944149086224,3.11627394691435));
#8866=CARTESIAN_POINT('',(10.4658027797706,21.5366077731742,3.10091700011909));
#8867=CARTESIAN_POINT('',(10.4681743963434,21.5363101234522,3.10102533575813));
#8868=CARTESIAN_POINT('',(10.4705470845562,21.536013321067,3.10113336299178));
#8869=CARTESIAN_POINT('',(10.4696583724715,21.4943758119084,3.11628817695451));
#8870=CARTESIAN_POINT('',(10.4708580339561,21.4943562635514,3.11629529197458));
#8871=CARTESIAN_POINT('',(10.4720577246742,21.4943389289813,3.11630160124211));
#8872=CARTESIAN_POINT('',(10.4729193894408,21.5357183029635,3.10124074080003));
#8873=CARTESIAN_POINT('',(10.4741055418831,21.5355707939118,3.10129442970415));
#8874=CARTESIAN_POINT('',(10.4752915323691,21.5354237440744,3.10134795146792));
#8875=CARTESIAN_POINT('',(10.4732574734444,21.4943259905709,3.11630631043838));
#8876=CARTESIAN_POINT('',(10.4744572222146,21.4943130521605,3.11631101963465));
#8877=CARTESIAN_POINT('',(10.4756570228317,21.4943040400166,3.11631429978678));
#8878=CARTESIAN_POINT('',(10.4764770644027,21.535277104219,3.10140132401045));
#8879=CARTESIAN_POINT('',(10.4776625964363,21.5351304643635,3.10145469655298));
#8880=CARTESIAN_POINT('',(10.4788477185538,21.5349841701954,3.10150794327563));
#8881=CARTESIAN_POINT('',(10.4768568436056,21.4942965542795,3.11631702437226));
#8882=CARTESIAN_POINT('',(10.4792564851534,21.4942815828054,3.11632247354322));
#8883=CARTESIAN_POINT('',(10.48165616639,21.4942710237978,3.11632631670767));
#8884=CARTESIAN_POINT('',(10.4800326466691,21.5348378738252,3.10156119079975));
#8885=CARTESIAN_POINT('',(10.4824025028996,21.5345452810849,3.10166768584799));
#8886=CARTESIAN_POINT('',(10.4847714096975,21.5342513267658,3.10177467647037));
#8887=CARTESIAN_POINT('',(10.4840557764218,21.4942512960841,3.11633349700825));
#8888=CARTESIAN_POINT('',(10.4864553864536,21.4942315683704,3.11634067730883));
#8889=CARTESIAN_POINT('',(10.4888549863726,21.494207998311,3.11634925610886));
#8890=CARTESIAN_POINT('',(10.4871388338763,21.5339478237559,3.101885142532));
#8891=CARTESIAN_POINT('',(10.4895062580551,21.5336443207459,3.10199560859363));
#8892=CARTESIAN_POINT('',(10.4918715871494,21.5333315288392,3.10210945553719));
#8893=CARTESIAN_POINT('',(10.4912546265813,21.4941997393931,3.11635226210916));
#8894=CARTESIAN_POINT('',(10.49365426679,21.4941914804751,3.11635526810946));
#8895=CARTESIAN_POINT('',(10.4960539543302,21.4942012083751,3.11635172744343));
#8896=CARTESIAN_POINT('',(10.4942374064092,21.5330280494035,3.10221991301852));
#8897=CARTESIAN_POINT('',(10.496603225669,21.5327245699677,3.10233037049985));
#8898=CARTESIAN_POINT('',(10.498969718586,21.532432375264,3.10243672067462));
#8899=CARTESIAN_POINT('',(10.4984536408183,21.4942105373668,3.11634833196813));
#8900=CARTESIAN_POINT('',(10.5008533273063,21.4942198663585,3.11634493649283));
#8901=CARTESIAN_POINT('',(10.503253001951,21.4942246959584,3.11634317866224));
#8902=CARTESIAN_POINT('',(10.5013359788307,21.532139162747,3.10254344130311));
#8903=CARTESIAN_POINT('',(10.5037022390754,21.53184595023,3.1026501619316));
#8904=CARTESIAN_POINT('',(10.5060683838852,21.5315501164516,3.10275783662124));
#8905=CARTESIAN_POINT('',(10.5056526786704,21.4942303150558,3.11634113347803));
#8906=CARTESIAN_POINT('',(10.5080523553899,21.4942359341533,3.11633908829381));
#8907=CARTESIAN_POINT('',(10.5104520186264,21.4942432546178,3.11633642386263));
#8908=CARTESIAN_POINT('',(10.5084351551328,21.5312567992619,3.10286459534748));
#8909=CARTESIAN_POINT('',(10.5108019263803,21.5309634820723,3.10297135407372));
#8910=CARTESIAN_POINT('',(10.5131687528673,21.530671225847,3.1030777266405));
#8911=CARTESIAN_POINT('',(10.512851720232,21.4942457334412,3.11633552164469));
#8912=CARTESIAN_POINT('',(10.5152514218377,21.4942482122646,3.11633461942675));
#8913=CARTESIAN_POINT('',(10.517651149868,21.4942473567658,3.11633493080285));
#8914=CARTESIAN_POINT('',(10.5155331128222,21.5303681152824,3.10318804986369));
#8915=CARTESIAN_POINT('',(10.5178974727772,21.5300650047178,3.10329837308689));
#8916=CARTESIAN_POINT('',(10.5202597096306,21.5297529789185,3.10341194119018));
#8917=CARTESIAN_POINT('',(10.5200507530708,21.4942622522775,3.11632950927997));
#8918=CARTESIAN_POINT('',(10.5224503562736,21.4942771477892,3.11632408775709));
#8919=CARTESIAN_POINT('',(10.5248498190894,21.4943097578291,3.11631221867322));
#8920=CARTESIAN_POINT('',(10.5226223821099,21.5294505183703,3.10352202782677));
#8921=CARTESIAN_POINT('',(10.5249850545892,21.5291480578221,3.10363211446336));
#8922=CARTESIAN_POINT('',(10.5273483240881,21.5288567182558,3.10373815339355));
#8923=CARTESIAN_POINT('',(10.527249289686,21.4943413858523,3.11630070701421));
#8924=CARTESIAN_POINT('',(10.5296487602826,21.4943730138755,3.1162891953552));
#8925=CARTESIAN_POINT('',(10.5320482679075,21.4943999691537,3.1162793844363));
#8926=CARTESIAN_POINT('',(10.5297113564843,21.5285640700406,3.10384466863298));
#8927=CARTESIAN_POINT('',(10.5320743888805,21.5282714218255,3.1039511838724));
#8928=CARTESIAN_POINT('',(10.5344374398138,21.5279764373139,3.1040585494542));
#8929=CARTESIAN_POINT('',(10.5344477675153,21.4944279358172,3.11626920540322));
#8930=CARTESIAN_POINT('',(10.5392467667309,21.4944838691443,3.11624884733705));
#8931=CARTESIAN_POINT('',(10.5440457659603,21.4945398014287,3.11622848965041));
#8932=CARTESIAN_POINT('',(10.5368004867882,21.5276819586607,3.10416573091857));
#8933=CARTESIAN_POINT('',(10.541526580737,21.5270930013544,3.10438009384732));
#8934=CARTESIAN_POINT('',(10.546252674403,21.5265040425618,3.10459445731703));
#8935=CARTESIAN_POINT('',(10.5488447652195,21.4945957314522,3.11620813278665));
#8936=CARTESIAN_POINT('',(10.5512442648491,21.4946236964639,3.11619795435478));
#8937=CARTESIAN_POINT('',(10.5536439094779,21.4946438074789,3.11619063454394));
#8938=CARTESIAN_POINT('',(10.5509787683463,21.5259150835128,3.10480882088009));
#8939=CARTESIAN_POINT('',(10.553341815318,21.5256206039882,3.10491600266162));
#8940=CARTESIAN_POINT('',(10.555704934856,21.5253221976874,3.10502461367284));
#8941=CARTESIAN_POINT('',(10.5560433823195,21.4946732231665,3.11617992810923));
#8942=CARTESIAN_POINT('',(10.5572431187403,21.4946879310103,3.11617457489188));
#8943=CARTESIAN_POINT('',(10.5584428046258,21.4947053760566,3.11616822541429));
#8944=CARTESIAN_POINT('',(10.5580679685339,21.5250284438346,3.10513153133146));
#8945=CARTESIAN_POINT('',(10.5592494853728,21.5248815669082,3.10518499016076));
#8946=CARTESIAN_POINT('',(10.5604309769525,21.524736058611,3.10523795084979));
#8947=CARTESIAN_POINT('',(10.5596424122889,21.4947270579402,3.11616033385403));
#8948=CARTESIAN_POINT('',(10.5608420199519,21.4947487398238,3.11615244229377));
#8949=CARTESIAN_POINT('',(10.5620415620627,21.4947739722713,3.11614325843395));
#8950=CARTESIAN_POINT('',(10.5616124294252,21.5245926687466,3.10529014049233));
#8951=CARTESIAN_POINT('',(10.562793881898,21.5244492788822,3.10534233013487));
#8952=CARTESIAN_POINT('',(10.5639753015988,21.5243076643138,3.10539387362249));
#8953=CARTESIAN_POINT('',(10.5632410824477,21.4948003814645,3.11613364627373));
#8954=CARTESIAN_POINT('',(10.5644406028327,21.4948267906576,3.1161240341135));
#8955=CARTESIAN_POINT('',(10.5656401014921,21.4948543765965,3.11611399365288));
#8956=CARTESIAN_POINT('',(10.5651567104368,21.5241666381187,3.10544520295977));
#8957=CARTESIAN_POINT('',(10.5663381192749,21.5240256119235,3.10549653229706));
#8958=CARTESIAN_POINT('',(10.5675195172502,21.5238851741016,3.10554764748402));
#8959=CARTESIAN_POINT('',(10.5668396222524,21.4948807654628,3.11610438889103));
#8960=CARTESIAN_POINT('',(10.5680391430128,21.4949071543291,3.11609478412917));
#8961=CARTESIAN_POINT('',(10.5692386956911,21.4949318143947,3.11608580859934));
#8962=CARTESIAN_POINT('',(10.568700926272,21.5237441377299,3.10559898052527));
#8963=CARTESIAN_POINT('',(10.5698823352937,21.5236031013582,3.10565031356651));
#8964=CARTESIAN_POINT('',(10.5710637602705,21.5234612005727,3.10570196122865));
#8965=CARTESIAN_POINT('',(10.5704382396364,21.4949569474743,3.11607666090645));
#8966=CARTESIAN_POINT('',(10.572837327527,21.4950072136336,3.11605836552067));
#8967=CARTESIAN_POINT('',(10.5752364154176,21.4950574797929,3.11604007013488));
#8968=CARTESIAN_POINT('',(10.5722451808725,21.523319536267,3.10575352281919));
#8969=CARTESIAN_POINT('',(10.5746080220766,21.5230362076556,3.10585664600025));
#8970=CARTESIAN_POINT('',(10.5769708632479,21.5227528789352,3.10595976922098));
#8971=CARTESIAN_POINT('',(10.5776355033082,21.4951077459523,3.1160217747491));
#8972=CARTESIAN_POINT('',(10.5800345911988,21.4951580121116,3.11600347936332));
#8973=CARTESIAN_POINT('',(10.582433914091,21.4952001698905,3.11598813518666));
#8974=CARTESIAN_POINT('',(10.5793337043534,21.5224695499955,3.10606289252153));
#8975=CARTESIAN_POINT('',(10.5816965454589,21.5221862210558,3.10616601582209));
#8976=CARTESIAN_POINT('',(10.5840595040069,21.5218988377319,3.10627061479781));
#8977=CARTESIAN_POINT('',(10.584832949744,21.4952522384296,3.11596918378829));
#8978=CARTESIAN_POINT('',(10.5860324675706,21.4952782726991,3.11595970808911));
#8979=CARTESIAN_POINT('',(10.5872319023852,21.4953071711713,3.11594918990541));
#8980=CARTESIAN_POINT('',(10.5864223189279,21.5216164097632,3.10637341017173));
#8981=CARTESIAN_POINT('',(10.5876037263884,21.5214751957789,3.1064248078587));
#8982=CARTESIAN_POINT('',(10.588785119052,21.5213355045142,3.10647565132103));
#8983=CARTESIAN_POINT('',(10.5884312167849,21.4953402243815,3.11593715952076));
#8984=CARTESIAN_POINT('',(10.5896305311847,21.4953732775916,3.11592512913611));
#8985=CARTESIAN_POINT('',(10.5908297453874,21.4954097879532,3.11591184045126));
#8986=CARTESIAN_POINT('',(10.5899663868268,21.5211976711678,3.10652581855641));
#8987=CARTESIAN_POINT('',(10.5911476546016,21.5210598378214,3.10657598579179));
#8988=CARTESIAN_POINT('',(10.5923288075966,21.5209235136,3.1066256037506));
#8989=CARTESIAN_POINT('',(10.5920289278716,21.4954473927133,3.11589815343792));
#8990=CARTESIAN_POINT('',(10.5932281103559,21.4954849974734,3.11588446642457));
#8991=CARTESIAN_POINT('',(10.5944272611217,21.4955236966321,3.11587038108273));
#8992=CARTESIAN_POINT('',(10.5935097886604,21.5207872070581,3.10667521527459));
#8993=CARTESIAN_POINT('',(10.5946907697243,21.5206509005161,3.10672482679859));
#8994=CARTESIAN_POINT('',(10.5958717203258,21.5205150916281,3.1067742571914));
#8995=CARTESIAN_POINT('',(10.5956264486476,21.4955611274364,3.11585675738409));
#8996=CARTESIAN_POINT('',(10.5968256361735,21.4955985582408,3.11584313368545));
#8997=CARTESIAN_POINT('',(10.5980248724718,21.4956343062235,3.11583012248381));
#8998=CARTESIAN_POINT('',(10.5970529926636,21.5203796777884,3.10682354379835));
#8999=CARTESIAN_POINT('',(10.5982342650014,21.5202442639487,3.10687283040531));
#9000=CARTESIAN_POINT('',(10.5994158650816,21.5201090379236,3.10692204865332));
#9001=CARTESIAN_POINT('',(10.5992240940245,21.4956705629735,3.11581692610604));
#9002=CARTESIAN_POINT('',(10.6016225371298,21.4957430764733,3.11579053335051));
#9003=CARTESIAN_POINT('',(10.6040209802324,21.4958155900559,3.11576414056487));
#9004=CARTESIAN_POINT('',(10.6005980791045,21.5199761742787,3.10697040706531));
#9005=CARTESIAN_POINT('',(10.6029625071505,21.5197104469887,3.10706712388929));
#9006=CARTESIAN_POINT('',(10.605329071683,21.5194519684063,3.10716120239947));
#9007=CARTESIAN_POINT('',(10.6064194233561,21.4958881030183,3.11573774800495));
#9008=CARTESIAN_POINT('',(10.6088178664799,21.4959606159808,3.11571135544503));
#9009=CARTESIAN_POINT('',(10.6112163096153,21.4960331286025,3.11568496300912));
#9010=CARTESIAN_POINT('',(10.6076951336203,21.5191917842749,3.10725590167874));
#9011=CARTESIAN_POINT('',(10.6100611955575,21.5189316001434,3.10735060095802));
#9012=CARTESIAN_POINT('',(10.612426026951,21.5186671659786,3.10744684712294));
#9013=CARTESIAN_POINT('',(10.6136147527602,21.496105640946,3.11565857067445));
#9014=CARTESIAN_POINT('',(10.6148139743327,21.4961418971178,3.11564537450711));
#9015=CARTESIAN_POINT('',(10.6160131753768,21.4961786732058,3.11563198910575));
#9016=CARTESIAN_POINT('',(10.6147913964807,21.5184045967334,3.10754241451264));
#9017=CARTESIAN_POINT('',(10.6159740812456,21.5182733121107,3.10759019820749));
#9018=CARTESIAN_POINT('',(10.6171569497702,21.5181429714173,3.1076376383402));
#9019=CARTESIAN_POINT('',(10.6172124416367,21.4962137975529,3.11561920488889));
#9020=CARTESIAN_POINT('',(10.6184117078966,21.4962489219001,3.11560642067204));
#9021=CARTESIAN_POINT('',(10.6196110254258,21.4962827477332,3.11559410907562));
#9022=CARTESIAN_POINT('',(10.6183403649589,21.5180136169983,3.1076847194984));
#9023=CARTESIAN_POINT('',(10.6195237801476,21.5178842625793,3.10773180065659));
#9024=CARTESIAN_POINT('',(10.6207078096372,21.5177563340638,3.10777836282833));
#9025=CARTESIAN_POINT('',(10.6208103012893,21.4963176288301,3.11558141339464));
#9026=CARTESIAN_POINT('',(10.6232088530163,21.4963873910237,3.11555602203267));
#9027=CARTESIAN_POINT('',(10.6256071256315,21.4964642222936,3.11552805773737));
#9028=CARTESIAN_POINT('',(10.6218921347427,21.5176300487226,3.10782432693356));
#9029=CARTESIAN_POINT('',(10.6242607849537,21.5173774780402,3.10791625514401));
#9030=CARTESIAN_POINT('',(10.6266303111894,21.5171320220093,3.10800559383307));
#9031=CARTESIAN_POINT('',(10.6280047704482,21.4965569538555,3.11549430620905));
#9032=CARTESIAN_POINT('',(10.6304024152649,21.4966496854175,3.11546055468072));
#9033=CARTESIAN_POINT('',(10.6327996572601,21.4967526192553,3.11542308982765));
#9034=CARTESIAN_POINT('',(10.6289985711306,21.5168911587347,3.10809326089557));
#9035=CARTESIAN_POINT('',(10.6313668310718,21.51665029546,3.10818092795807));
#9036=CARTESIAN_POINT('',(10.6337348894022,21.5164145326039,3.10826673862003));
#9037=CARTESIAN_POINT('',(10.63519722435,21.4968473194065,3.11538862179144));
#9038=CARTESIAN_POINT('',(10.636396007895,21.4968946694821,3.11537138777333));
#9039=CARTESIAN_POINT('',(10.63759479144,21.4969420195577,3.11535415375522));
#9040=CARTESIAN_POINT('',(10.6361031103238,21.5161746530624,3.10835404763296));
#9041=CARTESIAN_POINT('',(10.6372872207847,21.5160547132916,3.10839770213942));
#9042=CARTESIAN_POINT('',(10.6384713551064,21.5159348610423,3.10844132479067));
#9043=CARTESIAN_POINT('',(10.6387935749849,21.4969893696333,3.11533691973712));
#9044=CARTESIAN_POINT('',(10.6399923585299,21.4970367197089,3.11531968571901));
#9045=CARTESIAN_POINT('',(10.6411911420748,21.4970840697845,3.1153024517009));
#9046=CARTESIAN_POINT('',(10.6396552643127,21.5158141830582,3.10848524798483));
#9047=CARTESIAN_POINT('',(10.640839173519,21.5156935050741,3.10852917117899));
#9048=CARTESIAN_POINT('',(10.6420229681801,21.515572406932,3.10857324729812));
#9049=CARTESIAN_POINT('',(10.6423899256198,21.4971314198601,3.1152852176828));
#9050=CARTESIAN_POINT('',(10.6435887091647,21.4971787699357,3.11526798366469));
#9051=CARTESIAN_POINT('',(10.6447874927097,21.4972261200113,3.11525074964659));
#9052=CARTESIAN_POINT('',(10.6432069586766,21.5154520271248,3.10861706196474));
#9053=CARTESIAN_POINT('',(10.6443909491732,21.5153316473177,3.10866087663136));
#9054=CARTESIAN_POINT('',(10.6455751355051,21.5152119858453,3.10870442984547));
#9055=CARTESIAN_POINT('',(10.6459862762547,21.4972734700868,3.11523351562848));
#9056=CARTESIAN_POINT('',(10.6471850597996,21.4973208201624,3.11521628161038));
#9057=CARTESIAN_POINT('',(10.6483838433446,21.497368170238,3.11519904759227));
#9058=CARTESIAN_POINT('',(10.6467598280531,21.5150941812006,3.10874730722962));
#9059=CARTESIAN_POINT('',(10.6479445206011,21.5149763765558,3.10879018461377));
#9060=CARTESIAN_POINT('',(10.6491296207136,21.5148600416422,3.10883252705955));
#9061=CARTESIAN_POINT('',(10.6495826268895,21.4974155203136,3.11518181357416));
#9062=CARTESIAN_POINT('',(10.6519801939794,21.4975102204648,3.11514734553795));
#9063=CARTESIAN_POINT('',(10.6543776961648,21.4976062195653,3.11511240472284));
#9064=CARTESIAN_POINT('',(10.6503149425027,21.514744508775,3.10887457758427));
#9065=CARTESIAN_POINT('',(10.6526855860808,21.5145134430407,3.10895867863372));
#9066=CARTESIAN_POINT('',(10.6550572843366,21.5142870714158,3.10904107116707));
#9067=CARTESIAN_POINT('',(10.6567754384393,21.4976974137071,3.11507921276971));
#9068=CARTESIAN_POINT('',(10.6591731807137,21.4977886078488,3.11504602081659));
#9069=CARTESIAN_POINT('',(10.6615710139008,21.4978779825357,3.11501349109087));
#9070=CARTESIAN_POINT('',(10.6574301604715,21.5140623636857,3.10912285809222));
#9071=CARTESIAN_POINT('',(10.6598030366063,21.5138376559557,3.10920464501737));
#9072=CARTESIAN_POINT('',(10.6621770160319,21.5136161048725,3.10928528301704));
#9073=CARTESIAN_POINT('',(10.6639680036128,21.4979842378864,3.11497481730596));
#9074=CARTESIAN_POINT('',(10.6651664984688,21.4980373655618,3.1149554804135));
#9075=CARTESIAN_POINT('',(10.6663647893563,21.4980945752932,3.11493465777416));
#9076=CARTESIAN_POINT('',(10.664551602259,21.513407082235,3.10936136103537));
#9077=CARTESIAN_POINT('',(10.6657388953726,21.5133025709162,3.10939940004453));
#9078=CARTESIAN_POINT('',(10.6669263278184,21.5132011010029,3.10943633207264));
#9079=CARTESIAN_POINT('',(10.667562993088,21.4981535292977,3.11491320027134));
#9080=CARTESIAN_POINT('',(10.6687611968196,21.4982124833022,3.11489174276852));
#9081=CARTESIAN_POINT('',(10.6699593133955,21.4982731815797,3.11486965040222));
#9082=CARTESIAN_POINT('',(10.668114176863,21.5131023318965,3.10947228108744));
#9083=CARTESIAN_POINT('',(10.6693020259077,21.5130035627901,3.10950823010224));
#9084=CARTESIAN_POINT('',(10.6704901819835,21.5129070649852,3.10954335243091));
#9085=CARTESIAN_POINT('',(10.671157459628,21.4983332863474,3.11484777405585));
#9086=CARTESIAN_POINT('',(10.6723556058606,21.4983933911151,3.11482589770948));
#9087=CARTESIAN_POINT('',(10.6735538128872,21.4984522792294,3.1148044641887));
#9088=CARTESIAN_POINT('',(10.6716784129298,21.5128105100346,3.1095784955589));
#9089=CARTESIAN_POINT('',(10.6728666438761,21.512713955084,3.1096136386869));
#9090=CARTESIAN_POINT('',(10.6740549652613,21.512617031416,3.10964891601703));
#9091=CARTESIAN_POINT('',(10.674752041087,21.4985107436219,3.11478318489009));
#9092=CARTESIAN_POINT('',(10.6759502692868,21.4985692080143,3.11476190559147));
#9093=CARTESIAN_POINT('',(10.6771485186598,21.4986272486848,3.11474078051502));
#9094=CARTESIAN_POINT('',(10.6752430667081,21.5125189759407,3.10968460529134));
#9095=CARTESIAN_POINT('',(10.6764311681548,21.5124209204655,3.10972029456564));
#9096=CARTESIAN_POINT('',(10.6776188360007,21.5123207782064,3.10975674336713));
#9097=CARTESIAN_POINT('',(10.678346749585,21.4986856585649,3.11471952105731));
#9098=CARTESIAN_POINT('',(10.6795449805101,21.4987440684449,3.11469826159959));
#9099=CARTESIAN_POINT('',(10.6807432092744,21.4988025141068,3.11467698911833));
#9100=CARTESIAN_POINT('',(10.6788064702252,21.5122207058665,3.10979316672013));
#9101=CARTESIAN_POINT('',(10.6799941044497,21.5121206335266,3.10982959007312));
#9102=CARTESIAN_POINT('',(10.6811817539639,21.5120206490037,3.10986598146336));
#9103=CARTESIAN_POINT('',(10.6819414374988,21.4988609687179,3.11465571337984));
#9104=CARTESIAN_POINT('',(10.6831396657233,21.498919423329,3.11463443764135));
#9105=CARTESIAN_POINT('',(10.6843378934079,21.4989778868892,3.11461315864564));
#9106=CARTESIAN_POINT('',(10.6823699675673,21.511923079769,3.10990149376055));
#9107=CARTESIAN_POINT('',(10.6835581811706,21.5118255105344,3.10993700605773));
#9108=CARTESIAN_POINT('',(10.6847470750117,21.5117308717922,3.10997145174289));
#9109=CARTESIAN_POINT('',(10.6855361221738,21.4990363325658,3.11459188615904));
#9110=CARTESIAN_POINT('',(10.6879325797057,21.499153223919,3.11454934118583));
#9111=CARTESIAN_POINT('',(10.690329041563,21.4992700437377,3.11450682224903));
#9112=CARTESIAN_POINT('',(10.685936785413,21.5116396579085,3.11000465088152));
#9113=CARTESIAN_POINT('',(10.6883162062156,21.511457230141,3.11007104915878));
#9114=CARTESIAN_POINT('',(10.6906982778837,21.5112858775192,3.1101334164127));
#9115=CARTESIAN_POINT('',(10.6927255207146,21.4993865773599,3.11446440747926));
#9116=CARTESIAN_POINT('',(10.6951219998662,21.4995031109821,3.1144219927095));
#9117=CARTESIAN_POINT('',(10.6975189586893,21.4996117072395,3.11438246690424));
#9118=CARTESIAN_POINT('',(10.6930806728584,21.5111161866054,3.11019517885434));
#9119=CARTESIAN_POINT('',(10.695463067833,21.5109464956916,3.11025694129599));
#9120=CARTESIAN_POINT('',(10.6978461244335,21.5107749494245,3.11031937903101));
#9121=CARTESIAN_POINT('',(10.6999152722372,21.4997309811897,3.11433905473667));
#9122=CARTESIAN_POINT('',(10.7023115857851,21.4998502551398,3.11429564256909));
#9123=CARTESIAN_POINT('',(10.7047069217667,21.4999857053679,3.11424634271785));
#9124=CARTESIAN_POINT('',(10.7002299532066,21.5106137537485,3.11037804945898));
#9125=CARTESIAN_POINT('',(10.7026137819798,21.5104525580724,3.11043671988695));
#9126=CARTESIAN_POINT('',(10.7049979503758,21.5103035241086,3.11049096381368));
#9127=CARTESIAN_POINT('',(10.7071018756371,21.5001274785835,3.11419474148736));
#9128=CARTESIAN_POINT('',(10.7082993525722,21.5001983651913,3.11416894087211));
#9129=CARTESIAN_POINT('',(10.7094967721321,21.5002702012199,3.11414279469596));
#9130=CARTESIAN_POINT('',(10.7073824935734,21.5101601287806,3.11054315544481));
#9131=CARTESIAN_POINT('',(10.7085747651721,21.5100884311166,3.11056925126038));
#9132=CARTESIAN_POINT('',(10.7097672485434,21.5100183930168,3.11059474304396));
#9133=CARTESIAN_POINT('',(10.7106942747381,21.500340663046,3.11411714868858));
#9134=CARTESIAN_POINT('',(10.7118917773442,21.5004111248722,3.11409150268121));
#9135=CARTESIAN_POINT('',(10.7130893743803,21.500480024124,3.11406642540439));
#9136=CARTESIAN_POINT('',(10.7109602246078,21.5099500620633,3.11061961347712));
#9137=CARTESIAN_POINT('',(10.7121532006721,21.5098817311098,3.11064448391027));
#9138=CARTESIAN_POINT('',(10.7133467436272,21.5098154688154,3.11066860141308));
#9139=CARTESIAN_POINT('',(10.7142869390071,21.5005494596727,3.11404115293146));
#9140=CARTESIAN_POINT('',(10.7166820682607,21.5006883307701,3.11399060798561));
#9141=CARTESIAN_POINT('',(10.7190771975274,21.500827201668,3.11394006311237));
#9142=CARTESIAN_POINT('',(10.7145407283138,21.5097516947041,3.11069181329131));
#9143=CARTESIAN_POINT('',(10.716928697687,21.5096241464815,3.11073823704776));
#9144=CARTESIAN_POINT('',(10.7193183736452,21.5095049896264,3.11078160659625));
#9145=CARTESIAN_POINT('',(10.7214723267819,21.5009660727524,3.11388951817124));
#9146=CARTESIAN_POINT('',(10.7238674560363,21.5011049438369,3.1138389732301));
#9147=CARTESIAN_POINT('',(10.7262625852539,21.5012438154834,3.11378842808439));
#9148=CARTESIAN_POINT('',(10.72170936399,21.5093943811951,3.1108218647729));
#9149=CARTESIAN_POINT('',(10.7241003543347,21.5092837727637,3.11086212294956));
#9150=CARTESIAN_POINT('',(10.7264932922191,21.5091848495308,3.11089812806184));
#9151=CARTESIAN_POINT('',(10.7286577145207,21.5013826863795,3.11373788321178));
#9152=CARTESIAN_POINT('',(10.7298552791542,21.5014521218276,3.11371261077548));
#9153=CARTESIAN_POINT('',(10.7310528094508,21.5015220417048,3.11368716202141));
#9154=CARTESIAN_POINT('',(10.7288871248402,21.5090913370212,3.11093216383185));
#9155=CARTESIAN_POINT('',(10.7300840411507,21.5090445807664,3.11094918171685));
#9156=CARTESIAN_POINT('',(10.7312811132168,21.5089993162948,3.1109656566372));
#9157=CARTESIAN_POINT('',(10.7322504585829,21.5015902849562,3.11366232350921));
#9158=CARTESIAN_POINT('',(10.7334481077149,21.5016585282076,3.113637484997));
#9159=CARTESIAN_POINT('',(10.7346458429485,21.501725556667,3.11361308863293));
#9160=CARTESIAN_POINT('',(10.7324781746245,21.5089527459702,3.11098260684916));
#9161=CARTESIAN_POINT('',(10.7336752360322,21.5089061756455,3.11099955706113));
#9162=CARTESIAN_POINT('',(10.7348722762947,21.5088581750803,3.11101702783809));
#9163=CARTESIAN_POINT('',(10.7358435003957,21.5017936825811,3.11358829282803));
#9164=CARTESIAN_POINT('',(10.7370411578429,21.5018618084951,3.11356349702313));
#9165=CARTESIAN_POINT('',(10.7382387375037,21.5019310318638,3.1135383017774));
#9166=CARTESIAN_POINT('',(10.736069508921,21.5088123622565,3.11103370234232));
#9167=CARTESIAN_POINT('',(10.7372667415474,21.5087665494327,3.11105037684654));
#9168=CARTESIAN_POINT('',(10.7384641665376,21.5087229243502,3.11106625507803));
#9169=CARTESIAN_POINT('',(10.7394360754901,21.5020036649338,3.1135118655019));
#9170=CARTESIAN_POINT('',(10.7406334134766,21.5020762980038,3.1134854292264));
#9171=CARTESIAN_POINT('',(10.741830461549,21.5021530213733,3.11345750420362));
#9172=CARTESIAN_POINT('',(10.7396619974009,21.508685104991,3.11108002019904));
#9173=CARTESIAN_POINT('',(10.7408598282642,21.5086472856319,3.11109378532005));
#9174=CARTESIAN_POINT('',(10.7420581200413,21.5086163458889,3.11110504646557));
#9175=CARTESIAN_POINT('',(10.7430273107448,21.5022325506194,3.11342855792531));
#9176=CARTESIAN_POINT('',(10.7454210091363,21.5023916091114,3.1133706653687));
#9177=CARTESIAN_POINT('',(10.7478140096647,21.5025605135,3.11330918919881));
#9178=CARTESIAN_POINT('',(10.7432568745657,21.5085907270364,3.11111437096529));
#9179=CARTESIAN_POINT('',(10.7456543836147,21.5085394893315,3.11113301996475));
#9180=CARTESIAN_POINT('',(10.7480535803405,21.508507958534,3.11114449623651));
#9181=CARTESIAN_POINT('',(10.7502075815754,21.5027213564424,3.1132506471554));
#9182=CARTESIAN_POINT('',(10.7526011534862,21.5028821993847,3.113192105112));
#9183=CARTESIAN_POINT('',(10.7549947253626,21.5030430427778,3.11313356290455));
#9184=CARTESIAN_POINT('',(10.7504532940476,21.5084774383541,3.11115560467355));
#9185=CARTESIAN_POINT('',(10.7528530077547,21.5084469181741,3.1111667131106));
#9186=CARTESIAN_POINT('',(10.7552533382622,21.5084202075128,3.11117643499627));
#9187=CARTESIAN_POINT('',(10.757388297257,21.5032038859354,3.1130750207828));
#9188=CARTESIAN_POINT('',(10.7585850832041,21.5032843075142,3.11304574972193));
#9189=CARTESIAN_POINT('',(10.7597818287107,21.5033652264627,3.11301629763328));
#9190=CARTESIAN_POINT('',(10.7576547567931,21.5084069428693,3.11118126293164));
#9191=CARTESIAN_POINT('',(10.7588554660585,21.5084003105476,3.11118367689932));
#9192=CARTESIAN_POINT('',(10.7600563686785,21.5083971460807,3.11118482867108));
#9193=CARTESIAN_POINT('',(10.7609787082107,21.5034444974336,3.11298744535942));
#9194=CARTESIAN_POINT('',(10.7621755877106,21.5035237684045,3.11295859308556));
#9195=CARTESIAN_POINT('',(10.7633725682206,21.5036017970574,3.11293019297849));
#9196=CARTESIAN_POINT('',(10.7612577255549,21.5083982552568,3.11118442496402));
#9197=CARTESIAN_POINT('',(10.7624590824312,21.5083993644328,3.11118402125695));
#9198=CARTESIAN_POINT('',(10.7636608763786,21.5084046537719,3.11118209609499));
#9199=CARTESIAN_POINT('',(10.7645694630474,21.5036808795195,3.11290140931625));
#9200=CARTESIAN_POINT('',(10.7657663578742,21.5037599619815,3.11287262565401));
#9201=CARTESIAN_POINT('',(10.7669631670178,21.5038400982528,3.11284345843659));
#9202=CARTESIAN_POINT('',(10.7648627970841,21.5084127979504,3.11117913185642));
#9203=CARTESIAN_POINT('',(10.7660647177897,21.5084209421289,3.11117616761784));
#9204=CARTESIAN_POINT('',(10.7672667652534,21.508431941147,3.11117216430266));
#9205=CARTESIAN_POINT('',(10.768159703785,21.5039235844604,3.11281307194203));
#9206=CARTESIAN_POINT('',(10.7693562405521,21.5040070706681,3.11278268544747));
#9207=CARTESIAN_POINT('',(10.7705524808299,21.5040942033757,3.11275097173546));
#9208=CARTESIAN_POINT('',(10.7684686291624,21.5084444696811,3.11116760428916));
#9209=CARTESIAN_POINT('',(10.7696704930714,21.5084569982153,3.11116304427566));
#9210=CARTESIAN_POINT('',(10.7708721138203,21.5084706624947,3.11115807088466));
#9211=CARTESIAN_POINT('',(10.7717485969886,21.5041828626133,3.112718702412));
#9212=CARTESIAN_POINT('',(10.7741408293059,21.5043601810883,3.11265416376509));
#9213=CARTESIAN_POINT('',(10.7765323963093,21.5045456822032,3.11258664688087));
#9214=CARTESIAN_POINT('',(10.7789232979988,21.5047393659578,3.11251615175934));
#9215=CARTESIAN_POINT('',(10.7720737754341,21.508486657884,3.11115224903908));
#9216=CARTESIAN_POINT('',(10.7744770986617,21.5085186486625,3.11114060534793));
#9217=CARTESIAN_POINT('',(10.7768803298873,21.508559052273,3.11112589963634));
#9218=CARTESIAN_POINT('',(10.7792834691107,21.5086078687156,3.1111081319043));
#9219=GEOMETRIC_SET('YQAQDGAXIA, MainWing, 0',(#55,#1198,#2341,#2346,#3489,#4632,#4637,#4642,#5785,#6928,#6933,#8076));
#9220=GEOMETRICALLY_BOUNDED_SURFACE_SHAPE_REPRESENTATION('',(#9219),#15);
#9221=SHAPE_REPRESENTATION_RELATIONSHIP('','',#29,#9220);
ENDSEC;
END-ISO-10303-21;
