2 0.000000 100.000000 335.864767
3077 2707 
1 -216.133803 0.000000 -219.580401 99.790091 -0.000712 6.453180 0.000029 
2 258.136734 0.000000 -219.580401 99.790512 -0.005197 6.444245 0.000033 
3 258.136734 0.000000 224.706101 99.793466 0.006327 6.441421 -0.000023 
4 -216.133803 0.000000 224.706101 99.792905 0.000803 6.453702 -0.000027 
5 21.001465 0.000000 2.562850 106.662759 0.042401 0.298423 -0.137703 
6 -216.133803 0.000000 2.562850 99.790695 0.000001 6.454831 0.000015 
7 21.001465 0.000000 -219.580401 99.787730 -0.002929 6.448361 0.000083 
8 258.136734 0.000000 2.562850 99.857089 -0.086125 5.422286 -0.000085 
9 21.001465 0.000000 224.706101 99.797221 0.003097 6.448023 -0.000106 
10 -97.566169 0.000000 -108.508776 99.785113 -0.001546 6.451820 0.000131 
11 -216.133803 0.000000 -108.508776 99.789809 -0.000479 6.453845 0.000034 
12 -97.566169 0.000000 -219.580401 99.788664 -0.001465 6.451839 0.000060 
13 21.001465 0.000000 -108.508776 99.778739 -0.006325 6.433392 0.000281 
14 -97.566169 0.000000 2.562850 99.783843 -0.000681 6.459717 0.000146 
15 139.569099 0.000000 -108.508776 99.786822 -0.010269 6.417796 0.000140 
16 139.569099 0.000000 -219.580401 99.788941 -0.004445 6.445092 0.000063 
17 258.136734 0.000000 -108.508776 99.791688 -0.010796 6.420281 0.000040 
18 139.569099 0.000000 2.562850 99.856421 -0.137272 5.316151 0.000041 
19 -97.566169 0.000000 113.634476 99.796351 0.001191 6.456281 -0.000100 
20 -216.133803 0.000000 113.634476 99.792396 0.000521 6.454598 -0.000018 
21 21.001465 0.000000 113.634476 99.816196 0.004793 6.433250 -0.000466 
22 -97.566169 0.000000 224.706101 99.794970 0.001541 6.452808 -0.000067 
23 -38.282352 0.000000 -52.972963 99.776769 0.002935 6.408705 0.000352 
24 -97.566169 0.000000 -52.972963 99.782134 -0.001334 6.453754 0.000187 
25 -38.282352 0.000000 -108.508776 99.780564 -0.003274 6.445395 0.000230 
26 21.001465 0.000000 -52.972963 99.917021 -0.082511 6.366029 -0.002394 
27 -38.282352 0.000000 2.562850 99.699651 0.098064 6.422114 0.001873 
28 139.569099 0.000000 113.634476 99.798430 0.012330 6.407076 -0.000078 
29 258.136734 0.000000 113.634476 99.795370 0.015223 6.402318 -0.000011 
30 139.569099 0.000000 224.706101 99.795316 0.005047 6.442960 -0.000062 
31 80.285282 0.000000 -52.972963 99.799473 -0.051194 6.359829 -0.000038 
32 80.285282 0.000000 -108.508776 99.781552 -0.009228 6.422375 0.000239 
33 139.569099 0.000000 -52.972963 99.789800 -0.021500 6.324759 0.000199 
34 80.285282 0.000000 2.562850 99.694523 -0.154777 6.617857 0.001718 
35 -38.282352 0.000000 58.098663 99.787884 0.019527 6.459223 0.000066 
36 -97.566169 0.000000 58.098663 99.792630 0.000387 6.460182 -0.000030 
37 21.001465 0.000000 58.098663 99.782010 0.071455 6.370908 0.000296 
38 -38.282352 0.000000 113.634476 99.805447 0.002198 6.453796 -0.000278 
39 -8.640443 0.000000 -25.205056 99.537774 -0.071742 6.227536 0.005344 
40 -38.282352 0.000000 -25.205056 99.741344 0.013286 6.375365 0.001102 
41 -8.640443 0.000000 -52.972963 99.826171 -0.026329 6.353958 -0.000564 
42 21.001465 0.000000 -25.205056 99.937661 -0.342672 6.148323 -0.002546 
43 -8.640443 0.000000 2.562850 98.435926 0.139449 6.554597 0.026739 
44 80.285282 0.000000 58.098663 99.785457 0.041828 6.300324 0.000317 
45 139.569099 0.000000 58.098663 99.802699 0.030380 6.274727 0.000005 
46 80.285282 0.000000 113.634476 99.806777 0.009170 6.411838 -0.000250 
47 50.643374 0.000000 -25.205056 99.710876 -0.105518 6.208070 0.001919 
48 50.643374 0.000000 -52.972963 99.869633 -0.102115 6.403727 -0.001496 
49 80.285282 0.000000 -25.205056 99.829487 -0.161455 6.178952 -0.000413 
50 50.643374 0.000000 2.562850 98.725918 -0.629648 4.954498 0.022825 
51 -8.640443 0.000000 30.330756 99.895491 0.385476 6.639140 -0.002334 
52 -38.282352 0.000000 30.330756 99.744379 0.036377 6.453517 0.000941 
53 21.001465 0.000000 30.330756 100.284177 0.382866 6.128846 -0.009463 
54 -8.640443 0.000000 58.098663 99.789410 0.042818 6.441119 0.000058 
55 6.180511 0.000000 -11.321103 99.583960 -0.108125 4.807137 0.005991 
56 -8.640443 0.000000 -11.321103 99.079191 0.018686 6.037751 0.014686 
57 6.180511 0.000000 -25.205056 99.542568 -0.309269 5.989353 0.005531 
58 21.001465 0.000000 -11.321103 101.093190 0.413480 5.667239 -0.025212 
59 6.180511 0.000000 2.562850 91.425300 -0.463267 25.999975 0.096520 
60 -156.849986 0.000000 -52.972963 99.788155 -0.000536 6.454741 0.000066 
61 -216.133803 0.000000 -52.972963 99.790035 -0.000266 6.454381 0.000029 
62 -156.849986 0.000000 -108.508776 99.788266 -0.000815 6.453561 0.000065 
63 -156.849986 0.000000 2.562850 99.789409 -0.000112 6.456084 0.000039 
64 -67.924261 0.000000 -25.205056 99.760383 0.031921 6.468816 0.000602 
65 -97.566169 0.000000 -25.205056 99.781740 -0.001108 6.456649 0.000192 
66 -67.924261 0.000000 -52.972963 99.783424 0.039655 6.433686 0.000187 
67 -67.924261 0.000000 2.562850 99.766027 0.014281 6.444667 0.000521 
68 -23.461398 0.000000 -11.321103 99.557177 0.197883 6.380702 0.004762 
69 -38.282352 0.000000 -11.321103 99.709605 0.067870 6.390761 0.001715 
70 -23.461398 0.000000 -25.205056 99.662531 0.002294 6.359769 0.002693 
71 -23.461398 0.000000 2.562850 99.527701 0.292855 6.518311 0.005166 
72 50.643374 0.000000 30.330756 99.810983 0.047049 5.856511 0.000347 
73 80.285282 0.000000 30.330756 99.755378 0.122119 5.989201 0.001298 
74 50.643374 0.000000 58.098663 99.753004 0.040443 6.323248 0.000935 
75 6.180511 0.000000 16.446803 100.386626 0.264359 7.283618 -0.013060 
76 -8.640443 0.000000 16.446803 99.920864 -0.122204 7.112574 -0.003478 
77 21.001465 0.000000 16.446803 101.207499 -0.058578 5.648736 -0.027487 
78 6.180511 0.000000 30.330756 100.223629 0.506854 6.563321 -0.008811 
79 -1.229966 0.000000 -4.379127 94.823347 0.226900 1.991828 0.100451 
80 -8.640443 0.000000 -4.379127 98.493728 0.021649 6.052912 0.026235 
81 -1.229966 0.000000 -11.321103 99.043297 -0.038468 4.878660 0.016662 
82 6.180511 0.000000 -4.379127 101.975250 -0.407424 -7.732686 -0.045891 
83 -1.229966 0.000000 2.562850 95.715801 0.328257 9.774865 0.074283 
84 35.822419 0.000000 -11.321103 99.378184 -0.024259 7.269522 0.007113 
85 35.822419 0.000000 -25.205056 99.945018 -0.328103 6.393401 -0.002999 
86 50.643374 0.000000 -11.321103 99.440365 -0.290499 6.028320 0.007519 
87 35.822419 0.000000 2.562850 90.816774 0.203786 -12.840173 0.158740 
88 13.590988 0.000000 -4.379127 93.847219 -0.359993 -0.298444 0.119248 
89 13.590988 0.000000 -11.321103 99.720148 0.340172 4.590360 0.003470 
90 21.001465 0.000000 -4.379127 116.406868 0.002422 11.810821 -0.369005 
91 13.590988 0.000000 2.562850 106.808937 -0.543453 2.423743 -0.141432 
92 -156.849986 0.000000 58.098663 99.791719 0.000368 6.456310 -0.000007 
93 -216.133803 0.000000 58.098663 99.791617 0.000280 6.454913 -0.000003 
94 -156.849986 0.000000 113.634476 99.793375 0.000757 6.455339 -0.000039 
95 -67.924261 0.000000 30.330756 99.785578 0.026486 6.486095 0.000077 
96 -97.566169 0.000000 30.330756 99.788230 -0.000127 6.461218 0.000056 
97 -67.924261 0.000000 58.098663 99.795263 0.000281 6.465401 -0.000090 
98 -23.461398 0.000000 16.446803 99.687669 0.325190 6.602266 0.001867 
99 -38.282352 0.000000 16.446803 99.720543 0.106177 6.448125 0.001422 
100 -23.461398 0.000000 30.330756 99.765317 0.176309 6.520394 0.000433 
101 -1.229966 0.000000 9.504827 98.854313 0.342270 8.012688 0.016350 
102 -8.640443 0.000000 9.504827 99.297437 -0.000168 7.034286 0.009054 
103 6.180511 0.000000 9.504827 99.964608 0.235717 9.325427 -0.007994 
104 -1.229966 0.000000 16.446803 99.752092 0.091973 7.005595 0.000043 
105 2.475272 0.000000 -0.908138 92.353607 -0.077014 28.365619 0.066620 
106 -1.229966 0.000000 -0.908138 87.073729 0.260589 10.386887 0.231021 
107 2.475272 0.000000 -4.379127 97.779339 0.042153 0.226598 0.043915 
108 6.180511 0.000000 -0.908138 -10.604984 -0.085798 -0.363531 0.988739 
109 2.475272 0.000000 2.562850 94.456914 0.094997 14.261080 0.087450 
110 -16.050921 0.000000 -4.379127 99.151350 0.132854 6.847444 0.012210 
111 -23.461398 0.000000 -4.379127 99.512901 0.237260 6.445543 0.005558 
112 -16.050921 0.000000 -11.321103 99.275919 0.161521 6.452300 0.010263 
113 -16.050921 0.000000 2.562850 99.329581 0.119959 7.048006 0.008395 
114 -4.935205 0.000000 -0.908138 96.773254 -0.017829 6.332371 0.059484 
115 -8.640443 0.000000 -0.908138 98.358485 0.046382 6.414011 0.028447 
116 -4.935205 0.000000 -4.379127 97.361142 -0.083360 5.419904 0.049143 
117 -4.935205 0.000000 2.562850 97.481013 0.105086 7.163398 0.044613 
118 -38.282352 0.000000 -164.044589 99.785739 -0.002529 6.448769 0.000122 
119 -97.566169 0.000000 -164.044589 99.787336 -0.001543 6.451637 0.000086 
120 -38.282352 0.000000 -219.580401 99.787972 -0.002114 6.450328 0.000075 
121 21.001465 0.000000 -164.044589 99.785118 -0.003921 6.444557 0.000140 
122 -8.640443 0.000000 -80.740869 99.801255 -0.012536 6.415939 -0.000145 
123 -38.282352 0.000000 -80.740869 99.763243 0.016797 6.446740 0.000573 
124 -8.640443 0.000000 -108.508776 99.779132 -0.004610 6.439736 0.000265 
125 21.001465 0.000000 -80.740869 99.812928 -0.026785 6.416367 -0.000379 
126 6.180511 0.000000 -39.089010 99.854012 -0.379687 6.228561 -0.000976 
127 -8.640443 0.000000 -39.089010 99.814489 -0.099283 6.259205 -0.000212 
128 6.180511 0.000000 -52.972963 99.881689 -0.030219 6.342549 -0.001658 
129 21.001465 0.000000 -39.089010 99.890916 -0.502588 6.271970 -0.001779 
130 -1.229966 0.000000 -18.263080 98.975960 0.018386 5.881747 0.016916 
131 -8.640443 0.000000 -18.263080 99.051673 0.030442 6.386857 0.014797 
132 -1.229966 0.000000 -25.205056 99.486095 -0.336735 6.132452 0.006480 
133 6.180511 0.000000 -18.263080 99.175299 0.131210 5.486369 0.013414 
134 2.475272 0.000000 -7.850115 98.272010 0.188636 3.337053 0.033144 
135 -1.229966 0.000000 -7.850115 98.118528 0.071797 4.161715 0.035543 
136 2.475272 0.000000 -11.321103 99.051401 0.142179 4.744794 0.016629 
137 6.180511 0.000000 -7.850115 99.899434 -0.101139 2.791029 0.001230 
138 0.622653 0.000000 -2.643632 98.586670 0.106123 -25.860538 -0.038811 
139 -1.229966 0.000000 -2.643632 87.001309 0.289728 1.127998 0.242942 
140 0.622653 0.000000 -4.379127 96.993189 0.213449 -1.136897 0.059098 
141 2.475272 0.000000 -2.643632 101.298608 0.002930 4.614460 -0.028270 
142 0.622653 0.000000 -0.908138 86.158946 -0.003621 38.234834 0.111473 
143 -4.935205 0.000000 -7.850115 98.298356 0.033331 5.354505 0.030876 
144 -8.640443 0.000000 -7.850115 98.873640 0.018226 5.749335 0.019095 
145 -4.935205 0.000000 -11.321103 99.119461 -0.001846 5.372242 0.014647 
146 -3.082586 0.000000 -2.643632 94.684153 0.049212 5.206695 0.100780 
147 -4.935205 0.000000 -2.643632 96.879402 -0.017568 5.827085 0.058043 
148 -3.082586 0.000000 -4.379127 96.240608 0.030180 4.314846 0.071913 
149 -3.082586 0.000000 -0.908138 94.397559 0.207649 6.984371 0.104028 
150 35.822419 0.000000 16.446803 99.967400 -0.061271 4.703029 -0.001560 
151 50.643374 0.000000 16.446803 99.486872 0.235064 5.007650 0.007723 
152 35.822419 0.000000 30.330756 99.981187 0.156387 5.884917 -0.003089 
153 13.590988 0.000000 9.504827 101.568116 0.589258 7.598956 -0.037417 
154 21.001465 0.000000 9.504827 102.300452 -0.016443 4.832114 -0.048873 
155 13.590988 0.000000 16.446803 101.531190 0.039566 6.547184 -0.035145 
156 2.475272 0.000000 6.033838 98.010879 0.097201 10.369204 0.028634 
157 -1.229966 0.000000 6.033838 97.935095 0.409589 8.708359 0.033271 
158 6.180511 0.000000 6.033838 99.315506 -0.089613 13.002290 -0.003264 
159 2.475272 0.000000 9.504827 98.900253 0.360963 8.550085 0.014551 
160 0.622653 0.000000 0.827356 91.944654 0.118865 15.276259 0.131280 
161 -1.229966 0.000000 0.827356 93.130047 0.276477 10.524540 0.121595 
162 2.475272 0.000000 0.827356 91.276207 -0.139647 27.349785 0.092062 
163 0.622653 0.000000 2.562850 95.111960 0.135116 11.741784 0.081583 
164 -0.303657 0.000000 -1.775885 17.512527 0.181027 23.833199 0.912526 
165 -1.229966 0.000000 -1.775885 83.352933 0.311662 6.307548 0.301241 
166 -0.303657 0.000000 -2.643632 76.406532 0.183456 -40.545211 0.251809 
167 0.622653 0.000000 -1.775885 83.610789 0.037631 5.955762 0.297376 
168 -0.303657 0.000000 -0.908138 84.367612 0.001415 41.561764 0.115473 
169 0.622653 0.000000 -6.114621 97.531308 0.233347 2.449507 0.048159 
170 -1.229966 0.000000 -6.114621 97.131693 0.152078 3.474182 0.055334 
171 0.622653 0.000000 -7.850115 98.165726 0.183141 3.755703 0.034935 
172 2.475272 0.000000 -6.114621 98.087075 0.042934 1.896895 0.037533 
173 -0.303657 0.000000 -3.511380 91.971749 0.275675 -4.119297 0.152415 
174 -1.229966 0.000000 -3.511380 92.095323 0.229723 0.949349 0.151750 
175 -0.303657 0.000000 -4.379127 95.209521 0.251494 -0.134599 0.093507 
176 0.622653 0.000000 -3.511380 100.973392 0.142153 -29.082289 -0.104143 
177 9.885749 0.000000 -0.908138 -12.296695 -0.094535 0.097181 0.984877 
178 9.885749 0.000000 -4.379127 99.631961 -0.489991 6.624681 0.002935 
179 13.590988 0.000000 -0.908138 -10.448661 -0.066747 3.100506 0.988121 
180 9.885749 0.000000 2.562850 112.241133 -0.412949 25.144471 -0.323049 
181 4.327892 0.000000 -2.643632 94.726713 -0.061228 -6.824345 0.098027 
182 4.327892 0.000000 -4.379127 96.006433 -0.111082 -3.203928 0.077249 
183 6.180511 0.000000 -2.643632 95.187442 -0.274487 -29.002836 0.009811 
184 4.327892 0.000000 -0.908138 89.447598 -0.342687 27.927345 0.121907 
185 1.548963 0.000000 -1.775885 98.409301 0.017844 14.391356 0.010850 
186 1.548963 0.000000 -2.643632 103.997024 0.046256 -1.090600 -0.081657 
187 2.475272 0.000000 -1.775885 100.218340 -0.011986 6.582027 -0.008704 
188 1.548963 0.000000 -0.908138 91.396608 -0.020257 30.560782 0.071270 
189 0.159498 0.000000 -2.209759 86.039682 0.108810 -30.795242 0.164881 
190 -0.303657 0.000000 -2.209759 35.496668 0.241097 -27.460466 0.798585 
191 0.159498 0.000000 -2.643632 95.918881 0.110442 -31.915614 -0.021905 
192 0.622653 0.000000 -2.209759 92.787186 0.087049 -24.275480 0.080123 
193 0.159498 0.000000 -1.775885 83.409426 0.037435 5.616740 0.301132 
194 -16.050921 0.000000 9.504827 99.612398 0.053355 7.068028 0.002741 
195 -23.461398 0.000000 9.504827 99.610572 0.325080 6.601471 0.003405 
196 -16.050921 0.000000 16.446803 99.654809 0.379436 6.747737 0.002324 
197 -4.935205 0.000000 6.033838 98.268774 0.111158 7.210779 0.029124 
198 -8.640443 0.000000 6.033838 98.953037 0.140753 7.013427 0.015909 
199 -4.935205 0.000000 9.504827 99.082561 0.198177 7.291047 0.012945 
200 -3.082586 0.000000 0.827356 95.480809 0.313422 7.896173 0.082097 
201 -4.935205 0.000000 0.827356 97.049726 -0.005508 6.855211 0.053436 
202 -3.082586 0.000000 2.562850 96.638759 0.281706 8.152916 0.059440 
203 -2.156276 0.000000 -1.775885 91.287294 0.302758 6.031942 0.163015 
204 -3.082586 0.000000 -1.775885 94.293239 0.121543 6.042176 0.107226 
205 -2.156276 0.000000 -2.643632 92.200177 0.302043 4.322187 0.148035 
206 -2.156276 0.000000 -0.908138 91.868621 0.308327 7.699119 0.150079 
207 -0.766811 0.000000 -2.209759 73.223745 0.321664 -1.408336 0.463620 
208 -1.229966 0.000000 -2.209759 84.231454 0.303346 3.093552 0.289540 
209 -0.766811 0.000000 -2.643632 82.330159 0.297258 -4.320739 0.320299 
210 -0.766811 0.000000 -1.775885 70.770369 0.335871 7.902900 0.492899 
211 1.548963 0.000000 -3.511380 104.746438 0.048250 -1.111517 -0.097305 
212 1.548963 0.000000 -4.379127 98.165220 0.066052 -0.560041 0.036327 
213 2.475272 0.000000 -3.511380 100.137348 -0.011946 6.634778 -0.007151 
214 0.159498 0.000000 -3.077506 98.714356 0.125110 -31.957533 -0.076582 
215 -0.303657 0.000000 -3.077506 100.963371 0.142152 -29.112498 -0.104116 
216 0.159498 0.000000 -3.511380 101.536440 0.142486 -27.427340 -0.106193 
217 0.622653 0.000000 -3.077506 100.193543 0.107692 -23.822498 -0.060627 
218 -0.072079 0.000000 -2.426696 64.266192 0.204177 -43.993360 0.393440 
219 -0.303657 0.000000 -2.426696 54.246039 0.227294 -38.515873 0.557384 
220 -0.072079 0.000000 -2.643632 78.429727 0.169284 -39.659809 0.227585 
221 0.159498 0.000000 -2.426696 81.583779 0.143675 -36.307804 0.202581 
222 -0.072079 0.000000 -2.209759 51.530620 0.213697 -34.224329 0.617324 
223 4.327892 0.000000 0.827356 87.653497 -0.394215 30.564994 0.138249 
224 6.180511 0.000000 0.827356 81.894342 -0.236543 42.301746 0.150382 
225 4.327892 0.000000 2.562850 93.122366 0.023874 18.258214 0.099486 
226 3.401582 0.000000 -0.040391 90.604057 -0.238285 27.539893 0.103240 
227 2.475272 0.000000 -0.040391 92.366386 -0.106622 27.364799 0.071961 
228 3.401582 0.000000 -0.908138 91.425062 -0.188138 27.509735 0.088464 
229 4.327892 0.000000 -0.040391 88.768685 -0.362260 28.966379 0.128094 
230 3.401582 0.000000 0.827356 89.646827 -0.314216 27.861102 0.118711 
231 13.590988 0.000000 -18.263080 99.542136 0.028014 5.483919 0.006129 
232 13.590988 0.000000 -25.205056 99.848539 -0.384918 6.021146 -0.000613 
233 21.001465 0.000000 -18.263080 99.967570 -0.228704 6.055304 -0.003023 
234 9.885749 0.000000 -7.850115 99.770371 -0.507185 4.262920 0.002744 
235 9.885749 0.000000 -11.321103 99.812958 -0.135875 4.773788 0.001457 
236 13.590988 0.000000 -7.850115 98.697242 -0.577547 3.595957 0.024559 
237 4.327892 0.000000 -6.114621 98.713378 -0.072311 0.777625 0.025506 
238 4.327892 0.000000 -7.850115 98.839946 -0.055477 2.874751 0.022240 
239 6.180511 0.000000 -6.114621 100.328582 -0.236361 0.557244 -0.006619 
240 8.033130 0.000000 -2.643632 108.381620 -0.425219 9.001868 -0.182779 
241 8.033130 0.000000 -4.379127 105.811438 -0.598069 3.146764 -0.120632 
242 9.885749 0.000000 -2.643632 100.667196 -0.580034 12.999646 -0.030321 
243 8.033130 0.000000 -0.908138 -11.638568 -0.120204 -0.522236 0.986426 
244 5.254201 0.000000 -3.511380 92.619074 -0.240271 -24.108283 0.084044 
245 4.327892 0.000000 -3.511380 95.573646 0.007802 0.242007 0.086562 
246 5.254201 0.000000 -4.379127 97.607003 -0.176767 -6.538418 0.043009 
247 6.180511 0.000000 -3.511380 96.619104 -0.294312 -32.011595 -0.036008 
248 5.254201 0.000000 -2.643632 92.988535 -0.223079 -21.984738 0.086975 
249 9.885749 0.000000 6.033838 103.128369 0.306838 11.231530 -0.076170 
250 13.590988 0.000000 6.033838 102.484289 -0.715981 7.019804 -0.055282 
251 9.885749 0.000000 9.504827 101.085130 0.138544 8.890822 -0.029727 
252 8.033130 0.000000 0.827356 83.431588 -0.111799 51.792365 0.035671 
253 9.885749 0.000000 0.827356 -11.651809 0.094569 0.293986 0.986414 
254 8.033130 0.000000 2.562850 93.541156 -0.227520 49.782971 -0.122834 
255 5.254201 0.000000 -0.040391 86.316106 -0.440348 32.264006 0.150837 
256 5.254201 0.000000 -0.908138 -8.929314 -0.095352 0.034783 0.992026 
257 6.180511 0.000000 -0.040391 81.943934 -0.318496 41.424726 0.156908 
258 5.254201 0.000000 0.827356 84.113933 -0.395582 36.704284 0.157749 
259 8.033130 0.000000 -6.114621 101.086665 -0.397655 2.864214 -0.022688 
260 8.033130 0.000000 -7.850115 100.244509 -0.272611 3.942817 -0.006458 
261 9.885749 0.000000 -6.114621 99.732827 -0.598225 4.394499 0.003369 
262 7.106821 0.000000 -3.511380 107.393287 -0.434737 -13.492264 -0.171555 
263 7.106821 0.000000 -4.379127 105.866688 -0.449098 -3.068564 -0.121737 
264 8.033130 0.000000 -3.511380 108.983850 -0.437520 4.392231 -0.189696 
265 7.106821 0.000000 -2.643632 107.436490 -0.441409 -13.048182 -0.171305 
266 8.033130 0.000000 4.298344 101.465445 0.098005 19.770376 -0.068611 
267 6.180511 0.000000 4.298344 97.753159 -0.261765 17.206497 0.014819 
268 9.885749 0.000000 4.298344 108.478722 0.346148 14.806091 -0.198697 
269 8.033130 0.000000 6.033838 101.288121 -0.030402 13.200983 -0.043355 
270 7.106821 0.000000 1.695103 84.045311 -0.102270 49.793670 0.045697 
271 6.180511 0.000000 1.695103 81.223517 -0.156855 46.555605 0.123529 
272 7.106821 0.000000 0.827356 82.555806 -0.130472 47.780648 0.090153 
273 8.033130 0.000000 1.695103 89.146802 -0.176843 50.391134 -0.048645 
274 7.106821 0.000000 2.562850 86.298487 -0.139746 50.416665 0.001071 
275 28.411942 0.000000 -4.379127 97.805649 -0.450470 12.498301 0.027764 
276 28.411942 0.000000 -11.321103 100.631281 0.171068 7.139457 -0.017766 
277 35.822419 0.000000 -4.379127 97.419251 -0.073229 11.220720 0.038358 
278 28.411942 0.000000 2.562850 99.763692 -0.116723 13.375575 -0.013171 
279 17.296227 0.000000 -0.908138 -7.853152 0.337739 1.206803 0.993676 
280 17.296227 0.000000 -4.379127 100.231581 0.162784 -8.190063 -0.011347 
281 21.001465 0.000000 -0.908138 -9.776168 -0.258394 -0.398532 0.990420 
282 17.296227 0.000000 2.562850 106.126256 0.165205 0.904881 -0.126363 
283 11.738369 0.000000 -2.643632 96.575604 -0.544714 2.496299 0.066662 
284 11.738369 0.000000 -4.379127 96.484962 -0.354465 3.770480 0.067631 
285 13.590988 0.000000 -2.643632 92.000790 -0.454003 -1.173095 0.153427 
286 11.738369 0.000000 -0.908138 -12.342552 -0.188552 1.255495 0.984605 
287 8.959440 0.000000 -3.511380 105.296054 -0.470334 12.282784 -0.123835 
288 8.959440 0.000000 -4.379127 102.785828 -0.546255 6.221467 -0.060393 
289 9.885749 0.000000 -3.511380 100.778807 -0.577502 13.112258 -0.032863 
290 8.959440 0.000000 -2.643632 104.012463 -0.476722 13.497287 -0.100100 
291 28.411942 0.000000 9.504827 100.882704 0.064033 2.958973 -0.018608 
292 35.822419 0.000000 9.504827 100.037603 0.064456 3.516218 -0.001989 
293 28.411942 0.000000 16.446803 100.754138 0.126061 4.698313 -0.017349 
294 17.296227 0.000000 6.033838 101.902624 -0.273955 5.922597 -0.041930 
295 21.001465 0.000000 6.033838 102.389582 0.375017 4.378651 -0.050294 
296 17.296227 0.000000 9.504827 101.306600 -0.718045 5.953377 -0.029899 
297 11.738369 0.000000 4.298344 105.976444 -0.331662 6.396372 -0.127203 
298 11.738369 0.000000 2.562850 109.609487 -0.722554 -2.248755 -0.201982 
299 13.590988 0.000000 4.298344 102.801566 -0.813044 5.574748 -0.059990 
300 11.738369 0.000000 6.033838 103.298564 -0.206063 8.526365 -0.074333 
301 17.296227 0.000000 -7.850115 100.687835 -0.547964 2.052288 -0.014255 
302 17.296227 0.000000 -11.321103 100.304171 0.225268 4.882417 -0.008482 
303 21.001465 0.000000 -7.850115 103.003040 -0.018914 4.855135 -0.063320 
304 11.738369 0.000000 -6.114621 98.182007 -0.439118 3.833209 0.034541 
305 11.738369 0.000000 -7.850115 98.972421 -0.448401 4.036336 0.018797 
306 13.590988 0.000000 -6.114621 97.791622 -0.230757 1.848044 0.043333 
307 15.443607 0.000000 -2.643632 101.261210 0.161458 -10.571814 -0.036562 
308 15.443607 0.000000 -4.379127 98.205638 -0.280145 -6.281538 0.031612 
309 17.296227 0.000000 -2.643632 100.533665 0.313225 -13.319865 -0.028453 
310 15.443607 0.000000 -0.908138 -7.805439 0.021305 1.929421 0.993535 
311 12.664678 0.000000 -3.511380 95.632838 -0.487123 0.156617 0.085410 
312 11.738369 0.000000 -3.511380 96.654089 -0.529227 2.542952 0.065124 
313 12.664678 0.000000 -4.379127 95.391808 -0.205744 2.134111 0.089581 
314 13.590988 0.000000 -3.511380 90.599711 -0.439067 -1.564364 0.178905 
315 12.664678 0.000000 -2.643632 95.777915 -0.473303 0.315562 0.082627 
316 11.738369 0.000000 0.827356 -11.163413 -0.327449 0.857423 0.987454 
317 13.590988 0.000000 0.827356 -9.553196 -0.014592 1.273852 0.990711 
318 15.443607 0.000000 4.298344 103.006483 -0.262643 5.858758 -0.064473 
319 15.443607 0.000000 2.562850 106.212249 -0.060060 2.886444 -0.128938 
320 17.296227 0.000000 4.298344 103.395138 0.347342 3.980796 -0.070652 
321 15.443607 0.000000 6.033838 102.079954 -0.618302 6.551350 -0.046362 
322 12.664678 0.000000 3.430597 107.390561 -0.848727 0.831125 -0.153414 
323 11.738369 0.000000 3.430597 109.752410 -0.705959 -2.232901 -0.205108 
324 12.664678 0.000000 2.562850 107.466387 -0.848938 1.241509 -0.155129 
325 13.590988 0.000000 3.430597 106.659276 -0.477614 2.305687 -0.138175 
326 12.664678 0.000000 4.298344 103.759544 -0.623896 5.570361 -0.079746 
327 15.443607 0.000000 0.827356 -8.537416 0.010237 1.336838 0.992533 
328 17.296227 0.000000 0.827356 -8.477476 0.403247 0.931616 0.992710 
329 24.706704 0.000000 6.033838 102.872385 0.006092 1.941809 -0.058650 
330 24.706704 0.000000 2.562850 107.482007 0.023850 -3.154923 -0.156234 
331 28.411942 0.000000 6.033838 101.520243 -0.295935 1.251460 -0.030801 
332 24.706704 0.000000 9.504827 101.788966 -0.099450 3.573751 -0.037378 
333 19.148846 0.000000 4.298344 106.174518 0.060706 0.125525 -0.127305 
334 19.148846 0.000000 2.562850 106.268382 0.086027 0.700945 -0.129347 
335 21.001465 0.000000 4.298344 103.591945 0.096971 3.258156 -0.074192 
336 19.148846 0.000000 6.033838 102.237017 -0.281355 5.023572 -0.047772 
337 16.369917 0.000000 3.430597 106.148575 0.036331 1.674284 -0.127032 
338 15.443607 0.000000 3.430597 106.176587 -0.048209 2.439850 -0.127942 
339 16.369917 0.000000 2.562850 106.172635 0.035883 2.029685 -0.127675 
340 17.296227 0.000000 3.430597 106.119548 0.162922 0.850284 -0.126211 
341 16.369917 0.000000 4.298344 103.139261 0.344548 4.791319 -0.066078 
342 24.706704 0.000000 -0.908138 -13.761593 0.274671 -3.585745 0.979769 
343 24.706704 0.000000 -4.379127 108.651222 -0.137415 16.029706 -0.206206 
344 28.411942 0.000000 -0.908138 97.638886 -0.390972 18.716708 0.011618 
345 19.148846 0.000000 0.827356 -8.856546 0.063442 0.419939 0.992138 
346 19.148846 0.000000 -0.908138 -8.596585 0.082717 0.498452 0.992584 
347 21.001465 0.000000 0.827356 -9.759436 -0.168422 -0.003606 0.990473 
348 22.854084 0.000000 4.298344 107.322806 -0.111558 0.087918 -0.151820 
349 22.854084 0.000000 2.562850 107.497252 -0.074997 0.343010 -0.155578 
350 24.706704 0.000000 4.298344 104.902866 0.262101 -0.240196 -0.100474 
351 22.854084 0.000000 6.033838 102.934377 -0.307345 3.123138 -0.060533 
352 20.075156 0.000000 3.430597 106.390594 0.114878 0.320493 -0.131907 
353 19.148846 0.000000 3.430597 106.274568 0.082653 0.390887 -0.129444 
354 20.075156 0.000000 2.562850 106.494256 0.115067 0.775549 -0.134164 
355 21.001465 0.000000 3.430597 106.661712 0.041560 0.289797 -0.137681 
356 20.075156 0.000000 4.298344 106.374296 0.118525 0.115202 -0.131552 
357 80.285282 0.000000 -164.044589 99.786051 -0.005338 6.440469 0.000126 
358 80.285282 0.000000 -219.580401 99.788117 -0.003762 6.446445 0.000078 
359 139.569099 0.000000 -164.044589 99.787941 -0.006348 6.438056 0.000092 
360 50.643374 0.000000 -80.740869 99.793248 -0.046893 6.413607 0.000017 
361 50.643374 0.000000 -108.508776 99.779400 -0.007806 6.427212 0.000276 
362 80.285282 0.000000 -80.740869 99.786359 -0.030300 6.404333 0.000167 
363 35.822419 0.000000 -39.089010 99.785035 -0.030199 6.360361 0.000249 
364 35.822419 0.000000 -52.972963 99.946124 -0.046876 6.395585 -0.003013 
365 50.643374 0.000000 -39.089010 99.947382 -0.378850 6.404408 -0.003064 
366 28.411942 0.000000 -18.263080 100.046953 -0.152621 6.443773 -0.005094 
367 28.411942 0.000000 -25.205056 100.027320 -0.327475 6.254541 -0.004469 
368 35.822419 0.000000 -18.263080 99.926143 -0.370004 6.601836 -0.002896 
369 24.706704 0.000000 -7.850115 101.742519 -0.311004 8.445293 -0.042296 
370 24.706704 0.000000 -11.321103 100.861790 0.388606 6.652570 -0.021751 
371 28.411942 0.000000 -7.850115 100.070273 0.350359 8.841214 -0.009235 
372 198.852917 0.000000 -52.972963 99.795161 -0.020634 6.337795 0.000076 
373 198.852917 0.000000 -108.508776 99.790151 -0.010760 6.418526 0.000073 
374 258.136734 0.000000 -52.972963 99.796421 -0.019723 6.349839 0.000035 
375 198.852917 0.000000 2.562850 99.866118 -0.107549 5.259596 -0.000092 
376 109.927191 0.000000 -25.205056 99.797849 -0.056797 6.069785 0.000354 
377 109.927191 0.000000 -52.972963 99.787164 -0.035802 6.331036 0.000244 
378 139.569099 0.000000 -25.205056 99.804879 -0.038940 6.083662 0.000197 
379 109.927191 0.000000 2.562850 99.806305 -0.181685 5.852389 0.000442 
380 65.464328 0.000000 -11.321103 99.707384 -0.082125 5.726862 0.002563 
381 65.464328 0.000000 -25.205056 99.762650 -0.033913 6.166447 0.000939 
382 80.285282 0.000000 -11.321103 99.810544 -0.150541 5.730995 0.000499 
383 65.464328 0.000000 2.562850 99.593339 -0.233477 5.832418 0.004710 
384 43.232897 0.000000 -4.379127 97.563670 -0.280214 7.019290 0.043198 
385 43.232897 0.000000 -11.321103 99.067305 -0.201899 6.422361 0.014438 
386 50.643374 0.000000 -4.379127 98.864763 -0.246288 5.537014 0.019504 
387 43.232897 0.000000 2.562850 92.317135 -2.635590 -0.137338 0.147058 
388 32.117181 0.000000 -0.908138 103.641909 -0.000368 19.558306 -0.112417 
389 32.117181 0.000000 -4.379127 99.243829 -0.192245 12.123715 0.000364 
390 35.822419 0.000000 -0.908138 101.747586 0.073161 26.684094 -0.106462 
391 32.117181 0.000000 2.562850 126.287484 -0.250639 30.578709 -0.688365 
392 26.559323 0.000000 -2.643632 91.838712 0.086189 21.516604 0.110268 
393 24.706704 0.000000 -2.643632 116.193367 0.014192 22.496420 -0.400699 
394 26.559323 0.000000 -4.379127 98.313899 -0.572543 17.891913 0.001393 
395 28.411942 0.000000 -2.643632 97.640757 -0.402506 18.856266 0.011056 
396 26.559323 0.000000 -0.908138 -17.526937 0.127605 -5.571636 0.966175 
397 198.852917 0.000000 58.098663 99.804016 0.034689 6.253349 0.000005 
398 258.136734 0.000000 58.098663 99.806132 0.038692 6.223294 0.000001 
399 198.852917 0.000000 113.634476 99.795974 0.014054 6.405045 -0.000026 
400 109.927191 0.000000 30.330756 99.813248 0.075665 5.888051 0.000264 
401 139.569099 0.000000 30.330756 99.827395 0.079598 5.824630 0.000056 
402 109.927191 0.000000 58.098663 99.801763 0.039159 6.281976 0.000014 
403 65.464328 0.000000 16.446803 99.691731 0.168830 5.202816 0.003446 
404 80.285282 0.000000 16.446803 99.759688 0.256338 5.176967 0.002114 
405 65.464328 0.000000 30.330756 99.735015 0.018243 5.980091 0.001716 
406 43.232897 0.000000 9.504827 99.042797 0.416200 2.363911 0.018476 
407 50.643374 0.000000 9.504827 99.248868 0.567790 3.519394 0.013695 
408 43.232897 0.000000 16.446803 99.494020 0.056424 4.748040 0.007839 
409 32.117181 0.000000 6.033838 99.988409 0.113131 0.827518 0.000162 
410 35.822419 0.000000 6.033838 98.225953 0.000000 1.663800 0.034889 
411 32.117181 0.000000 9.504827 100.204708 -0.133739 2.863175 -0.004920 
412 26.559323 0.000000 4.298344 105.129783 0.116624 -4.813276 -0.107545 
413 26.559323 0.000000 2.562850 105.943268 0.089835 -4.876739 -0.124777 
414 28.411942 0.000000 4.298344 101.641880 -0.099235 1.479277 -0.033327 
415 26.559323 0.000000 6.033838 102.097221 -0.184340 1.221671 -0.042537 
416 26.559323 0.000000 0.827356 -17.783790 0.080010 -1.956498 0.967990 
417 24.706704 0.000000 0.827356 -13.649606 0.248988 -2.130719 0.980909 
418 28.411942 0.000000 0.827356 -23.844306 -0.187564 0.294172 0.943133 
419 25.633013 0.000000 3.430597 106.757771 0.082629 -4.446139 -0.141700 
420 24.706704 0.000000 3.430597 107.474977 0.019324 -2.963840 -0.155966 
421 25.633013 0.000000 2.562850 106.772830 0.081751 -4.445825 -0.142021 
422 26.559323 0.000000 3.430597 105.994965 0.089427 -4.851652 -0.125848 
423 25.633013 0.000000 4.298344 107.071427 0.098753 -4.199166 -0.148193 
424 30.264562 0.000000 4.298344 103.699422 -0.000000 -2.599031 -0.076033 
425 30.264562 0.000000 2.562850 213.123741 -0.151284 -40.182689 -3.703640 
426 32.117181 0.000000 4.298344 100.557901 -0.030979 -1.354244 -0.011373 
427 30.264562 0.000000 6.033838 101.013438 -0.075930 0.794261 -0.020435 
428 30.264562 0.000000 0.827356 -26.587164 -0.056941 -0.229366 0.929307 
429 30.264562 0.000000 -0.908138 102.055246 -0.247926 12.520750 -0.057210 
430 32.117181 0.000000 0.827356 102.885564 -0.083326 14.010204 -0.078173 
431 29.338252 0.000000 3.430597 103.559631 -0.046702 3.313000 -0.073558 
432 28.411942 0.000000 3.430597 97.797024 -0.066670 16.114349 0.017607 
433 29.338252 0.000000 2.562850 98.080574 -0.137924 -4.144108 0.036301 
434 30.264562 0.000000 3.430597 107.380265 -0.029480 0.532428 -0.153081 
435 29.338252 0.000000 4.298344 98.047132 -0.000000 -0.812392 0.038610 
436 27.485633 0.000000 3.430597 95.161480 -0.012917 4.438483 0.092459 
437 27.485633 0.000000 2.562850 98.388646 -0.067283 0.490451 0.031943 
438 27.485633 0.000000 4.298344 101.796945 -0.279045 0.468717 -0.036292 
439 29.338252 0.000000 1.695103 99.202257 -0.278525 -1.476242 0.015666 
440 28.411942 0.000000 1.695103 101.988025 -0.291462 -4.108668 -0.041852 
441 29.338252 0.000000 0.827356 -26.622672 -0.062536 0.464682 0.929101 
442 30.264562 0.000000 1.695103 99.845647 -0.298483 -1.968188 0.002688 
443 28.875097 0.000000 2.996724 109.822983 -0.099785 33.247067 -0.316647 
444 28.411942 0.000000 2.996724 92.354060 -0.058967 21.452287 0.101052 
445 28.875097 0.000000 2.562850 101.994032 -0.141519 29.603168 -0.127915 
446 29.338252 0.000000 2.996724 103.411809 -0.088124 -0.634583 -0.069441 
447 28.875097 0.000000 3.430597 103.847086 -0.065524 10.726351 -0.089928 
448 27.485633 0.000000 1.695103 105.372650 0.102131 -4.958502 -0.112799 
449 26.559323 0.000000 1.695103 105.372061 0.102166 -4.958150 -0.112786 
450 27.485633 0.000000 0.827356 -20.659972 -0.302455 -0.743083 0.957252 
451 27.948787 0.000000 2.996724 89.451167 -0.086655 -3.988313 0.198257 
452 27.485633 0.000000 2.996724 98.332266 -0.067392 0.400535 0.033060 
453 27.948787 0.000000 2.562850 98.146343 -0.101268 10.268045 0.026185 
454 27.948787 0.000000 3.430597 96.450417 -0.066551 13.832877 0.050596 
455 28.875097 0.000000 2.128976 103.317234 -0.149826 8.995994 -0.075540 
456 28.411942 0.000000 2.128976 99.203321 -0.146430 12.976012 -0.000970 
457 28.875097 0.000000 1.695103 100.643600 -0.313897 -3.892397 -0.014438 
458 29.338252 0.000000 2.128976 109.716813 -0.179743 2.739361 -0.204532 
459 28.643520 0.000000 2.779787 103.391330 -0.099127 41.435584 -0.240668 
460 28.411942 0.000000 2.779787 98.576236 -0.108560 18.790032 -0.007035 
461 28.643520 0.000000 2.562850 106.105310 -0.113976 27.390452 -0.200859 
462 28.875097 0.000000 2.779787 103.890011 -0.132712 43.326588 -0.267035 
463 28.643520 0.000000 2.996724 103.937188 -0.068216 34.779156 -0.201253 
464 27.022478 0.000000 2.996724 104.849672 0.053376 -4.872756 -0.101720 
465 26.559323 0.000000 2.996724 105.920003 0.096909 -4.768745 -0.124180 
466 27.022478 0.000000 2.562850 104.726841 0.028240 -4.892538 -0.099165 
467 27.022478 0.000000 3.430597 105.517410 0.093217 -5.090672 -0.115985 
468 27.948787 0.000000 2.128976 94.273290 -0.101690 5.006316 0.108747 
469 27.485633 0.000000 2.128976 101.053780 -0.065232 -2.625237 -0.021876 
470 27.948787 0.000000 1.695103 101.993534 -0.291370 -4.109554 -0.041965 
471 27.717210 0.000000 2.779787 97.335926 -0.077806 4.245793 0.050768 
472 27.485633 0.000000 2.779787 98.538190 -0.069194 0.184301 0.029019 
473 27.717210 0.000000 2.562850 97.443042 -0.076688 4.505192 0.048455 
474 27.948787 0.000000 2.779787 91.972827 -0.106501 -2.064512 0.153673 
475 27.717210 0.000000 2.996724 96.940013 -0.075096 4.730189 0.058025 
476 28.180365 0.000000 2.779787 92.691145 -0.100333 11.303426 0.128057 
477 28.180365 0.000000 2.562850 96.835081 -0.121011 13.414126 0.044301 
478 28.180365 0.000000 2.996724 90.616655 -0.077896 13.800256 0.159817 
479 80.285282 0.000000 169.170289 99.799976 0.005677 6.437017 -0.000147 
480 21.001465 0.000000 169.170289 99.801930 0.003842 6.444111 -0.000195 
481 139.569099 0.000000 169.170289 99.796761 0.007267 6.433647 -0.000079 
482 80.285282 0.000000 224.706101 99.796627 0.004112 6.444954 -0.000090 
483 50.643374 0.000000 85.866569 99.812443 0.024383 6.389231 -0.000335 
484 21.001465 0.000000 85.866569 99.824397 0.025042 6.416425 -0.000608 
485 80.285282 0.000000 85.866569 99.809307 0.008239 6.376455 -0.000256 
486 50.643374 0.000000 113.634476 99.813129 0.006976 6.419736 -0.000387 
487 35.822419 0.000000 44.214710 99.786385 0.368401 6.188098 0.000425 
488 21.001465 0.000000 44.214710 99.819740 0.403930 6.292194 -0.000374 
489 50.643374 0.000000 44.214710 99.650283 0.240818 6.242920 0.003079 
490 35.822419 0.000000 58.098663 99.766575 0.059013 6.337671 0.000646 
491 28.411942 0.000000 23.388780 100.311873 0.096220 5.602374 -0.009387 
492 21.001465 0.000000 23.388780 100.425877 0.229612 5.980242 -0.012117 
493 35.822419 0.000000 23.388780 99.943624 0.143178 5.492720 -0.001892 
494 28.411942 0.000000 30.330756 100.130131 0.393007 5.978680 -0.006194 
495 24.706704 0.000000 12.975815 101.602027 0.168542 4.741075 -0.034548 
496 21.001465 0.000000 12.975815 101.663361 0.319518 5.212497 -0.036271 
497 28.411942 0.000000 12.975815 101.074716 -0.122183 4.144662 -0.023329 
498 24.706704 0.000000 16.446803 100.880402 -0.192932 5.185115 -0.020378 
499 26.559323 0.000000 7.769332 101.757562 -0.246738 2.232858 -0.035965 
500 24.706704 0.000000 7.769332 102.290235 0.024439 2.739820 -0.047080 
501 28.411942 0.000000 7.769332 101.365098 -0.161019 1.968827 -0.027879 
502 26.559323 0.000000 9.504827 101.589169 -0.211312 3.050092 -0.032971 
503 27.485633 0.000000 5.166091 101.928622 -0.143234 0.553910 -0.038977 
504 26.559323 0.000000 5.166091 102.537680 -0.175873 0.319150 -0.051411 
505 28.411942 0.000000 5.166091 101.665209 -0.359059 0.947750 -0.033684 
506 27.485633 0.000000 6.033838 101.816191 -0.320151 1.123341 -0.036790 
507 27.948787 0.000000 3.864471 89.077177 -0.067300 18.667316 0.171678 
508 27.485633 0.000000 3.864471 94.721782 -0.034124 2.560531 0.102123 
509 28.411942 0.000000 3.864471 97.019622 -0.064419 20.305286 0.017488 
510 27.948787 0.000000 4.298344 101.673209 -0.149476 0.752614 -0.033803 
511 27.717210 0.000000 3.213660 96.436288 -0.069650 5.753735 0.066693 
512 27.485633 0.000000 3.213660 97.812719 -0.062738 1.076735 0.043151 
513 27.948787 0.000000 3.213660 95.204919 -0.067308 14.020902 0.073943 
514 27.717210 0.000000 3.430597 93.643542 -0.066947 10.858896 0.111297 
515 27.832999 0.000000 2.888255 87.721236 -0.146924 -31.408617 0.131846 
516 27.717210 0.000000 2.888255 86.288790 -0.126083 -49.927531 0.006147 
517 27.832999 0.000000 2.779787 90.892817 -0.057169 -1.903691 0.173487 
518 27.948787 0.000000 2.888255 88.760170 -0.106703 -8.732822 0.204536 
519 27.832999 0.000000 2.996724 90.030027 -0.101476 -15.178819 0.166419 
520 28.180365 0.000000 3.213660 90.612286 -0.066892 18.587877 0.144390 
521 28.411942 0.000000 3.213660 96.440075 -0.045531 18.612573 0.035288 
522 28.180365 0.000000 3.430597 94.273754 -0.078663 18.141157 0.078335 
523 28.064576 0.000000 2.888255 87.534399 -0.074645 -2.266710 0.233259 
524 28.064576 0.000000 2.779787 91.551541 -0.111680 2.908805 0.160984 
525 28.180365 0.000000 2.888255 90.703634 -0.151504 3.795891 0.175842 
526 28.064576 0.000000 2.996724 90.486210 -0.098884 4.110654 0.179534 
527 27.832999 0.000000 3.105192 97.584250 -0.079877 8.478511 0.040542 
528 27.717210 0.000000 3.105192 96.652153 -0.072310 5.263777 0.063065 
529 27.948787 0.000000 3.105192 96.180981 -0.077735 10.370489 0.064167 
530 27.832999 0.000000 3.213660 94.492452 -0.081734 8.155687 0.100465 
531 27.890893 0.000000 2.942489 87.981474 -0.103204 -15.927095 0.200558 
532 27.832999 0.000000 2.942489 88.052504 -0.099400 -19.720090 0.185786 
533 27.890893 0.000000 2.888255 87.987384 -0.151657 -30.920205 0.130214 
534 27.948787 0.000000 2.942489 88.804992 -0.094381 -6.524567 0.207109 
535 27.890893 0.000000 2.996724 89.426975 -0.080520 -4.676782 0.198094 
536 22.854084 0.000000 0.827356 -10.979578 -0.223791 -1.394434 0.987745 
537 22.854084 0.000000 -0.908138 -11.035256 -0.306153 -2.202898 0.987328 
538 25.633013 0.000000 1.695103 107.150891 0.081289 -4.240598 -0.149930 
539 24.706704 0.000000 1.695103 -13.950461 0.238240 -1.458861 0.980320 
540 25.633013 0.000000 0.827356 -15.464053 0.229717 -2.451277 0.975480 
541 27.022478 0.000000 2.128976 105.581977 0.089290 -5.141540 -0.117400 
542 26.559323 0.000000 2.128976 105.585089 0.089100 -5.144075 -0.117468 
543 27.022478 0.000000 1.695103 105.371907 0.102175 -4.958058 -0.112783 
544 27.254055 0.000000 2.779787 100.380960 -0.046217 -2.103346 -0.008076 
545 27.022478 0.000000 2.779787 104.818414 0.045437 -4.882560 -0.101074 
546 27.254055 0.000000 2.562850 101.784700 -0.030331 -3.000338 -0.036913 
547 27.254055 0.000000 2.996724 100.032916 -0.024362 -1.834132 -0.000995 
548 27.601421 0.000000 2.888255 98.008466 -0.213566 -0.392750 0.039414 
549 27.485633 0.000000 2.888255 98.507511 -0.069138 0.186838 0.029623 
550 27.601421 0.000000 2.779787 98.127945 -0.073687 3.152435 0.036096 
551 27.601421 0.000000 2.996724 97.884227 -0.159126 1.202572 0.041721 
552 32.117181 0.000000 -7.850115 99.216141 0.217316 8.375891 0.008595 
553 32.117181 0.000000 -11.321103 99.809385 -0.741129 7.403718 -0.001728 
554 35.822419 0.000000 -7.850115 98.655077 -0.526279 8.361835 0.019698 
555 30.264562 0.000000 -2.643632 101.556500 -0.306597 12.119749 -0.046070 
556 30.264562 0.000000 -4.379127 99.198457 0.152179 11.616620 0.002470 
557 32.117181 0.000000 -2.643632 102.490384 -0.007315 23.165899 -0.104094 
558 39.527658 0.000000 6.033838 97.352076 0.000000 0.891687 0.052178 
559 39.527658 0.000000 2.562850 101.298410 0.044245 18.100437 -0.058900 
560 43.232897 0.000000 6.033838 97.539741 -0.266706 2.100978 0.048151 
561 39.527658 0.000000 9.504827 100.772901 0.069798 1.302556 -0.015688 
562 33.969800 0.000000 4.298344 98.080560 -0.013923 0.908638 0.037938 
563 33.969800 0.000000 2.562850 92.876661 -0.145025 19.604151 0.098958 
564 35.822419 0.000000 4.298344 100.173622 0.006671 -2.705770 -0.004208 
565 33.969800 0.000000 6.033838 98.583094 0.000000 1.352491 0.027954 
566 39.527658 0.000000 -0.908138 99.562146 0.233943 26.326374 -0.060575 
567 39.527658 0.000000 -4.379127 97.164822 -0.172661 8.927951 0.047926 
568 43.232897 0.000000 -0.908138 94.810741 -0.468674 8.676158 0.093543 
569 33.969800 0.000000 0.827356 104.928811 -0.054266 12.643691 -0.116992 
570 33.969800 0.000000 -0.908138 102.644262 0.062394 25.345951 -0.117827 
571 35.822419 0.000000 0.827356 105.508969 0.023667 12.504349 -0.128850 
572 33.043491 0.000000 3.430597 95.223144 -0.021169 -10.074085 0.083107 
573 32.117181 0.000000 3.430597 103.382030 -0.034111 0.567300 -0.068817 
574 33.043491 0.000000 2.562850 94.413116 -0.213124 -6.494722 0.104394 
575 33.969800 0.000000 3.430597 101.635892 -0.040914 5.257347 -0.035750 
576 33.043491 0.000000 4.298344 98.756791 -0.029063 -2.162123 0.024242 
577 31.190871 0.000000 3.430597 103.371126 -0.022427 -8.599705 -0.075955 
578 31.190871 0.000000 2.562850 94.594520 -0.169884 -12.594264 0.089323 
579 31.190871 0.000000 4.298344 101.018760 -0.028161 -4.672855 -0.022663 
580 33.043491 0.000000 1.695103 106.296275 -0.218248 -1.018081 -0.129998 
581 32.117181 0.000000 1.695103 103.621684 -0.273708 -1.154919 -0.073886 
582 33.043491 0.000000 0.827356 106.218978 -0.089950 8.245875 -0.135047 
583 33.969800 0.000000 1.695103 105.601606 -0.107521 0.905523 -0.115253 
584 32.580336 0.000000 2.996724 121.340827 -0.063638 -32.700302 -0.579291 
585 32.117181 0.000000 2.996724 127.462707 -0.092859 28.375041 -0.705189 
586 32.580336 0.000000 2.562850 100.211732 -0.325316 -2.838762 -0.005056 
587 33.043491 0.000000 2.996724 90.779528 -0.056093 -19.943175 0.136134 
588 32.580336 0.000000 3.430597 107.687000 -0.026723 -7.602282 -0.165429 
589 31.190871 0.000000 1.695103 101.868744 -0.281601 -0.984515 -0.037829 
590 31.190871 0.000000 0.827356 -22.355567 0.064646 -0.737648 0.949968 
591 31.654026 0.000000 2.996724 92.142359 -0.069456 3.953037 0.149415 
592 31.190871 0.000000 2.996724 92.480665 -0.067326 -17.124233 0.115408 
593 31.654026 0.000000 2.562850 93.278448 -0.211419 5.034542 0.127374 
594 31.654026 0.000000 3.430597 97.834547 -0.031314 -4.129036 0.041135 
595 32.580336 0.000000 2.128976 104.098757 -0.269263 -1.401635 -0.083859 
596 32.117181 0.000000 2.128976 103.397284 -0.276481 -1.296788 -0.069276 
597 32.580336 0.000000 1.695103 104.792847 -0.256605 -1.219856 -0.098309 
598 33.043491 0.000000 2.128976 104.696956 -0.253691 -1.614336 -0.096412 
599 32.348758 0.000000 2.779787 157.006375 -0.150823 -0.858397 -1.465176 
600 32.117181 0.000000 2.779787 152.305299 -0.146675 57.472251 -1.649999 
601 32.348758 0.000000 2.562850 127.973228 -0.313565 25.179931 -0.701127 
602 32.580336 0.000000 2.779787 121.891242 -0.125485 -64.997300 -0.908214 
603 32.348758 0.000000 2.996724 136.566157 -0.068364 6.470518 -0.869219 
604 37.675039 0.000000 0.827356 105.011801 0.138773 11.616380 -0.116244 
605 37.675039 0.000000 -0.908138 100.769190 0.145376 26.150855 -0.083832 
606 39.527658 0.000000 0.827356 103.785909 0.090486 13.946278 -0.096602 
607 37.675039 0.000000 2.562850 109.399442 0.439181 -10.189125 -0.207225 
608 34.896110 0.000000 1.695103 106.473022 -0.064119 5.206717 -0.136362 
609 34.896110 0.000000 0.827356 106.156671 -0.034076 9.787967 -0.136504 
610 35.822419 0.000000 1.695103 106.302401 0.049702 6.789711 -0.134630 
611 34.896110 0.000000 2.562850 170.045281 0.449529 137.190458 -3.773682 
612 37.675039 0.000000 4.298344 100.809862 0.094144 -1.733796 -0.016564 
613 39.527658 0.000000 4.298344 98.523825 0.070099 -1.252100 0.029148 
614 37.675039 0.000000 6.033838 97.796754 -0.000000 1.301509 0.043410 
615 36.748729 0.000000 1.695103 105.250108 0.209212 12.076203 -0.122346 
616 36.748729 0.000000 0.827356 103.832458 0.176175 14.197194 -0.098277 
617 37.675039 0.000000 1.695103 104.815406 0.363389 1.249739 -0.098796 
618 36.748729 0.000000 2.562850 102.261489 0.198876 20.993662 -0.089819 
619 34.896110 0.000000 3.430597 112.112332 -0.036502 -4.374777 -0.258832 
620 35.822419 0.000000 3.430597 100.396682 0.005191 -9.485163 -0.016946 
621 34.896110 0.000000 4.298344 101.696405 -0.001406 -1.218633 -0.034364 
622 35.359265 0.000000 2.128976 99.486330 0.137681 -5.504590 0.007215 
623 34.896110 0.000000 2.128976 112.350721 0.047212 13.345619 -0.280079 
624 35.359265 0.000000 1.695103 103.523205 0.055804 1.607018 -0.071964 
625 35.822419 0.000000 2.128976 97.527001 0.242331 -3.326101 0.047736 
626 35.359265 0.000000 2.562850 100.560151 0.286591 -11.149757 -0.023674 
627 34.432955 0.000000 2.128976 136.611929 -0.129816 64.869524 -1.287089 
628 33.969800 0.000000 2.128976 100.043345 -0.157566 5.773974 -0.004203 
629 34.432955 0.000000 1.695103 105.805992 -0.093118 4.547932 -0.121560 
630 34.432955 0.000000 2.562850 156.734801 -0.144373 112.831752 -2.729682 
631 36.748729 0.000000 3.430597 101.890722 0.092416 1.042866 -0.038282 
632 37.675039 0.000000 3.430597 108.907613 0.091688 -4.399139 -0.188023 
633 36.748729 0.000000 4.298344 99.894070 0.005313 -0.622523 0.002079 
634 35.359265 0.000000 2.996724 114.109423 0.055940 -11.967850 -0.316419 
635 34.896110 0.000000 2.996724 120.555903 0.024775 8.807811 -0.461130 
636 35.822419 0.000000 2.996724 97.025366 0.157158 -11.511034 0.045355 
637 35.359265 0.000000 3.430597 107.846252 -0.018262 -11.527518 -0.176370 
638 35.127687 0.000000 2.345913 109.948714 0.131774 5.530600 -0.211932 
639 34.896110 0.000000 2.345913 144.308424 0.268353 82.566378 -1.764220 
640 35.127687 0.000000 2.128976 108.687195 0.081390 8.138101 -0.187914 
641 35.359265 0.000000 2.345913 101.750336 0.249133 -5.219736 -0.038044 
642 35.127687 0.000000 2.562850 157.117205 0.180104 104.767677 -2.566211 
643 58.053851 0.000000 -4.379127 99.456246 -0.170045 5.432126 0.007892 
644 58.053851 0.000000 -11.321103 99.577355 -0.142578 5.727865 0.005152 
645 65.464328 0.000000 -4.379127 99.668378 -0.129542 5.478782 0.003618 
646 58.053851 0.000000 2.562850 99.376973 -0.290514 5.446446 0.009447 
647 46.938135 0.000000 -0.908138 97.698002 -0.431185 6.526929 0.041231 
648 46.938135 0.000000 -4.379127 98.338845 -0.369183 5.967408 0.029373 
649 50.643374 0.000000 -0.908138 98.688212 -0.346595 6.164617 0.022251 
650 46.938135 0.000000 2.562850 97.666589 -0.994488 4.421524 0.044070 
651 41.380277 0.000000 0.827356 103.740471 -0.219869 12.075326 -0.090795 
652 41.380277 0.000000 -0.908138 93.498084 -0.030988 12.582349 0.109979 
653 43.232897 0.000000 0.827356 103.250050 -0.351543 23.152814 -0.119675 
654 41.380277 0.000000 2.562850 106.769294 -0.203526 -0.651200 -0.140015 
655 58.053851 0.000000 9.504827 99.520805 0.672747 3.925366 0.007975 
656 65.464328 0.000000 9.504827 99.676800 1.063983 4.850847 0.003987 
657 58.053851 0.000000 16.446803 99.616449 0.186582 5.101253 0.005051 
658 46.938135 0.000000 6.033838 98.406035 -0.069951 3.508552 0.030394 
659 50.643374 0.000000 6.033838 98.967006 -0.531120 3.886307 0.019015 
660 46.938135 0.000000 9.504827 99.025624 0.315245 3.174304 0.018375 
661 41.380277 0.000000 4.298344 96.243867 -0.333127 -1.278027 0.073537 
662 43.232897 0.000000 4.298344 96.067096 -0.600958 1.737615 0.076773 
663 41.380277 0.000000 6.033838 97.590438 0.000000 1.068205 0.047497 
664 40.453968 0.000000 1.695103 105.485324 -0.095237 6.149713 -0.116498 
665 39.527658 0.000000 1.695103 105.123329 0.050366 6.732870 -0.109625 
666 40.453968 0.000000 0.827356 104.836636 -0.091793 9.208857 -0.107553 
667 41.380277 0.000000 1.695103 105.351900 -0.230941 5.438218 -0.112865 
668 40.453968 0.000000 2.562850 106.638493 -0.065460 3.187675 -0.138193 
669 38.601348 0.000000 1.695103 104.020555 0.383999 7.067729 -0.087038 
670 38.601348 0.000000 0.827356 99.953578 0.241735 19.643052 -0.037663 
671 38.601348 0.000000 2.562850 93.150233 0.433067 -11.158573 0.119833 
672 40.453968 0.000000 3.430597 106.518140 -0.002530 -6.321418 -0.138607 
673 39.527658 0.000000 3.430597 102.707852 0.061480 0.441277 -0.054910 
674 41.380277 0.000000 3.430597 106.461098 -0.229035 -1.893889 -0.133760 
675 40.453968 0.000000 4.298344 97.693081 0.000000 -1.137039 0.045477 
676 39.990813 0.000000 2.128976 98.292372 1.357833 6.744026 0.029128 
677 39.527658 0.000000 2.128976 94.351647 1.101291 18.373189 0.075898 
678 39.990813 0.000000 1.695103 105.382746 -0.030780 6.435819 -0.114694 
679 40.453968 0.000000 2.128976 105.993914 -0.078256 3.931058 -0.125017 
680 39.990813 0.000000 2.562850 107.040877 -0.010910 14.609678 -0.167119 
681 38.601348 0.000000 3.430597 99.068331 0.140015 -5.761371 0.015225 
682 38.601348 0.000000 4.298344 99.563003 0.110939 -2.837877 0.007914 
683 39.064503 0.000000 2.128976 92.238491 1.083977 4.493013 0.147070 
684 38.601348 0.000000 2.128976 93.686533 1.032448 -2.252896 0.121669 
685 39.064503 0.000000 1.695103 104.476196 0.295646 8.342035 -0.098495 
686 39.064503 0.000000 2.562850 93.266232 0.223469 3.620180 0.128825 
687 39.990813 0.000000 2.996724 109.341348 -0.016103 3.784559 -0.196985 
688 39.527658 0.000000 2.996724 103.651235 0.080286 4.309640 -0.076216 
689 40.453968 0.000000 2.996724 107.795846 -0.088892 0.293282 -0.162004 
690 39.990813 0.000000 3.430597 106.115421 0.019795 -1.809592 -0.126376 
691 39.759235 0.000000 2.345913 103.946305 0.250875 28.096861 -0.159433 
692 39.527658 0.000000 2.345913 98.395701 0.353018 21.560350 -0.014669 
693 39.759235 0.000000 2.128976 99.784748 0.986210 20.797782 -0.039052 
694 39.990813 0.000000 2.345913 104.559047 0.339751 15.939276 -0.118677 
695 39.759235 0.000000 2.562850 105.990563 0.010906 23.651232 -0.179338 
696 39.064503 0.000000 2.996724 97.026455 0.143941 1.609466 0.058326 
697 38.601348 0.000000 2.996724 98.755311 0.195153 -4.317010 0.022871 
698 39.064503 0.000000 3.430597 98.124689 0.109134 -0.949885 0.037063 
699 39.296081 0.000000 2.345913 95.002713 0.514833 11.019728 0.085279 
700 39.064503 0.000000 2.345913 91.460501 0.812686 4.555542 0.161356 
701 39.296081 0.000000 2.128976 93.014994 1.081184 12.488035 0.119109 
702 39.296081 0.000000 2.562850 97.390969 0.138924 10.784986 0.039866 
703 43.232897 0.000000 -18.263080 99.693037 -0.435457 6.391380 0.002026 
704 43.232897 0.000000 -25.205056 99.843337 -0.167766 6.326473 -0.000874 
705 50.643374 0.000000 -18.263080 99.599337 -0.125075 6.078485 0.004301 
706 39.527658 0.000000 -7.850115 98.485000 -0.184786 7.447820 0.024520 
707 39.527658 0.000000 -11.321103 99.109477 -0.151005 6.909644 0.012955 
708 43.232897 0.000000 -7.850115 98.539488 -0.225197 6.606114 0.024628 
709 41.380277 0.000000 -2.643632 95.997120 -0.112936 9.068565 0.070230 
710 39.527658 0.000000 -2.643632 95.620130 -0.073852 10.987979 0.073605 
711 41.380277 0.000000 -4.379127 97.263766 -0.156147 7.919453 0.047702 
712 43.232897 0.000000 -2.643632 96.610654 -0.319031 7.518408 0.060975 
713 40.453968 0.000000 -0.040391 102.243696 -0.080269 22.460486 -0.095825 
714 39.527658 0.000000 -0.040391 103.274003 0.128433 16.475126 -0.093697 
715 40.453968 0.000000 -0.908138 98.391859 0.246963 27.804470 -0.045411 
716 41.380277 0.000000 -0.040391 101.945778 -0.301406 18.234961 -0.072555 
717 39.990813 0.000000 1.261229 102.828432 -0.035464 11.746126 -0.071166 
718 39.527658 0.000000 1.261229 104.652138 0.032429 8.771564 -0.102901 
719 39.990813 0.000000 0.827356 104.738598 -0.032336 9.227710 -0.105533 
720 40.453968 0.000000 1.261229 105.024991 -0.104152 8.331918 -0.109968 
721 39.759235 0.000000 1.912040 103.431469 0.359719 10.893132 -0.081686 
722 39.527658 0.000000 1.912040 105.281726 0.064585 5.826452 -0.111819 
723 39.759235 0.000000 1.695103 105.279133 0.007528 6.598188 -0.112723 
724 39.990813 0.000000 1.912040 103.418690 0.370270 7.953696 -0.075882 
725 39.643447 0.000000 2.237445 98.303761 1.048571 24.754766 -0.027753 
726 39.527658 0.000000 2.237445 95.820570 0.843807 18.959496 0.045824 
727 39.643447 0.000000 2.128976 96.726233 1.544506 28.831403 -0.018960 
728 39.759235 0.000000 2.237445 102.232197 0.437014 19.567469 -0.083450 
729 39.643447 0.000000 2.345913 103.481932 0.027212 27.955536 -0.149002 
730 37.675039 0.000000 -2.643632 95.588093 -0.150504 12.673776 0.070227 
731 35.822419 0.000000 -2.643632 98.096269 0.123137 32.852220 -0.070216 
732 37.675039 0.000000 -4.379127 97.288101 -0.327606 10.242321 0.043001 
733 38.601348 0.000000 -0.040391 102.552980 0.198411 17.829093 -0.083503 
734 37.675039 0.000000 -0.040391 102.147814 0.237699 20.901633 -0.087111 
735 38.601348 0.000000 -0.908138 99.470836 0.188727 27.851320 -0.067018 
736 39.064503 0.000000 1.261229 103.226362 0.189258 13.941279 -0.085008 
737 38.601348 0.000000 1.261229 102.626460 0.278219 13.825040 -0.072340 
738 39.064503 0.000000 0.827356 101.464721 0.189841 17.443399 -0.059940 
739 39.296081 0.000000 1.912040 101.115473 0.525336 6.969322 -0.027319 
740 39.064503 0.000000 1.912040 100.658544 0.657539 4.275497 -0.015085 
741 39.296081 0.000000 1.695103 105.175051 0.134665 8.002252 -0.112585 
742 39.643447 0.000000 2.020508 100.078174 0.642914 14.822226 -0.023575 
743 39.527658 0.000000 2.020508 100.187076 0.549632 16.025559 -0.029457 
744 39.643447 0.000000 1.912040 105.409850 0.034824 12.073033 -0.125700 
745 39.759235 0.000000 2.020508 102.108329 0.469259 12.691572 -0.058741 
746 45.085516 0.000000 0.827356 95.989129 -0.709621 6.246746 0.074656 
747 45.085516 0.000000 -0.908138 96.609101 -0.493228 7.105502 0.061595 
748 46.938135 0.000000 0.827356 97.506971 -0.478666 6.175933 0.045402 
749 45.085516 0.000000 2.562850 96.278318 -1.518776 3.642576 0.071491 
750 42.306587 0.000000 1.695103 30.286650 -0.479739 18.569762 0.873765 
751 42.306587 0.000000 0.827356 104.807909 -0.263531 6.881531 -0.103212 
752 43.232897 0.000000 1.695103 102.530831 -0.332496 24.209139 -0.109876 
753 42.306587 0.000000 2.562850 105.772937 -0.245969 2.271682 -0.119314 
754 40.917122 0.000000 2.128976 106.681859 -0.043769 1.202920 -0.138247 
755 40.917122 0.000000 1.695103 105.481458 -0.135722 6.172397 -0.116445 
756 41.380277 0.000000 2.128976 106.804474 -0.135172 -0.424467 -0.140739 
757 40.917122 0.000000 2.562850 107.079007 -0.128632 -1.179097 -0.146732 
758 40.222390 0.000000 2.345913 106.597457 -0.044648 8.488741 -0.143508 
759 40.222390 0.000000 2.128976 104.260898 0.245506 7.443458 -0.092580 
760 40.453968 0.000000 2.345913 106.129551 -0.072674 3.364438 -0.127481 
761 40.222390 0.000000 2.562850 107.166477 -0.037285 8.183800 -0.155163 
762 39.875024 0.000000 2.237445 101.127604 0.682066 16.865824 -0.051171 
763 39.875024 0.000000 2.128976 94.750823 1.755868 8.211286 0.095177 
764 39.990813 0.000000 2.237445 100.155725 1.043381 9.827964 -0.012885 
765 39.875024 0.000000 2.345913 104.607905 0.291998 27.938540 -0.172346 
766 39.701341 0.000000 2.183211 97.951270 1.241403 25.599363 -0.025132 
767 39.643447 0.000000 2.183211 97.062906 1.424957 27.919961 -0.020276 
768 39.701341 0.000000 2.128976 97.759312 1.297750 25.203830 -0.019380 
769 39.759235 0.000000 2.183211 99.996934 0.943020 22.087687 -0.048814 
770 39.701341 0.000000 2.237445 100.345317 0.856952 24.825453 -0.068622 
771 40.222390 0.000000 1.912040 105.650735 -0.059679 5.359375 -0.119080 
772 40.222390 0.000000 1.695103 105.447631 -0.065155 6.274760 -0.115858 
773 40.453968 0.000000 1.912040 105.764602 -0.086204 4.907191 -0.121024 
774 39.875024 0.000000 2.020508 101.472941 0.697314 10.415883 -0.040573 
775 39.875024 0.000000 1.912040 103.226573 0.413954 8.162043 -0.072252 
776 39.990813 0.000000 2.020508 102.135605 0.578925 10.047089 -0.053296 
777 39.701341 0.000000 2.074742 99.991769 0.966299 21.449177 -0.045935 
778 39.643447 0.000000 2.074742 98.140307 1.143757 22.501878 -0.013916 
779 39.701341 0.000000 2.020508 102.506116 0.392690 13.073157 -0.067857 
780 39.759235 0.000000 2.074742 101.729554 0.531203 13.393183 -0.052856 
781 39.817130 0.000000 2.183211 100.635204 0.736040 15.122341 -0.035667 
782 39.817130 0.000000 2.128976 100.028539 0.836548 12.975504 -0.017477 
783 39.875024 0.000000 2.183211 98.285139 1.154205 12.324446 0.018681 
784 39.817130 0.000000 2.237445 101.776424 0.552416 18.649366 -0.070654 
785 39.730288 0.000000 2.156094 95.934667 1.920607 34.815022 -0.041923 
786 39.701341 0.000000 2.156094 97.639692 1.330611 26.162556 -0.021976 
787 39.730288 0.000000 2.128976 96.624087 1.755825 32.374762 -0.038742 
788 39.759235 0.000000 2.156094 97.303592 1.587271 29.916365 -0.036550 
789 39.730288 0.000000 2.183211 99.757018 1.004727 23.714053 -0.051483 
790 39.817130 0.000000 2.074742 100.634114 0.730996 12.281313 -0.027859 
791 39.817130 0.000000 2.020508 102.097834 0.595207 11.078003 -0.054704 
792 39.875024 0.000000 2.074742 99.197153 1.086601 9.605909 0.006647 
793 39.730288 0.000000 2.101859 99.801399 0.998648 21.559733 -0.042614 
794 39.701341 0.000000 2.101859 99.481570 1.081049 23.336112 -0.044233 
795 39.730288 0.000000 2.074742 100.113025 0.930848 20.315486 -0.043620 
796 39.759235 0.000000 2.101859 99.906714 0.960438 19.975699 -0.038130 
797 39.788183 0.000000 2.156094 101.067577 0.650065 14.818957 -0.043468 
798 39.788183 0.000000 2.128976 100.974913 0.666022 13.948298 -0.039093 
799 39.817130 0.000000 2.156094 100.187240 0.810616 13.844747 -0.022982 
800 39.788183 0.000000 2.183211 101.315660 0.608159 15.982624 -0.052068 
801 39.744762 0.000000 2.142535 96.322307 1.826238 33.289149 -0.038949 
802 39.730288 0.000000 2.142535 95.256032 2.083459 36.896168 -0.043938 
803 39.744762 0.000000 2.128976 96.908665 1.685367 31.198954 -0.036750 
804 39.759235 0.000000 2.142535 97.219554 1.606850 29.968077 -0.035231 
805 39.744762 0.000000 2.156094 96.538944 1.774279 32.727791 -0.039402 
806 39.788183 0.000000 2.101859 101.056137 0.652436 13.339624 -0.039071 
807 39.788183 0.000000 2.074742 101.270412 0.616124 12.925447 -0.042314 
808 39.817130 0.000000 2.101859 100.219983 0.802780 12.503255 -0.020102 
809 39.773709 0.000000 2.142535 99.765304 0.980985 20.312710 -0.036668 
810 39.773709 0.000000 2.128976 101.300722 0.605706 14.292872 -0.046649 
811 39.788183 0.000000 2.142535 100.999203 0.661769 14.347962 -0.040714 
812 39.773709 0.000000 2.156094 99.809385 0.972840 20.660730 -0.038973 
813 39.759235 0.000000 2.779787 105.851551 0.013121 14.586506 -0.141732 
814 39.527658 0.000000 2.779787 103.104660 0.074492 13.983005 -0.082610 
815 39.990813 0.000000 2.779787 107.700845 -0.009405 10.687812 -0.171370 
816 39.759235 0.000000 2.996724 107.032982 0.039230 4.408377 -0.147549 
817 39.643447 0.000000 2.454382 103.176843 0.023391 25.879963 -0.131523 
818 39.527658 0.000000 2.454382 100.089944 0.046130 21.030418 -0.046028 
819 39.759235 0.000000 2.454382 104.952556 0.012288 27.750910 -0.178515 
820 39.643447 0.000000 2.562850 103.391611 0.021632 21.137007 -0.113660 
821 39.701341 0.000000 2.291679 102.670117 0.294896 23.460503 -0.109164 
822 39.643447 0.000000 2.291679 100.146688 0.541905 22.383757 -0.053069 
823 39.759235 0.000000 2.291679 103.132657 0.331970 23.310744 -0.117985 
824 39.701341 0.000000 2.345913 102.970591 0.218766 30.125662 -0.151055 
825 39.730288 0.000000 2.210328 100.126521 0.919327 23.842363 -0.059462 
826 39.701341 0.000000 2.210328 99.807977 0.988627 25.015265 -0.058837 
827 39.759235 0.000000 2.210328 100.305222 0.879590 22.702932 -0.057733 
828 39.730288 0.000000 2.237445 100.540858 0.824921 24.238104 -0.069663 
829 39.744762 0.000000 2.169652 97.213960 1.612589 30.790209 -0.040119 
830 39.730288 0.000000 2.169652 97.005394 1.663870 31.652972 -0.041473 
831 39.759235 0.000000 2.169652 99.885793 0.965986 21.801333 -0.045340 
832 39.744762 0.000000 2.183211 99.913724 0.966013 22.860677 -0.050630 
833 39.751999 0.000000 2.149314 96.831346 1.702546 31.552452 -0.037477 
834 39.744762 0.000000 2.149314 96.298236 1.832066 33.434491 -0.039457 
835 39.751999 0.000000 2.142535 96.837367 1.700953 31.443285 -0.036905 
836 39.759235 0.000000 2.149314 97.221674 1.606619 30.069652 -0.035882 
837 39.751999 0.000000 2.156094 96.960648 1.671641 31.225371 -0.037919 
838 45.085516 0.000000 4.298344 97.156736 -0.506926 3.336101 0.054918 
839 46.938135 0.000000 4.298344 98.005995 -0.338757 3.948462 0.037912 
840 45.085516 0.000000 6.033838 97.950884 -0.213647 2.991021 0.039663 
841 44.159206 0.000000 1.695103 94.316803 -1.355440 4.795996 0.107950 
842 44.159206 0.000000 0.827356 94.487251 -1.025392 6.431340 0.102975 
843 45.085516 0.000000 1.695103 95.999039 -0.849391 5.052562 0.075793 
844 44.159206 0.000000 2.562850 94.934923 -2.011507 2.508520 0.097702 
845 42.306587 0.000000 3.430597 109.524835 -0.207725 -13.495503 -0.217786 
846 43.232897 0.000000 3.430597 94.646169 -0.742743 1.682379 0.103872 
847 42.306587 0.000000 4.298344 95.706738 -0.451634 0.386351 0.083987 
848 42.769742 0.000000 2.128976 105.415010 -0.252751 3.675276 -0.112590 
849 42.306587 0.000000 2.128976 78.463700 -0.323894 -21.749874 0.337029 
850 42.769742 0.000000 1.695103 105.225060 -0.255689 4.555216 -0.109313 
851 43.232897 0.000000 2.128976 110.538827 -0.063537 -9.706833 -0.231306 
852 42.769742 0.000000 2.562850 105.560955 -0.250891 3.046914 -0.115246 
853 41.843432 0.000000 2.128976 105.940759 -0.232870 1.967175 -0.122737 
854 41.843432 0.000000 1.695103 105.278228 -0.248158 4.869633 -0.110728 
855 41.843432 0.000000 2.562850 106.176133 -0.233846 0.968873 -0.127436 
856 42.306587 0.000000 -0.040391 102.060430 -0.316296 23.277472 -0.095827 
857 42.306587 0.000000 -0.908138 93.799852 -0.321739 10.341493 0.109454 
858 43.232897 0.000000 -0.040391 93.346307 -0.741485 8.933258 0.120611 
859 42.769742 0.000000 1.261229 105.052590 -0.258813 5.422135 -0.106551 
860 42.306587 0.000000 1.261229 104.948157 -0.259962 6.105799 -0.105146 
861 42.769742 0.000000 0.827356 104.466711 -0.234809 7.484731 -0.096937 
862 43.232897 0.000000 1.261229 102.536613 -0.332673 24.205747 -0.109979 
863 42.538164 0.000000 1.912040 86.782371 -0.333393 0.133410 0.246869 
864 42.306587 0.000000 1.912040 30.109522 -0.546243 -10.996340 0.897220 
865 42.538164 0.000000 1.695103 87.123923 -0.319687 8.563243 0.233599 
866 42.769742 0.000000 1.912040 105.322019 -0.254125 4.097083 -0.110958 
867 42.538164 0.000000 2.128976 105.475678 -0.251020 3.452235 -0.113710 
868 15.443607 0.000000 -6.114621 98.836734 -0.500545 -0.415492 0.023088 
869 15.443607 0.000000 -7.850115 99.408777 -0.249135 2.324677 0.011243 
870 17.296227 0.000000 -6.114621 101.336811 -0.087093 -1.788454 -0.027236 
871 14.517298 0.000000 -3.511380 92.985838 -0.115183 -25.219432 0.071760 
872 14.517298 0.000000 -4.379127 94.637582 -0.320621 -5.187760 0.101671 
873 15.443607 0.000000 -3.511380 99.890821 0.114699 -13.935998 -0.017240 
874 14.517298 0.000000 -2.643632 90.877280 -0.302407 -11.466842 0.160974 
875 14.517298 0.000000 -1.775885 -7.899271 -0.081587 3.142384 0.992772 
876 13.590988 0.000000 -1.775885 -11.419789 -0.280272 5.150125 0.984299 
877 15.443607 0.000000 -1.775885 -7.021917 0.134282 1.945780 0.994689 
878 14.517298 0.000000 -0.908138 -8.776454 -0.079933 2.650670 0.991594 
879 14.054143 0.000000 -3.077506 86.677142 -0.421364 -11.382849 0.235733 
880 13.590988 0.000000 -3.077506 91.790495 -0.452815 -1.304119 0.157260 
881 14.054143 0.000000 -3.511380 89.562538 -0.424742 -1.904151 0.197475 
882 14.517298 0.000000 -3.077506 84.691904 -0.284677 -29.512409 0.195622 
883 14.054143 0.000000 -2.643632 89.611191 -0.425678 -1.910706 0.196600 
884 19.148846 0.000000 -2.643632 -8.628471 0.229336 0.097393 0.992549 
885 19.148846 0.000000 -4.379127 113.431128 0.168484 -10.476545 -0.297641 
886 21.001465 0.000000 -2.643632 -10.325087 -0.118056 -1.031248 0.989232 
887 16.369917 0.000000 -3.511380 100.261372 0.418402 -7.432967 -0.010777 
888 16.369917 0.000000 -4.379127 98.747847 -0.094067 -6.236808 0.020996 
889 17.296227 0.000000 -3.511380 101.640698 0.326931 -14.059611 -0.052861 
890 16.369917 0.000000 -2.643632 100.188488 0.457430 -5.766248 -0.007119 
891 14.980452 0.000000 -3.077506 95.577169 0.000597 -24.638312 0.025796 
892 14.980452 0.000000 -3.511380 96.080576 0.016299 -23.396353 0.022113 
893 15.443607 0.000000 -3.077506 99.066602 0.090338 -15.973618 -0.006936 
894 14.980452 0.000000 -2.643632 93.463237 -0.047899 -29.899622 0.037063 
895 12.664678 0.000000 -1.775885 95.506261 -0.506726 0.052475 0.087829 
896 11.738369 0.000000 -1.775885 -13.454617 -0.080021 0.880634 0.981819 
897 12.664678 0.000000 -0.908138 -11.834380 -0.071689 2.231408 0.985496 
898 14.054143 0.000000 -2.209759 89.466621 -0.422895 -1.891230 0.199197 
899 13.590988 0.000000 -2.209759 89.461287 -0.422793 -1.890511 0.199293 
900 14.517298 0.000000 -2.209759 90.608638 -0.444878 -2.045077 0.178569 
901 14.054143 0.000000 -1.775885 -8.803773 -0.027067 4.146927 0.990530 
902 14.285720 0.000000 -2.860569 85.858513 -0.338447 -21.821591 0.215202 
903 14.054143 0.000000 -2.860569 89.741673 -0.428190 -1.928284 0.194253 
904 14.285720 0.000000 -3.077506 84.454440 -0.316201 -27.091711 0.213339 
905 14.517298 0.000000 -2.860569 87.211988 -0.268802 -24.842917 0.177683 
906 14.285720 0.000000 -2.643632 89.534590 -0.424204 -1.900387 0.197977 
907 14.517298 0.000000 -5.246874 97.004563 -0.325288 -1.431532 0.058796 
908 13.590988 0.000000 -5.246874 96.507445 -0.199320 0.764685 0.068569 
909 14.517298 0.000000 -6.114621 98.066938 -0.277943 0.623692 0.038241 
910 15.443607 0.000000 -5.246874 98.316795 -0.306313 -2.797510 0.032589 
911 14.054143 0.000000 -3.945253 90.608638 -0.444878 -2.045077 0.178569 
912 13.590988 0.000000 -3.945253 90.608638 -0.444878 -2.045077 0.178569 
913 14.054143 0.000000 -4.379127 93.487608 -0.358036 -2.695198 0.125267 
914 14.517298 0.000000 -3.945253 92.289653 -0.345610 -8.677247 0.140721 
915 14.285720 0.000000 -3.294443 89.033131 -0.221667 -24.269886 0.148403 
916 14.054143 0.000000 -3.294443 89.654855 -0.426519 -1.916588 0.195815 
917 14.285720 0.000000 -3.511380 90.808417 -0.310913 -10.832603 0.163639 
918 14.517298 0.000000 -3.294443 89.331645 -0.191251 -26.630604 0.131063 
919 16.369917 0.000000 -1.775885 -7.234840 0.308756 1.218059 0.994608 
920 17.296227 0.000000 -1.775885 -7.525024 0.310376 0.976218 0.994232 
921 16.369917 0.000000 -0.908138 -7.797820 0.297843 1.464373 0.993696 
922 14.980452 0.000000 -2.209759 -6.795484 -0.104064 2.405692 0.994802 
923 15.443607 0.000000 -2.209759 -6.446420 0.135459 1.784740 0.995524 
924 14.980452 0.000000 -1.775885 -7.364035 -0.085640 2.535278 0.993934 
925 14.748875 0.000000 -2.860569 93.108644 -0.100500 -26.359250 0.063596 
926 14.748875 0.000000 -3.077506 90.884963 -0.126483 -29.946830 0.084309 
927 14.980452 0.000000 -2.860569 94.859817 -0.012246 -26.433244 0.030290 
928 14.748875 0.000000 -2.643632 92.990510 -0.113814 -25.282587 0.071354 
929 14.401509 0.000000 -2.969038 82.853413 -0.323540 -30.297706 0.221726 
930 14.285720 0.000000 -2.969038 86.450639 -0.307775 -23.127719 0.199130 
931 14.401509 0.000000 -3.077506 82.579277 -0.320784 -31.202751 0.220695 
932 14.517298 0.000000 -2.969038 84.580451 -0.291487 -29.126301 0.199772 
933 14.401509 0.000000 -2.860569 86.777917 -0.290155 -23.928255 0.189695 
934 19.148846 0.000000 -6.114621 104.909257 0.059064 0.250783 -0.100602 
935 19.148846 0.000000 -7.850115 102.522043 -0.048638 2.881523 -0.051907 
936 21.001465 0.000000 -6.114621 106.028081 -0.009271 5.654527 -0.127393 
937 18.222536 0.000000 -3.511380 106.636448 0.332595 -15.641634 -0.161610 
938 18.222536 0.000000 -4.379127 104.958204 0.370193 -16.242286 -0.128017 
939 19.148846 0.000000 -3.511380 112.624964 0.190018 -11.599094 -0.281896 
940 18.222536 0.000000 -2.643632 -7.649844 0.197035 0.227686 0.994139 
941 22.854084 0.000000 -2.643632 108.958335 -0.399914 16.118397 -0.213188 
942 22.854084 0.000000 -4.379127 107.349207 -0.306176 12.160562 -0.167183 
943 20.075156 0.000000 -3.511380 116.921543 0.075446 -1.359785 -0.367250 
944 20.075156 0.000000 -4.379127 117.140841 0.062217 0.277781 -0.372206 
945 21.001465 0.000000 -3.511380 116.245972 0.000571 12.136646 -0.366042 
946 20.075156 0.000000 -2.643632 -9.391192 -0.095336 -0.786057 0.991118 
947 22.854084 0.000000 -6.114621 104.748082 -0.191988 8.994394 -0.105310 
948 22.854084 0.000000 -7.850115 102.558404 -0.014197 7.295964 -0.057146 
949 24.706704 0.000000 -6.114621 103.254302 -0.267800 11.105166 -0.078485 
950 21.927775 0.000000 -3.511380 112.610717 -0.046928 18.319585 -0.301678 
951 21.927775 0.000000 -4.379127 114.746540 -0.019697 16.881679 -0.345176 
952 22.854084 0.000000 -3.511380 109.740322 -0.253282 17.582829 -0.235216 
953 21.927775 0.000000 -2.643632 -11.401359 -0.248242 -1.280805 0.986831 
954 21.927775 0.000000 -5.246874 107.739844 -0.491757 8.655922 -0.168304 
955 21.001465 0.000000 -5.246874 109.351971 -0.283667 6.274540 -0.199730 
956 21.927775 0.000000 -6.114621 105.250340 -0.276021 7.112390 -0.112830 
957 22.854084 0.000000 -5.246874 106.250762 -0.340689 10.264276 -0.139470 
958 21.464620 0.000000 -3.945253 114.629249 -0.018451 16.002058 -0.339593 
959 21.001465 0.000000 -3.945253 116.301454 0.001197 11.969566 -0.366930 
960 21.464620 0.000000 -4.379127 114.746540 -0.019697 16.881679 -0.345176 
961 21.927775 0.000000 -3.945253 112.321141 -0.053002 18.531033 -0.295944 
962 21.464620 0.000000 -3.511380 114.304765 -0.023110 16.446545 -0.333607 
963 23.780394 0.000000 -3.511380 111.437766 -0.229545 9.727033 -0.251304 
964 23.780394 0.000000 -4.379127 107.540960 -0.177052 12.314584 -0.171674 
965 24.706704 0.000000 -3.511380 115.116056 -0.032880 18.087410 -0.357886 
966 23.780394 0.000000 -2.643632 112.553631 -0.153527 6.975324 -0.271700 
967 26.559323 0.000000 -6.114621 100.826817 -0.444009 11.455878 -0.029748 
968 26.559323 0.000000 -7.850115 100.842131 -0.519847 8.861266 -0.024793 
969 28.411942 0.000000 -6.114621 99.666827 -0.380627 10.250803 -0.003870 
970 25.633013 0.000000 -3.511380 97.639253 0.052434 57.172134 -0.280208 
971 25.633013 0.000000 -4.379127 103.842877 -0.215076 20.000770 -0.118342 
972 26.559323 0.000000 -3.511380 95.011543 0.088028 22.860320 0.045020 
973 25.633013 0.000000 -2.643632 89.779990 0.070049 51.830905 -0.074689 
974 27.485633 0.000000 -3.511380 94.999826 0.088141 22.857795 0.045255 
975 27.485633 0.000000 -4.379127 97.192441 -0.519381 14.234529 0.035074 
976 28.411942 0.000000 -3.511380 97.640590 -0.446224 19.345621 0.009186 
977 27.485633 0.000000 -2.643632 95.875215 -0.142483 20.817401 0.037456 
978 25.633013 0.000000 -1.775885 94.970040 0.088427 22.851375 0.045850 
979 24.706704 0.000000 -1.775885 -13.707805 0.111407 -4.182615 0.979459 
980 26.559323 0.000000 -1.775885 93.519329 0.085915 21.983489 0.077085 
981 25.633013 0.000000 -0.908138 -15.877105 0.115788 -3.962217 0.973220 
982 26.096168 0.000000 -3.077506 93.503987 0.073846 35.774028 -0.002278 
983 25.633013 0.000000 -3.077506 100.023595 0.051506 50.745147 -0.257979 
984 26.096168 0.000000 -3.511380 94.994361 0.088193 22.856617 0.045364 
985 26.559323 0.000000 -3.077506 93.712297 0.085754 22.082222 0.073037 
986 26.096168 0.000000 -2.643632 80.770210 0.093343 28.596612 0.265840 
987 25.169859 0.000000 -3.077506 106.566292 0.036381 40.405159 -0.298895 
988 24.706704 0.000000 -3.077506 115.337185 -0.023016 19.006929 -0.366393 
989 25.169859 0.000000 -3.511380 109.734288 0.031181 34.437376 -0.322755 
990 25.169859 0.000000 -2.643632 101.688789 0.044324 49.595492 -0.280032 
991 27.485633 0.000000 -1.775885 95.540109 -0.156139 20.331094 0.045871 
992 28.411942 0.000000 -1.775885 98.151136 -0.401857 16.666398 0.008842 
993 27.485633 0.000000 -0.908138 97.640590 -0.446224 19.345621 0.009186 
994 26.096168 0.000000 -2.209759 90.745575 0.087193 21.107545 0.131970 
995 25.633013 0.000000 -2.209759 95.960514 0.078072 35.448604 -0.046503 
996 26.559323 0.000000 -2.209759 93.982415 0.085244 22.210798 0.067398 
997 26.096168 0.000000 -1.775885 93.374530 0.085946 21.906377 0.080130 
998 25.864591 0.000000 -2.860569 83.880795 0.081468 43.526465 0.106945 
999 25.633013 0.000000 -2.860569 91.499220 0.067476 53.117990 -0.119363 
1000 25.864591 0.000000 -3.077506 90.301423 0.069842 51.048614 -0.076031 
1001 26.096168 0.000000 -2.860569 84.208284 0.083468 38.849124 0.139970 
1002 25.864591 0.000000 -2.643632 76.651351 0.090493 42.703852 0.230094 
1003 36.285574 0.000000 2.996724 93.770820 0.121305 -3.908808 0.119174 
1004 36.285574 0.000000 2.562850 93.048610 0.348035 -0.976183 0.134088 
1005 36.748729 0.000000 2.996724 102.831057 0.199198 6.431920 -0.061564 
1006 36.285574 0.000000 3.430597 97.662369 0.016153 -2.494254 0.045584 
1007 43.232897 0.000000 23.388780 99.769832 0.176269 5.493979 0.001577 
1008 50.643374 0.000000 23.388780 99.694615 0.120821 5.561292 0.003004 
1009 43.232897 0.000000 30.330756 99.876765 -0.009390 5.838771 -0.000946 
1010 39.527658 0.000000 12.975815 100.093577 0.197063 3.806516 -0.003325 
1011 35.822419 0.000000 12.975815 100.239037 0.219083 4.156752 -0.006519 
1012 43.232897 0.000000 12.975815 99.559557 0.204605 3.817264 0.007328 
1013 39.527658 0.000000 16.446803 99.685784 -0.043309 4.696422 0.004069 
1014 41.380277 0.000000 7.769332 98.172540 0.000000 1.540779 0.035978 
1015 39.527658 0.000000 7.769332 97.283078 -0.000000 1.213331 0.053453 
1016 43.232897 0.000000 7.769332 98.357560 0.037592 2.149687 0.032117 
1017 41.380277 0.000000 9.504827 99.348817 0.315383 1.661410 0.012695 
1018 40.453968 0.000000 5.166091 97.435268 0.000000 0.135452 0.050635 
1019 39.527658 0.000000 5.166091 97.289305 -0.000000 0.104739 0.053478 
1020 41.380277 0.000000 5.166091 97.217213 0.000000 0.572836 0.054849 
1021 40.453968 0.000000 6.033838 97.454517 -0.000000 0.871180 0.050186 
1022 37.675039 0.000000 7.769332 97.007097 -0.000000 2.468952 0.058353 
1023 35.822419 0.000000 7.769332 97.346515 0.000000 3.654280 0.051030 
1024 37.675039 0.000000 9.504827 102.483876 0.370835 2.719214 -0.051048 
1025 38.601348 0.000000 5.166091 97.711599 -0.000000 -0.153868 0.045242 
1026 37.675039 0.000000 5.166091 98.291544 -0.000000 0.379395 0.033863 
1027 38.601348 0.000000 6.033838 97.569942 -0.000000 0.977561 0.047915 
1028 39.990813 0.000000 4.732218 97.622741 -0.000000 -0.426219 0.046962 
1029 39.527658 0.000000 4.732218 97.963736 0.012188 -0.587455 0.040276 
1030 39.990813 0.000000 4.298344 98.621840 0.055707 -1.175523 0.027235 
1031 40.453968 0.000000 4.732218 97.660461 0.000000 -0.555372 0.046213 
1032 39.990813 0.000000 5.166091 97.448508 -0.000000 0.142465 0.050377 
1033 39.064503 0.000000 4.732218 98.487806 0.111231 -1.408440 0.029816 
1034 38.601348 0.000000 4.732218 98.735547 0.098420 -1.586148 0.024877 
1035 39.064503 0.000000 4.298344 98.493983 0.079399 -1.894436 0.029534 
1036 39.064503 0.000000 5.166091 97.466183 0.000000 -0.066577 0.050034 
1037 39.990813 0.000000 3.864471 101.180759 0.035838 -2.097736 -0.024195 
1038 39.527658 0.000000 3.864471 98.759258 0.046680 -0.734462 0.024607 
1039 40.453968 0.000000 3.864471 102.896160 0.042170 -4.365214 -0.060668 
1040 39.759235 0.000000 4.515281 98.057860 0.055838 -0.774646 0.038405 
1041 39.527658 0.000000 4.515281 98.550159 0.069532 -1.162798 0.028651 
1042 39.759235 0.000000 4.298344 98.770741 0.071428 -1.212883 0.024286 
1043 39.990813 0.000000 4.515281 98.194884 0.059452 -0.924082 0.035691 
1044 39.759235 0.000000 4.732218 97.441061 -0.000000 -0.326694 0.050513 
1045 42.306587 0.000000 5.166091 96.842640 -0.314369 1.151290 0.062008 
1046 43.232897 0.000000 5.166091 96.940517 -0.378535 1.976758 0.059849 
1047 42.306587 0.000000 6.033838 97.473790 -0.263191 1.559543 0.049636 
1048 40.917122 0.000000 4.732218 97.621454 0.000000 -0.421557 0.046987 
1049 40.917122 0.000000 4.298344 97.671337 0.000000 -1.039151 0.045923 
1050 41.380277 0.000000 4.732218 96.740223 -0.206511 -0.266315 0.064122 
1051 40.917122 0.000000 5.166091 97.382546 0.000000 0.204126 0.051660 
1052 36.748729 0.000000 5.166091 98.044303 -0.000000 0.571045 0.038699 
1053 35.822419 0.000000 5.166091 98.500886 -0.000000 0.092128 0.029757 
1054 36.748729 0.000000 6.033838 98.000840 -0.000000 1.549099 0.039344 
1055 38.138194 0.000000 4.732218 98.725543 0.109543 -1.208864 0.025179 
1056 37.675039 0.000000 4.732218 98.693795 -0.000000 -0.287032 0.025945 
1057 38.138194 0.000000 4.298344 100.413444 0.103010 -2.720868 -0.009027 
1058 38.138194 0.000000 5.166091 98.022241 -0.000000 -0.012205 0.039164 
1059 40.453968 0.000000 6.901585 97.492769 -0.000000 1.272126 0.049354 
1060 39.527658 0.000000 6.901585 97.367720 -0.000000 1.230289 0.051801 
1061 41.380277 0.000000 6.901585 97.658800 0.000000 1.419995 0.046074 
1062 40.453968 0.000000 7.769332 97.705482 -0.000000 1.277228 0.045201 
1063 46.938135 0.000000 12.975815 99.454187 0.154383 4.110925 0.009194 
1064 50.643374 0.000000 12.975815 99.391304 0.231240 4.380217 0.010213 
1065 46.938135 0.000000 16.446803 99.504549 0.297231 4.820989 0.007551 
1066 45.085516 0.000000 7.769332 98.541773 0.192740 2.555261 0.028295 
1067 46.938135 0.000000 7.769332 98.731818 -0.487243 3.077701 0.024232 
1068 45.085516 0.000000 9.504827 99.023378 0.342063 2.800545 0.018641 
1069 42.306587 0.000000 6.901585 97.873415 -0.350810 1.784529 0.041749 
1070 43.232897 0.000000 6.901585 97.980516 -0.355207 2.165332 0.039500 
1071 42.306587 0.000000 7.769332 98.099057 0.000000 1.597351 0.037402 
1072 40.917122 0.000000 6.467712 97.457915 0.000000 1.213419 0.050048 
1073 40.453968 0.000000 6.467712 97.473972 -0.000000 1.123424 0.049756 
1074 40.917122 0.000000 6.033838 97.522511 0.000000 0.981694 0.048840 
1075 41.380277 0.000000 6.467712 97.455446 0.000000 1.269137 0.050083 
1076 40.917122 0.000000 6.901585 97.525432 -0.000000 1.380151 0.048689 
1077 41.380277 0.000000 11.240321 99.816084 0.080312 2.880555 0.002845 
1078 39.527658 0.000000 11.240321 100.375355 0.063030 3.009475 -0.008427 
1079 43.232897 0.000000 11.240321 99.455988 0.092814 3.099744 0.009889 
1080 41.380277 0.000000 12.975815 99.837904 0.226758 3.682425 0.001878 
1081 42.306587 0.000000 8.637080 98.582359 0.000000 1.870748 0.027802 
1082 41.380277 0.000000 8.637080 98.362396 -0.000000 1.462994 0.032270 
1083 43.232897 0.000000 8.637080 100.342242 16.661560 15.464363 -0.058532 
1084 42.306587 0.000000 9.504827 99.127467 0.403775 2.104597 0.016915 
1085 41.843432 0.000000 7.335459 98.182614 0.000000 1.537702 0.035781 
1086 41.380277 0.000000 7.335459 98.077325 0.000000 1.511132 0.037855 
1087 41.843432 0.000000 6.901585 97.835985 0.000000 1.443638 0.042604 
1088 42.306587 0.000000 7.335459 98.081333 -0.346112 1.775155 0.037678 
1089 41.843432 0.000000 7.769332 98.168304 0.000000 1.571822 0.036051 
1090 40.453968 0.000000 8.637080 98.507895 -0.380845 0.640448 0.029564 
1091 39.527658 0.000000 8.637080 98.031584 -0.308338 0.551222 0.038941 
1092 40.453968 0.000000 9.504827 100.011319 0.116677 1.324651 -0.000403 
1093 40.917122 0.000000 7.335459 97.772249 -0.000000 1.404094 0.043862 
1094 40.453968 0.000000 7.335459 97.514897 -0.000000 1.293779 0.048917 
1095 40.917122 0.000000 7.769332 97.937000 -0.000000 1.406427 0.040637 
1096 45.085516 0.000000 11.240321 99.293148 0.157000 3.417148 0.012917 
1097 46.938135 0.000000 11.240321 99.196179 0.330531 3.682063 0.014645 
1098 45.085516 0.000000 12.975815 99.404671 0.287941 3.979423 0.010279 
1099 42.306587 0.000000 10.372574 99.408839 0.118299 2.516611 0.011154 
1100 41.380277 0.000000 10.372574 99.681657 0.097229 2.318994 0.005818 
1101 43.232897 0.000000 10.372574 99.279627 0.145436 2.726106 0.013610 
1102 42.306587 0.000000 11.240321 99.598155 0.070502 2.958199 0.007145 
1103 41.843432 0.000000 9.070953 98.494303 0.000000 1.729065 0.029588 
1104 41.380277 0.000000 9.070953 98.310350 -0.000000 1.358517 0.033323 
1105 41.843432 0.000000 8.637080 98.503369 0.000000 1.781466 0.029391 
1106 42.306587 0.000000 9.070953 98.600392 0.000000 1.894614 0.027437 
1107 41.843432 0.000000 9.504827 99.200556 0.338640 1.911133 0.015548 
1108 29.801407 0.000000 2.996724 104.388591 -0.072883 3.295801 -0.090785 
1109 29.801407 0.000000 2.562850 103.320319 -0.114826 6.523190 -0.071765 
1110 30.264562 0.000000 2.996724 243.729034 -0.089877 -48.635175 -5.176923 
1111 29.801407 0.000000 3.430597 107.172202 -0.027815 0.721491 -0.148640 
1112 29.106675 0.000000 2.779787 99.650897 -0.110348 25.218539 -0.056629 
1113 29.106675 0.000000 2.562850 98.829175 -0.132979 4.238792 0.021481 
1114 29.338252 0.000000 2.779787 95.517869 -0.131652 -7.220818 0.082418 
1115 29.106675 0.000000 2.996724 103.489022 -0.095169 23.038848 -0.124078 
1116 32.117181 0.000000 12.975815 100.340853 -0.185607 3.885757 -0.008342 
1117 32.117181 0.000000 16.446803 100.264420 0.255729 4.748425 -0.007557 
1118 30.264562 0.000000 7.769332 100.650772 0.160025 2.261965 -0.013572 
1119 32.117181 0.000000 7.769332 100.241983 0.210738 2.161437 -0.005317 
1120 30.264562 0.000000 9.504827 100.751534 0.279894 3.161840 -0.016095 
1121 29.338252 0.000000 5.166091 101.659796 -0.239684 0.760790 -0.033535 
1122 30.264562 0.000000 5.166091 101.632040 -0.164956 -0.084442 -0.032911 
1123 29.338252 0.000000 6.033838 101.608086 -0.233153 1.004049 -0.032527 
1124 28.875097 0.000000 3.864471 102.898205 -0.038743 10.902854 -0.070691 
1125 29.338252 0.000000 3.864471 104.845754 -0.031746 5.687430 -0.102498 
1126 28.875097 0.000000 4.298344 99.113166 -0.000000 -4.574674 0.015565 
1127 28.643520 0.000000 3.213660 103.715628 -0.053653 19.597342 -0.114099 
1128 28.875097 0.000000 3.213660 101.574064 -0.054841 23.562573 -0.087249 
1129 28.643520 0.000000 3.430597 101.142003 -0.074416 14.330179 -0.043506 
1130 28.759308 0.000000 2.888255 104.095545 -0.086798 57.998184 -0.419968 
1131 28.643520 0.000000 2.888255 101.864490 -0.130316 56.997032 -0.362505 
1132 28.759308 0.000000 2.779787 104.311723 -0.104732 50.069585 -0.338791 
1133 28.875097 0.000000 2.888255 104.779974 -0.134917 58.054613 -0.434920 
1134 28.759308 0.000000 2.996724 106.183839 -0.089482 36.709505 -0.262260 
1135 28.296154 0.000000 2.888255 92.180969 -0.122234 10.617532 0.138992 
1136 28.296154 0.000000 2.779787 96.699979 -0.108151 15.627660 0.040488 
1137 28.411942 0.000000 2.888255 93.157187 -0.096600 21.432162 0.086239 
1138 28.296154 0.000000 2.996724 90.690097 -0.069041 17.842973 0.145693 
1139 27.717210 0.000000 2.345913 96.106582 -0.069161 3.326300 0.075246 
1140 27.485633 0.000000 2.345913 98.664079 -0.056133 -0.429792 0.026521 
1141 27.717210 0.000000 2.128976 96.597389 -0.099749 0.970217 0.066799 
1142 27.948787 0.000000 2.345913 95.338736 -0.111827 8.521500 0.083790 
1143 27.832999 0.000000 2.671318 96.536122 -0.080972 5.584939 0.064958 
1144 27.717210 0.000000 2.671318 97.393915 -0.077419 4.355934 0.049545 
1145 27.832999 0.000000 2.562850 96.750578 -0.081044 5.512012 0.060894 
1146 27.948787 0.000000 2.671318 98.312271 -0.101459 7.761879 0.027444 
1147 27.890893 0.000000 2.834021 88.684979 -0.108373 -15.270040 0.190179 
1148 27.832999 0.000000 2.834021 88.526121 -0.108186 -20.107904 0.175879 
1149 27.890893 0.000000 2.779787 90.167364 -0.086526 -4.683894 0.184790 
1150 27.948787 0.000000 2.834021 89.218674 -0.098742 -6.799564 0.199378 
1151 28.064576 0.000000 3.105192 92.803957 -0.063987 15.460326 0.114840 
1152 28.180365 0.000000 3.105192 90.902519 -0.073383 15.835426 0.148597 
1153 28.064576 0.000000 3.213660 93.579763 -0.063902 15.474829 0.100335 
1154 28.006682 0.000000 2.942489 89.909031 -0.105005 -1.609620 0.191376 
1155 28.006682 0.000000 2.888255 89.057370 -0.129866 -9.354032 0.198127 
1156 28.064576 0.000000 2.942489 89.720448 -0.098216 2.249203 0.194517 
1157 28.006682 0.000000 2.996724 90.600563 -0.108879 -0.507375 0.179127 
1158 27.919840 0.000000 2.915372 85.447654 -0.070416 -26.857492 0.197737 
1159 27.890893 0.000000 2.915372 85.424676 -0.074800 -25.641779 0.204512 
1160 27.919840 0.000000 2.888255 86.421275 -0.104186 -26.550455 0.182643 
1161 27.948787 0.000000 2.915372 88.696244 -0.101531 -7.938635 0.206994 
1162 27.919840 0.000000 2.942489 88.500928 -0.106041 -13.648936 0.198128 
1163 29.106675 0.000000 3.213660 98.120899 -0.057958 10.512386 0.026178 
1164 29.338252 0.000000 3.213660 107.919874 -0.032029 14.655164 -0.186147 
1165 29.106675 0.000000 3.430597 104.688477 -0.068772 6.364357 -0.100019 
1166 28.990886 0.000000 3.105192 108.087094 -0.082537 21.682994 -0.215298 
1167 28.875097 0.000000 3.105192 110.789687 -0.092532 26.365653 -0.296951 
1168 28.990886 0.000000 2.996724 109.056466 -0.094873 28.730530 -0.271877 
1169 29.106675 0.000000 3.105192 103.492354 -0.088068 16.049526 -0.096826 
1170 28.990886 0.000000 3.213660 96.504692 -0.049003 9.905597 0.058872 
1171 29.801407 0.000000 3.864471 104.297727 -0.025699 -2.375743 -0.088366 
1172 30.264562 0.000000 3.864471 106.067542 -0.039263 -0.980372 -0.125129 
1173 29.801407 0.000000 4.298344 101.172172 -0.000000 -0.450271 -0.023601 
1174 31.190871 0.000000 5.166091 100.671750 0.056556 -0.415053 -0.013498 
1175 32.117181 0.000000 5.166091 99.936911 -0.000000 1.043404 0.001153 
1176 31.190871 0.000000 6.033838 100.485382 0.045387 0.801621 -0.009796 
1177 30.727716 0.000000 3.864471 104.396136 -0.024999 -6.078877 -0.093551 
1178 30.727716 0.000000 3.430597 121.870588 -0.024571 -9.058520 -0.493450 
1179 31.190871 0.000000 3.864471 101.516959 -0.026066 -5.971593 -0.034135 
1180 30.727716 0.000000 4.298344 105.138317 -0.034585 -6.357898 -0.109449 
1181 30.032984 0.000000 3.647534 106.018238 -0.045644 0.351369 -0.123999 
1182 29.801407 0.000000 3.647534 106.737899 -0.032771 1.006990 -0.139399 
1183 30.032984 0.000000 3.430597 107.625285 -0.033243 3.063804 -0.159259 
1184 30.264562 0.000000 3.647534 107.200224 -0.048306 -1.073581 -0.149304 
1185 30.032984 0.000000 3.864471 104.766036 -0.040617 0.178513 -0.097596 
1186 30.727716 0.000000 2.996724 190.753003 -0.077970 -41.920164 -2.814401 
1187 30.727716 0.000000 2.562850 141.595194 -0.172043 -24.586747 -1.065374 
1188 30.032984 0.000000 3.213660 108.602124 -0.042051 3.275066 -0.180515 
1189 29.801407 0.000000 3.213660 107.956779 -0.039567 2.659432 -0.166174 
1190 30.032984 0.000000 2.996724 154.124528 -0.066607 -7.309519 -1.380780 
1191 30.264562 0.000000 3.213660 125.428594 -0.039866 -4.201483 -0.574999 
1192 30.496139 0.000000 3.647534 106.707730 -0.027697 -2.445739 -0.139252 
1193 30.496139 0.000000 3.430597 121.144671 -0.025903 -7.114263 -0.472664 
1194 30.727716 0.000000 3.647534 107.261587 -0.009380 -6.079858 -0.154201 
1195 30.496139 0.000000 3.864471 105.813158 -0.041786 -3.523907 -0.120884 
1196 30.148773 0.000000 3.539065 105.249754 -0.022286 -2.878174 -0.108580 
1197 30.032984 0.000000 3.539065 106.204516 -0.038777 0.338838 -0.127952 
1198 30.148773 0.000000 3.430597 109.105383 -0.035446 1.820105 -0.190730 
1199 30.264562 0.000000 3.539065 104.600584 -0.024730 -1.972753 -0.094517 
1200 30.148773 0.000000 3.647534 105.596410 -0.047080 0.892593 -0.115140 
1201 30.496139 0.000000 3.213660 138.079588 -0.039192 -11.320305 -0.919412 
1202 30.496139 0.000000 2.996724 263.905329 -0.118799 -65.286663 -6.390839 
1203 30.727716 0.000000 3.213660 133.614104 -0.046555 -13.151089 -0.802568 
1204 30.148773 0.000000 3.322129 108.381226 -0.041454 3.441926 -0.175834 
1205 30.032984 0.000000 3.322129 106.285622 -0.031507 5.693716 -0.132905 
1206 30.148773 0.000000 3.213660 123.628929 -0.043283 -2.191929 -0.528892 
1207 30.264562 0.000000 3.322129 124.038790 -0.023794 -1.615500 -0.538823 
1208 30.380350 0.000000 3.539065 104.865157 -0.026709 -1.613783 -0.099931 
1209 30.380350 0.000000 3.430597 106.126550 -0.027439 -0.903501 -0.126366 
1210 30.496139 0.000000 3.539065 106.383633 -0.019822 -1.178070 -0.131887 
1211 30.380350 0.000000 3.647534 106.586859 -0.032620 -1.866058 -0.136424 
1212 30.206667 0.000000 3.484831 104.037580 -0.015248 -3.165173 -0.083384 
1213 30.148773 0.000000 3.484831 104.987204 -0.015973 -3.686335 -0.103590 
1214 30.206667 0.000000 3.430597 108.170242 -0.027419 0.152272 -0.170083 
1215 30.264562 0.000000 3.484831 104.786755 -0.022477 -1.706865 -0.098318 
1216 30.206667 0.000000 3.539065 104.460938 -0.023787 -2.080817 -0.091642 
1217 29.569829 0.000000 3.647534 106.248081 -0.035466 3.022009 -0.129779 
1218 29.338252 0.000000 3.647534 102.896990 -0.054357 4.853128 -0.061135 
1219 29.569829 0.000000 3.430597 106.619422 -0.020006 0.717837 -0.136822 
1220 29.569829 0.000000 3.864471 106.362902 -0.029151 -0.213191 -0.131311 
1221 29.917195 0.000000 3.539065 106.528317 -0.037890 0.824683 -0.134896 
1222 29.801407 0.000000 3.539065 105.781503 -0.029378 1.439376 -0.119180 
1223 29.917195 0.000000 3.430597 106.964526 -0.031099 3.066601 -0.145081 
1224 29.917195 0.000000 3.647534 105.463345 -0.046576 0.539716 -0.112281 
1225 30.090879 0.000000 3.484831 106.136775 -0.027043 -1.570578 -0.126748 
1226 30.032984 0.000000 3.484831 107.309632 -0.035073 0.842445 -0.151607 
1227 30.090879 0.000000 3.430597 108.427538 -0.035203 2.666872 -0.176364 
1228 30.090879 0.000000 3.539065 107.835611 -0.043972 0.036488 -0.162852 
1229 29.801407 0.000000 4.732218 102.071540 -0.175817 0.159964 -0.041866 
1230 29.338252 0.000000 4.732218 101.925832 -0.225813 0.761543 -0.038951 
1231 30.264562 0.000000 4.732218 106.853775 -0.000000 -7.813946 -0.147879 
1232 29.801407 0.000000 5.166091 101.689370 -0.193410 0.346471 -0.034089 
1233 30.032984 0.000000 4.081407 104.355913 -0.028893 -1.874281 -0.089367 
1234 29.801407 0.000000 4.081407 102.549243 -0.035391 -0.197674 -0.051639 
1235 30.264562 0.000000 4.081407 104.757504 -0.026092 -3.186159 -0.098429 
1236 30.032984 0.000000 4.298344 103.733546 -0.000000 -1.437343 -0.076271 
1237 30.148773 0.000000 3.756002 105.464270 -0.038337 0.285771 -0.112280 
1238 30.032984 0.000000 3.756002 106.241391 -0.037185 -0.314798 -0.128733 
1239 30.264562 0.000000 3.756002 105.375932 -0.043028 -1.478027 -0.110627 
1240 30.148773 0.000000 3.864471 105.215392 -0.040108 -0.204907 -0.107032 
1241 30.206667 0.000000 3.593300 106.895240 -0.045748 -0.058232 -0.142660 
1242 30.148773 0.000000 3.593300 108.004855 -0.047755 -0.402793 -0.166521 
1243 30.264562 0.000000 3.593300 105.595260 -0.035575 -1.192950 -0.115178 
1244 30.206667 0.000000 3.647534 107.209037 -0.050266 -0.488589 -0.149402 
1245 30.177720 0.000000 3.511948 104.833830 -0.018499 -3.197421 -0.100036 
1246 30.148773 0.000000 3.511948 104.803475 -0.015065 -4.004724 -0.099981 
1247 30.177720 0.000000 3.484831 105.102649 -0.018260 -3.233719 -0.105702 
1248 30.206667 0.000000 3.511948 103.588021 -0.013270 -3.631909 -0.074367 
1249 30.177720 0.000000 3.539065 105.758200 -0.028809 -1.854935 -0.118824 
1250 30.090879 0.000000 3.593300 106.493626 -0.044165 0.741297 -0.134144 
1251 30.032984 0.000000 3.593300 106.040810 -0.043946 0.836897 -0.124536 
1252 30.090879 0.000000 3.647534 106.380596 -0.045707 0.252533 -0.131690 
1253 30.119826 0.000000 3.511948 104.958294 -0.016930 -3.699978 -0.102993 
1254 30.090879 0.000000 3.511948 106.057866 -0.027315 -1.873404 -0.125178 
1255 30.119826 0.000000 3.484831 105.109301 -0.017629 -3.384028 -0.105942 
1256 30.119826 0.000000 3.539065 105.983416 -0.027939 -1.843528 -0.123588 
1257 30.380350 0.000000 3.322129 128.565061 -0.032273 -6.136767 -0.656664 
1258 30.380350 0.000000 3.213660 121.923565 -0.026413 -5.379130 -0.489429 
1259 30.496139 0.000000 3.322129 131.249945 -0.037959 -10.652058 -0.734002 
1260 30.206667 0.000000 3.376363 110.601254 -0.032032 2.398217 -0.223839 
1261 30.148773 0.000000 3.376363 109.400016 -0.033952 2.325765 -0.197377 
1262 30.206667 0.000000 3.322129 110.772078 -0.031843 2.701872 -0.227775 
1263 30.264562 0.000000 3.376363 112.853524 -0.024003 3.578359 -0.274872 
1264 30.177720 0.000000 3.457714 106.431215 -0.026978 -1.518825 -0.132991 
1265 30.148773 0.000000 3.457714 106.361800 -0.021190 -1.652899 -0.131557 
1266 30.177720 0.000000 3.430597 107.932263 -0.028243 0.265810 -0.164944 
1267 30.206667 0.000000 3.457714 105.726906 -0.022616 -1.967943 -0.118205 
1268 30.163246 0.000000 3.498390 105.000234 -0.017146 -3.560338 -0.103773 
1269 30.148773 0.000000 3.498390 104.631983 -0.012806 -4.292584 -0.096628 
1270 30.163246 0.000000 3.484831 105.175145 -0.018108 -3.309426 -0.107276 
1271 30.177720 0.000000 3.498390 104.805150 -0.017858 -3.188671 -0.099429 
1272 30.163246 0.000000 3.511948 104.935710 -0.018309 -3.281338 -0.102227 
1273 37.675039 0.000000 11.240321 100.548425 0.110867 3.671433 -0.012348 
1274 35.822419 0.000000 11.240321 100.357017 0.162186 3.869226 -0.008653 
1275 37.675039 0.000000 12.975815 100.188691 0.158738 4.028769 -0.005403 
1276 40.453968 0.000000 10.372574 100.092950 0.132058 2.214573 -0.002352 
1277 39.527658 0.000000 10.372574 100.578930 0.050291 2.345472 -0.012163 
1278 40.453968 0.000000 11.240321 100.083477 0.045623 2.889812 -0.002506 
1279 40.917122 0.000000 9.070953 99.009720 -0.573820 0.332417 0.019664 
1280 40.453968 0.000000 9.070953 99.440150 -0.865060 0.233464 0.011085 
1281 40.917122 0.000000 8.637080 98.584763 -0.300193 0.696521 0.028047 
1282 40.917122 0.000000 9.504827 99.624728 0.240608 1.433011 0.007280 
1283 38.601348 0.000000 8.637080 98.448121 -0.432545 0.578065 0.030745 
1284 37.675039 0.000000 8.637080 97.485208 -0.126949 1.925018 0.049291 
1285 38.601348 0.000000 7.769332 96.829954 -0.000000 1.587913 0.062144 
1286 38.601348 0.000000 9.504827 101.599795 0.186412 1.539902 -0.032492 
1287 39.990813 0.000000 9.070953 99.485150 -0.812993 0.265132 0.010197 
1288 39.527658 0.000000 9.070953 99.384359 -0.729236 0.277426 0.012214 
1289 39.990813 0.000000 8.637080 98.151184 -0.293036 0.615548 0.036588 
1290 39.990813 0.000000 9.504827 100.367830 0.081338 1.301742 -0.007540 
1291 40.917122 0.000000 8.203206 98.079321 -0.000000 1.246748 0.037889 
1292 40.453968 0.000000 8.203206 97.802333 -0.000000 1.081907 0.043353 
1293 41.380277 0.000000 8.203206 98.283893 -0.000000 1.541580 0.033790 
1294 40.685545 0.000000 8.854016 99.362550 -0.790318 0.207623 0.012642 
1295 40.453968 0.000000 8.854016 99.192244 -0.744979 0.322651 0.016024 
1296 40.685545 0.000000 8.637080 98.708633 -0.453425 0.591646 0.025605 
1297 40.917122 0.000000 8.854016 98.975945 -0.574504 0.360122 0.020330 
1298 40.685545 0.000000 9.070953 99.337261 -0.776357 0.213492 0.013146 
1299 41.148700 0.000000 8.854016 98.763452 -0.373516 0.604498 0.024528 
1300 41.148700 0.000000 8.637080 98.512014 -0.197127 0.887266 0.029456 
1301 41.380277 0.000000 8.854016 98.346716 -0.000000 1.425464 0.032589 
1302 41.148700 0.000000 9.070953 98.864299 -0.429751 0.528137 0.022539 
1303 40.917122 0.000000 9.938700 99.776008 0.159588 1.872547 0.004122 
1304 40.453968 0.000000 9.938700 100.055284 0.109950 1.804136 -0.001433 
1305 41.380277 0.000000 9.938700 99.546974 0.137946 2.004964 0.008636 
1306 40.917122 0.000000 10.372574 99.860562 0.085577 2.262068 0.002274 
1307 40.685545 0.000000 9.287890 97.598428 -0.000000 0.829606 0.047386 
1308 40.453968 0.000000 9.287890 97.589651 -0.000000 0.826496 0.047558 
1309 40.917122 0.000000 9.287890 98.035588 0.000000 1.010601 0.038800 
1310 40.685545 0.000000 9.504827 99.821619 0.146636 1.369867 0.003375 
1311 40.801334 0.000000 8.962485 99.328809 -0.776147 0.204267 0.013314 
1312 40.685545 0.000000 8.962485 99.472945 -0.841530 0.166529 0.010440 
1313 40.801334 0.000000 8.854016 99.281713 -0.745673 0.232388 0.014253 
1314 40.917122 0.000000 8.962485 98.930812 -0.525918 0.333620 0.021231 
1315 40.801334 0.000000 9.070953 99.205943 -0.695432 0.246528 0.015764 
1316 39.990813 0.000000 8.203206 97.459970 -0.000000 0.965595 0.050062 
1317 39.527658 0.000000 8.203206 97.176564 -0.000000 0.966603 0.055578 
1318 39.990813 0.000000 7.769332 97.483015 0.000000 1.209459 0.049560 
1319 40.685545 0.000000 8.420143 97.912026 -0.000000 1.100759 0.041202 
1320 40.453968 0.000000 8.420143 97.763829 0.000000 1.014652 0.044120 
1321 40.685545 0.000000 8.203206 97.953873 -0.000000 1.157991 0.040370 
1322 40.917122 0.000000 8.420143 98.078604 -0.000000 1.209189 0.037913 
1323 40.801334 0.000000 8.745548 99.074198 -0.613866 0.349878 0.018380 
1324 40.685545 0.000000 8.745548 99.004108 -0.613124 0.398114 0.019765 
1325 40.801334 0.000000 8.637080 98.771523 -0.447593 0.513789 0.024372 
1326 40.917122 0.000000 8.745548 98.901431 -0.505782 0.425757 0.021807 
1327 41.148700 0.000000 9.287890 99.311823 0.444798 1.345573 0.013515 
1328 41.380277 0.000000 9.287890 98.339809 -0.000000 1.397929 0.032733 
1329 41.148700 0.000000 9.504827 99.461305 0.268335 1.548037 0.010498 
1330 41.032911 0.000000 8.962485 98.935216 -0.494879 0.448505 0.021138 
1331 41.032911 0.000000 8.854016 98.916096 -0.481417 0.473085 0.021515 
1332 41.148700 0.000000 8.962485 98.787516 -0.389823 0.574278 0.024055 
1333 41.032911 0.000000 9.070953 98.876069 -0.466326 0.431836 0.022312 
1334 40.859228 0.000000 8.908250 99.287771 -0.789670 0.195531 0.014128 
1335 40.801334 0.000000 8.908250 99.329485 -0.778156 0.204343 0.013301 
1336 40.859228 0.000000 8.854016 99.060041 -0.632601 0.310894 0.018661 
1337 40.917122 0.000000 8.908250 98.761306 -0.426397 0.438966 0.024583 
1338 40.859228 0.000000 8.962485 99.235342 -0.737702 0.236374 0.015175 
1339 40.222390 0.000000 8.854016 99.599277 -0.891205 0.228722 0.007914 
1340 39.990813 0.000000 8.854016 99.256463 -0.724760 0.322498 0.014753 
1341 40.222390 0.000000 8.637080 98.196145 -0.297542 0.651209 0.035700 
1342 40.222390 0.000000 9.070953 99.643933 -0.908498 0.216893 0.007021 
1343 40.569756 0.000000 8.962485 99.570546 -0.919944 0.198740 0.008482 
1344 40.453968 0.000000 8.962485 98.959824 -0.645156 0.384031 0.020639 
1345 40.569756 0.000000 8.854016 99.436057 -0.848248 0.249761 0.011169 
1346 40.569756 0.000000 9.070953 99.402230 -0.828674 0.258105 0.011844 
1347 38.601348 0.000000 10.372574 101.010970 0.048647 2.735216 -0.021070 
1348 37.675039 0.000000 10.372574 101.117913 0.260296 3.309832 -0.023586 
1349 38.601348 0.000000 11.240321 100.566743 0.016854 3.315303 -0.012466 
1350 39.064503 0.000000 9.070953 99.664988 -0.750819 0.241429 0.006627 
1351 38.601348 0.000000 9.070953 99.481409 -0.647433 0.335508 0.010292 
1352 39.064503 0.000000 8.637080 98.219159 -0.405611 0.511331 0.035257 
1353 39.064503 0.000000 9.504827 101.179164 0.070865 1.389834 -0.023916 
1354 38.601348 0.000000 6.901585 97.311745 -0.000000 1.505524 0.052816 
1355 37.675039 0.000000 6.901585 97.491861 -0.000000 1.944042 0.049156 
1356 39.064503 0.000000 8.203206 96.928883 -0.000000 1.042751 0.060370 
1357 38.601348 0.000000 8.203206 96.542786 -0.000000 1.298645 0.067780 
1358 39.064503 0.000000 7.769332 97.051539 -0.000000 1.324833 0.057924 
1359 39.296081 0.000000 8.854016 99.529569 -0.761634 0.241340 0.009323 
1360 39.064503 0.000000 8.854016 99.277143 -0.660542 0.315065 0.014351 
1361 39.296081 0.000000 8.637080 98.334155 -0.397390 0.527362 0.032996 
1362 39.527658 0.000000 8.854016 99.018714 -0.622033 0.350169 0.019478 
1363 39.296081 0.000000 9.070953 99.471847 -0.748689 0.250399 0.010473 
1364 33.969800 0.000000 7.769332 99.526492 0.072300 2.311583 0.008913 
1365 33.969800 0.000000 9.504827 99.983681 -0.160046 3.201068 -0.000701 
1366 36.748729 0.000000 8.637080 96.395247 0.000000 4.783102 0.068508 
1367 35.822419 0.000000 8.637080 99.576341 0.243862 3.173207 0.007442 
1368 36.748729 0.000000 7.769332 97.557932 0.000000 3.477080 0.047036 
1369 36.748729 0.000000 9.504827 100.447742 0.313697 4.269095 -0.010807 
1370 38.138194 0.000000 9.070953 99.613643 -0.528455 0.507873 0.007658 
1371 37.675039 0.000000 9.070953 101.239312 -0.278283 0.837788 -0.025018 
1372 38.138194 0.000000 8.637080 97.822067 -0.308977 1.005762 0.042974 
1373 38.138194 0.000000 9.504827 102.170512 0.279543 1.812397 -0.044218 
1374 33.969800 0.000000 11.240321 100.324412 0.023610 3.588399 -0.007786 
1375 32.117181 0.000000 11.240321 100.719082 -0.396392 3.362187 -0.015579 
1376 33.969800 0.000000 12.975815 100.294300 0.044316 4.107379 -0.007582 
1377 36.748729 0.000000 10.372574 100.621226 0.250781 3.830580 -0.013937 
1378 35.822419 0.000000 10.372574 100.143942 0.082655 3.799233 -0.004325 
1379 36.748729 0.000000 11.240321 100.463507 0.178513 3.826671 -0.010759 
1380 37.211884 0.000000 9.070953 101.740100 -0.042014 1.568143 -0.035351 
1381 36.748729 0.000000 9.070953 95.550860 0.000000 5.209989 0.084289 
1382 37.211884 0.000000 8.637080 97.819851 -0.016440 3.527068 0.041884 
1383 37.211884 0.000000 9.504827 101.721599 0.404868 4.109096 -0.036433 
1384 38.138194 0.000000 8.203206 96.249258 -0.000000 1.735858 0.073307 
1385 37.675039 0.000000 8.203206 95.978519 0.000000 2.869714 0.077989 
1386 38.138194 0.000000 7.769332 96.866008 -0.000000 2.003487 0.061296 
1387 37.906616 0.000000 8.854016 99.440286 -0.423218 0.881937 0.011067 
1388 37.675039 0.000000 8.854016 100.214008 -0.249001 1.315261 -0.004464 
1389 37.906616 0.000000 8.637080 97.191014 -0.186445 1.403703 0.055190 
1390 38.138194 0.000000 8.854016 99.666857 -0.555634 0.490187 0.006597 
1391 37.906616 0.000000 9.070953 99.686630 -0.442336 0.767320 0.006179 
1392 36.748729 0.000000 6.901585 97.806088 -0.000000 2.536561 0.042753 
1393 35.822419 0.000000 6.901585 97.900152 0.000000 2.861879 0.040737 
1394 37.211884 0.000000 8.203206 96.303719 0.000000 3.795375 0.071119 
1395 36.748729 0.000000 8.203206 96.984943 0.000000 4.308798 0.057536 
1396 37.211884 0.000000 7.769332 97.353042 0.000000 3.148059 0.051247 
1397 37.443461 0.000000 8.854016 100.682037 -0.166382 1.732859 -0.013990 
1398 37.211884 0.000000 8.854016 100.844462 -0.034892 2.038658 -0.017376 
1399 37.443461 0.000000 8.637080 99.042201 -0.065600 2.213721 0.018574 
1400 37.443461 0.000000 9.070953 101.255975 -0.146571 1.407245 -0.025477 
1401 34.896110 0.000000 8.637080 99.660363 -0.058017 2.981213 0.005892 
1402 33.969800 0.000000 8.637080 99.651492 -0.138225 2.824809 0.006158 
1403 34.896110 0.000000 7.769332 99.264536 0.150960 2.517908 0.014019 
1404 34.896110 0.000000 9.504827 100.091995 -0.003219 3.150226 -0.002833 
1405 36.285574 0.000000 9.070953 99.795050 0.299489 3.805753 0.002637 
1406 35.822419 0.000000 9.070953 99.839380 0.164251 3.377365 0.002066 
1407 36.285574 0.000000 8.637080 96.962071 0.000000 4.793215 0.057538 
1408 36.285574 0.000000 9.504827 99.965862 0.200563 3.958124 -0.000888 
1409 36.980307 0.000000 8.854016 97.964237 0.010660 3.777831 0.038874 
1410 36.748729 0.000000 8.854016 95.603547 0.000000 5.275204 0.083213 
1411 36.980307 0.000000 8.637080 96.000712 0.000000 5.364898 0.075508 
1412 36.980307 0.000000 9.070953 99.222031 0.016012 3.297751 0.014411 
1413 37.211884 0.000000 9.938700 101.189891 0.330371 3.767669 -0.025370 
1414 36.748729 0.000000 9.938700 100.611815 0.171248 3.965219 -0.013849 
1415 37.675039 0.000000 9.938700 101.623292 0.269813 3.150274 -0.033729 
1416 37.211884 0.000000 10.372574 100.922372 0.248706 3.675346 -0.019890 
1417 37.443461 0.000000 9.287890 102.179401 -0.054843 1.170196 -0.044200 
1418 37.211884 0.000000 9.287890 100.006101 0.019563 2.834632 -0.000926 
1419 37.675039 0.000000 9.287890 100.360758 -0.362681 0.759857 -0.007299 
1420 37.443461 0.000000 9.504827 102.281534 0.465446 3.491575 -0.047392 
1421 37.327673 0.000000 8.962485 101.572818 -0.101498 1.633124 -0.031971 
1422 37.211884 0.000000 8.962485 101.530885 -0.038849 1.686888 -0.031137 
1423 37.327673 0.000000 8.854016 101.053934 -0.079144 1.866795 -0.021539 
1424 37.443461 0.000000 8.962485 100.998125 -0.182930 1.588780 -0.020318 
1425 37.327673 0.000000 9.070953 102.236058 -0.100523 1.162599 -0.045357 
1426 36.980307 0.000000 9.287890 95.497590 0.000000 5.143155 0.085376 
1427 36.748729 0.000000 9.287890 95.788569 0.000000 5.534254 0.079392 
1428 36.980307 0.000000 9.504827 100.945216 0.392137 4.329368 -0.020883 
1429 37.096095 0.000000 8.962485 100.959751 -0.035562 2.025604 -0.019698 
1430 36.980307 0.000000 8.962485 98.480603 0.013088 3.420068 0.028987 
1431 37.096095 0.000000 8.854016 100.258108 -0.031116 2.435532 -0.005762 
1432 37.096095 0.000000 9.070953 100.703130 0.001174 2.216196 -0.014603 
1433 37.443461 0.000000 8.420143 95.753055 0.000000 3.402347 0.081978 
1434 37.211884 0.000000 8.420143 95.954642 0.000000 4.105573 0.077585 
1435 37.443461 0.000000 8.203206 96.111272 0.000000 3.278996 0.075187 
1436 37.675039 0.000000 8.420143 95.704279 0.000000 2.891509 0.083233 
1437 37.327673 0.000000 8.745548 100.159736 -0.072129 2.000745 -0.003598 
1438 37.211884 0.000000 8.745548 99.550583 -0.027715 2.689435 0.008245 
1439 37.327673 0.000000 8.637080 97.837932 -0.019443 2.940365 0.041909 
1440 37.443461 0.000000 8.745548 100.403568 -0.087192 1.693876 -0.008375 
1441 37.269778 0.000000 8.908250 101.112346 -0.016619 2.418517 -0.022956 
1442 37.211884 0.000000 8.908250 101.258667 -0.037023 1.827569 -0.025666 
1443 37.269778 0.000000 8.854016 100.346378 -0.066128 2.227640 -0.007436 
1444 37.327673 0.000000 8.908250 101.835864 -0.101852 1.511674 -0.037284 
1445 37.269778 0.000000 8.962485 101.256187 -0.034952 2.240422 -0.025784 
1446 54.348612 0.000000 6.033838 99.323713 -0.048935 4.227287 0.011693 
1447 54.348612 0.000000 2.562850 99.185134 -0.336571 5.105147 0.013613 
1448 58.053851 0.000000 6.033838 99.448592 0.028658 4.498705 0.008974 
1449 54.348612 0.000000 9.504827 99.347999 0.610024 3.911564 0.011430 
1450 40.917122 0.000000 3.864471 106.392731 -0.134123 -9.515651 -0.140998 
1451 40.917122 0.000000 3.430597 106.732065 -0.082843 -3.817289 -0.140631 
1452 41.380277 0.000000 3.864471 110.362772 -0.197180 -13.203687 -0.235432 
1453 40.222390 0.000000 4.081407 99.658841 0.069709 -1.827384 0.006477 
1454 39.990813 0.000000 4.081407 99.575958 0.063291 -1.379313 0.008272 
1455 40.222390 0.000000 3.864471 101.402825 0.018293 -2.944963 -0.029121 
1456 40.453968 0.000000 4.081407 100.747521 0.065535 -3.069269 -0.015949 
1457 40.222390 0.000000 4.298344 98.346266 0.065333 -1.281713 0.032636 
1458 40.222390 0.000000 3.647534 102.913467 0.014839 -4.076311 -0.060780 
1459 39.990813 0.000000 3.647534 102.793582 0.025661 -2.992735 -0.057548 
1460 40.222390 0.000000 3.430597 106.051808 0.006328 -4.459746 -0.126688 
1461 40.453968 0.000000 3.647534 104.340457 0.014548 -5.556743 -0.091781 
1462 40.685545 0.000000 4.081407 102.023979 -0.019987 -4.119031 -0.042586 
1463 40.685545 0.000000 3.864471 103.931645 0.042917 -6.285150 -0.084129 
1464 40.917122 0.000000 4.081407 105.342732 -0.093621 -7.604560 -0.115493 
1465 40.685545 0.000000 4.298344 97.690428 0.000000 -1.045494 0.045549 
1466 40.338179 0.000000 3.972939 101.185851 0.044439 -2.998059 -0.024757 
1467 40.222390 0.000000 3.972939 100.991817 0.039572 -2.648459 -0.020636 
1468 40.338179 0.000000 3.864471 101.354279 0.024854 -3.373981 -0.028407 
1469 40.453968 0.000000 3.972939 102.380256 0.041187 -4.262774 -0.049989 
1470 40.338179 0.000000 4.081407 100.595089 0.071265 -2.412923 -0.012520 
1471 40.917122 0.000000 2.996724 106.598355 -0.130334 -0.443915 -0.136342 
1472 41.380277 0.000000 2.996724 106.359565 -0.231435 0.415773 -0.131258 
1473 40.685545 0.000000 3.647534 105.411551 0.009972 -7.570334 -0.116891 
1474 40.685545 0.000000 3.430597 106.671601 -0.038487 -6.766451 -0.142462 
1475 40.917122 0.000000 3.647534 108.293549 0.027053 -11.118110 -0.185111 
1476 40.338179 0.000000 3.756002 103.332457 0.031106 -4.307918 -0.069616 
1477 40.222390 0.000000 3.756002 102.448083 0.025933 -3.422693 -0.050733 
1478 40.338179 0.000000 3.647534 103.750985 0.015678 -4.946862 -0.078874 
1479 40.453968 0.000000 3.756002 103.780773 0.027390 -5.422472 -0.079985 
1480 40.569756 0.000000 3.972939 102.721455 0.062085 -4.796523 -0.057471 
1481 40.569756 0.000000 3.864471 103.700268 0.047267 -5.175557 -0.078053 
1482 40.685545 0.000000 3.972939 103.401924 0.070173 -5.465309 -0.072183 
1483 40.569756 0.000000 4.081407 101.566462 0.086002 -3.695025 -0.032941 
1484 40.396073 0.000000 3.918705 101.744237 0.030630 -3.650345 -0.036522 
1485 40.338179 0.000000 3.918705 101.256434 0.024923 -3.331440 -0.026396 
1486 40.396073 0.000000 3.864471 101.921841 0.031292 -3.739288 -0.040205 
1487 40.453968 0.000000 3.918705 102.629673 0.040922 -4.223694 -0.055069 
1488 40.396073 0.000000 3.972939 101.361222 0.047940 -3.100823 -0.028371 
1489 39.064503 0.000000 3.864471 98.412234 0.062266 -2.461379 0.030897 
1490 38.601348 0.000000 3.864471 99.377144 0.073714 -4.827960 0.010087 
1491 39.759235 0.000000 4.081407 99.819520 0.060718 -1.205914 0.003461 
1492 39.527658 0.000000 4.081407 98.963704 0.060231 -1.250308 0.020462 
1493 39.759235 0.000000 3.864471 100.051844 0.058407 -1.142381 -0.001168 
1494 40.106602 0.000000 3.972939 100.805096 0.047510 -1.883887 -0.016522 
1495 39.990813 0.000000 3.972939 100.110742 0.046445 -1.388678 -0.002409 
1496 40.106602 0.000000 3.864471 100.932445 0.024907 -1.973465 -0.019125 
1497 40.106602 0.000000 4.081407 99.634917 0.059807 -1.640291 0.007019 
1498 40.280285 0.000000 3.918705 100.656432 0.028104 -2.637583 -0.013867 
1499 40.222390 0.000000 3.918705 101.189846 0.029881 -2.662881 -0.024648 
1500 40.280285 0.000000 3.864471 100.968588 0.013422 -2.947286 -0.020334 
1501 40.280285 0.000000 3.972939 100.958625 0.038343 -2.720829 -0.020005 
1502 40.569756 0.000000 3.756002 104.328826 0.026804 -6.169876 -0.092257 
1503 40.569756 0.000000 3.647534 105.128528 0.000970 -6.673275 -0.109654 
1504 40.685545 0.000000 3.756002 105.203073 0.025438 -6.951982 -0.111602 
1505 40.396073 0.000000 3.810236 102.207967 0.033335 -3.891465 -0.046161 
1506 40.338179 0.000000 3.810236 102.181842 0.022767 -3.722013 -0.045498 
1507 40.396073 0.000000 3.756002 103.948151 0.016516 -5.244878 -0.083273 
1508 40.453968 0.000000 3.810236 103.432917 0.045339 -4.703248 -0.072049 
1509 40.367126 0.000000 3.891588 101.573351 0.028043 -3.524493 -0.032957 
1510 40.338179 0.000000 3.891588 101.183186 0.023181 -3.282067 -0.024881 
1511 40.367126 0.000000 3.864471 101.689657 0.028831 -3.584773 -0.035364 
1512 40.396073 0.000000 3.891588 101.816498 0.030729 -3.684952 -0.038018 
1513 40.367126 0.000000 3.918705 101.539196 0.028396 -3.512288 -0.032255 
1514 39.759235 0.000000 3.647534 101.962095 0.047465 -2.172575 -0.040099 
1515 39.527658 0.000000 3.647534 100.421824 0.073867 -1.295320 -0.008623 
1516 39.759235 0.000000 3.430597 104.572997 0.036321 -0.408190 -0.093568 
1517 40.106602 0.000000 3.756002 102.019930 0.024992 -2.934654 -0.041668 
1518 39.990813 0.000000 3.756002 101.610314 0.040044 -2.308123 -0.032998 
1519 40.106602 0.000000 3.647534 102.710506 0.026836 -3.367025 -0.056079 
1520 40.280285 0.000000 3.810236 101.785392 0.020007 -3.316543 -0.037127 
1521 40.222390 0.000000 3.810236 101.724763 0.020510 -3.108367 -0.035759 
1522 40.280285 0.000000 3.756002 102.504731 0.025351 -3.818301 -0.052180 
1523 40.309232 0.000000 3.891588 100.343097 0.011579 -2.719015 -0.007613 
1524 40.280285 0.000000 3.891588 100.389603 0.012418 -2.721134 -0.008548 
1525 40.309232 0.000000 3.864471 100.969801 0.013161 -2.976949 -0.020376 
1526 40.309232 0.000000 3.918705 100.661842 0.028072 -2.667429 -0.013992 
1527 40.367126 0.000000 3.837354 101.870515 0.030430 -3.681900 -0.039116 
1528 40.338179 0.000000 3.837354 101.890814 0.020756 -3.574656 -0.039452 
1529 40.367126 0.000000 3.810236 102.330860 0.023502 -3.823154 -0.048622 
1530 40.396073 0.000000 3.837354 102.057996 0.032243 -3.811555 -0.043036 
1531 40.352653 0.000000 3.878029 101.454310 0.026314 -3.443211 -0.030483 
1532 40.338179 0.000000 3.878029 101.237420 0.023599 -3.310106 -0.025997 
1533 40.352653 0.000000 3.864471 101.538727 0.027088 -3.488467 -0.032228 
1534 40.367126 0.000000 3.878029 101.620597 0.028293 -3.548317 -0.033934 
1535 40.352653 0.000000 3.891588 101.405745 0.026016 -3.418591 -0.029481 
1536 40.685545 0.000000 4.515281 97.671030 0.000000 -0.774254 0.045977 
1537 40.453968 0.000000 4.515281 97.685689 0.000000 -0.869415 0.045675 
1538 40.917122 0.000000 4.515281 97.657896 0.000000 -0.802154 0.046229 
1539 40.685545 0.000000 4.732218 97.634872 0.000000 -0.562186 0.046712 
1540 40.222390 0.000000 4.515281 97.680213 0.000000 -0.671014 0.045813 
1541 40.222390 0.000000 4.732218 97.646021 0.000000 -0.518714 0.046499 
1542 40.917122 0.000000 5.599965 97.338133 0.000000 0.713711 0.052478 
1543 40.453968 0.000000 5.599965 97.354094 -0.000000 0.686069 0.052171 
1544 41.380277 0.000000 5.599965 97.399642 0.000000 0.813004 0.051265 
1545 40.685545 0.000000 4.949154 97.521052 0.000000 -0.142241 0.048962 
1546 40.453968 0.000000 4.949154 97.523225 0.000000 -0.083765 0.048921 
1547 40.917122 0.000000 4.949154 97.467677 0.000000 -0.032634 0.050005 
1548 40.685545 0.000000 5.166091 97.428157 0.000000 0.103460 0.050774 
1549 40.569756 0.000000 4.623749 97.654516 0.000000 -0.785071 0.046298 
1550 40.453968 0.000000 4.623749 97.684001 0.000000 -0.774987 0.045724 
1551 40.569756 0.000000 4.515281 97.652454 0.000000 -0.932766 0.046313 
1552 40.685545 0.000000 4.623749 97.649069 0.000000 -0.649868 0.046424 
1553 40.569756 0.000000 4.732218 97.646080 0.000000 -0.542382 0.046495 
1554 40.569756 0.000000 4.406813 97.668962 0.000000 -0.970499 0.045983 
1555 40.453968 0.000000 4.406813 97.691993 0.000000 -0.929322 0.045541 
1556 40.569756 0.000000 4.298344 97.695435 0.000000 -1.157781 0.045426 
1557 40.685545 0.000000 4.406813 97.683681 0.000000 -0.946792 0.045700 
1558 41.843432 0.000000 4.732218 96.457270 -0.190219 0.229747 0.069591 
1559 41.843432 0.000000 4.298344 95.798591 -0.364450 -0.474189 0.082227 
1560 42.306587 0.000000 4.732218 96.365354 -0.226673 0.810788 0.071301 
1561 41.843432 0.000000 5.166091 96.896436 -0.308528 0.731275 0.061045 
1562 41.148700 0.000000 4.515281 97.616153 0.000000 -0.449341 0.047088 
1563 41.148700 0.000000 4.298344 96.599488 -0.338706 -1.558860 0.066599 
1564 41.380277 0.000000 4.515281 96.522619 -0.286191 -0.711382 0.068280 
1565 41.148700 0.000000 4.732218 97.615167 0.000000 -0.450344 0.047108 
1566 40.801334 0.000000 4.623749 97.648737 0.000000 -0.713906 0.046421 
1567 40.801334 0.000000 4.515281 97.658322 0.000000 -0.804965 0.046220 
1568 40.917122 0.000000 4.623749 97.633485 0.000000 -0.635345 0.046730 
1569 40.801334 0.000000 4.732218 97.624537 0.000000 -0.559720 0.046914 
1570 40.627651 0.000000 4.569515 97.656194 0.000000 -0.830756 0.046258 
1571 40.569756 0.000000 4.569515 97.653647 0.000000 -0.869540 0.046301 
1572 40.627651 0.000000 4.515281 97.658641 0.000000 -0.879228 0.046202 
1573 40.685545 0.000000 4.569515 97.665536 0.000000 -0.723310 0.046092 
1574 40.627651 0.000000 4.623749 97.661247 0.000000 -0.671293 0.046183 
1575 39.990813 0.000000 5.599965 97.227944 -0.000000 0.622421 0.054634 
1576 39.527658 0.000000 5.599965 97.276028 -0.000000 0.609921 0.053700 
1577 39.990813 0.000000 6.033838 97.330196 -0.000000 0.860613 0.052609 
1578 40.222390 0.000000 4.949154 97.526401 -0.000000 -0.035772 0.048860 
1579 39.990813 0.000000 4.949154 97.475601 -0.000000 0.018809 0.049851 
1580 40.222390 0.000000 5.166091 97.460688 -0.000000 0.118355 0.050140 
1581 40.338179 0.000000 4.623749 97.685903 0.000000 -0.650220 0.045704 
1582 40.222390 0.000000 4.623749 97.672365 0.000000 -0.619470 0.045973 
1583 40.338179 0.000000 4.515281 97.738873 0.000000 -0.740461 0.044656 
1584 40.338179 0.000000 4.732218 97.652621 0.000000 -0.524658 0.046369 
1585 40.511862 0.000000 4.569515 97.670881 0.000000 -0.876009 0.045963 
1586 40.453968 0.000000 4.569515 97.687875 0.000000 -0.834997 0.045638 
1587 40.511862 0.000000 4.515281 97.646966 0.000000 -1.003955 0.046406 
1588 40.511862 0.000000 4.623749 97.675618 0.000000 -0.787196 0.045885 
1589 40.801334 0.000000 4.406813 97.666157 0.000000 -0.896422 0.046052 
1590 40.801334 0.000000 4.298344 97.690778 0.000000 -1.070936 0.045536 
1591 40.917122 0.000000 4.406813 97.665628 0.000000 -0.976313 0.046047 
1592 40.627651 0.000000 4.461047 97.663030 0.000000 -0.913166 0.046110 
1593 40.569756 0.000000 4.461047 97.660054 0.000000 -0.943549 0.046162 
1594 40.627651 0.000000 4.406813 97.682625 0.000000 -0.904864 0.045729 
1595 40.685545 0.000000 4.461047 97.675912 0.000000 -0.826489 0.045873 
1596 40.598704 0.000000 4.542398 97.655493 0.000000 -0.878444 0.046263 
1597 40.569756 0.000000 4.542398 97.652390 0.000000 -0.908534 0.046319 
1598 40.598704 0.000000 4.515281 97.656492 0.000000 -0.900844 0.046240 
1599 40.627651 0.000000 4.542398 97.657249 0.000000 -0.857274 0.046233 
1600 40.598704 0.000000 4.569515 97.655178 0.000000 -0.848139 0.046275 
1601 40.338179 0.000000 4.406813 97.708006 0.000000 -0.832764 0.045245 
1602 40.222390 0.000000 4.406813 98.087386 0.008080 -0.909656 0.037804 
1603 40.338179 0.000000 4.298344 98.342117 0.064706 -1.418413 0.032681 
1604 40.511862 0.000000 4.461047 97.677607 0.000000 -0.932026 0.045822 
1605 40.453968 0.000000 4.461047 97.689173 0.000000 -0.892091 0.045603 
1606 40.511862 0.000000 4.406813 97.684092 0.000000 -0.935361 0.045694 
1607 40.540809 0.000000 4.542398 97.660940 0.000000 -0.930952 0.046147 
1608 40.511862 0.000000 4.542398 97.660411 0.000000 -0.941415 0.046156 
1609 40.540809 0.000000 4.515281 97.654719 0.000000 -0.970374 0.046261 
1610 40.540809 0.000000 4.569515 97.668712 0.000000 -0.874155 0.046006 
1611 40.598704 0.000000 4.488164 97.658667 0.000000 -0.915736 0.046195 
1612 40.569756 0.000000 4.488164 97.655474 0.000000 -0.939466 0.046253 
1613 40.598704 0.000000 4.461047 97.661774 0.000000 -0.927978 0.046132 
1614 40.627651 0.000000 4.488164 97.660578 0.000000 -0.897172 0.046161 
1615 40.584230 0.000000 4.528839 97.654277 0.000000 -0.905216 0.046282 
1616 40.569756 0.000000 4.528839 97.652093 0.000000 -0.923229 0.046322 
1617 40.584230 0.000000 4.515281 97.654803 0.000000 -0.915043 0.046270 
1618 40.598704 0.000000 4.528839 97.655861 0.000000 -0.890745 0.046254 
1619 40.584230 0.000000 4.542398 97.654156 0.000000 -0.892125 0.046287 
1620 41.148700 0.000000 4.949154 97.429032 0.000000 0.029164 0.050758 
1621 41.380277 0.000000 4.949154 96.911918 -0.423859 0.090895 0.060789 
1622 41.148700 0.000000 5.166091 97.356505 0.000000 0.228859 0.052166 
1623 40.685545 0.000000 5.383028 97.308672 0.000000 0.402237 0.053086 
1624 40.453968 0.000000 5.383028 97.361742 0.000000 0.309659 0.052060 
1625 40.917122 0.000000 5.383028 97.271596 0.000000 0.449968 0.053803 
1626 40.685545 0.000000 5.599965 97.331823 0.000000 0.695593 0.052603 
1627 40.801334 0.000000 5.057623 97.424063 0.000000 0.054509 0.050855 
1628 40.685545 0.000000 5.057623 97.456869 0.000000 0.039304 0.050216 
1629 40.801334 0.000000 4.949154 97.483592 0.000000 -0.067502 0.049694 
1630 40.917122 0.000000 5.057623 97.432915 0.000000 0.059942 0.050682 
1631 40.801334 0.000000 5.166091 97.393700 0.000000 0.115717 0.051445 
1632 41.843432 0.000000 5.599965 97.213461 -0.381622 1.069836 0.054825 
1633 42.306587 0.000000 5.599965 97.195613 -0.361927 1.390596 0.055095 
1634 41.843432 0.000000 6.033838 97.469338 -0.273676 1.289622 0.049799 
1635 41.148700 0.000000 5.816902 97.461790 0.000000 0.887945 0.050041 
1636 40.917122 0.000000 5.816902 97.424318 0.000000 0.837999 0.050780 
1637 41.148700 0.000000 5.599965 97.373227 0.000000 0.775546 0.051785 
1638 41.380277 0.000000 5.816902 97.510460 0.000000 0.964933 0.049078 
1639 41.148700 0.000000 6.033838 97.571745 0.000000 1.035271 0.047868 
1640 40.685545 0.000000 5.816902 97.411967 0.000000 0.812355 0.051025 
1641 40.453968 0.000000 5.816902 97.404922 -0.000000 0.772770 0.051168 
1642 40.685545 0.000000 6.033838 97.495857 0.000000 0.919754 0.049371 
1643 41.148700 0.000000 5.383028 97.222920 0.000000 0.570746 0.054738 
1644 41.380277 0.000000 5.383028 97.216842 0.000000 0.572537 0.054856 
1645 41.032911 0.000000 5.708433 97.406501 0.000000 0.815853 0.051131 
1646 40.917122 0.000000 5.708433 97.401793 0.000000 0.806374 0.051224 
1647 41.032911 0.000000 5.599965 97.364765 0.000000 0.759337 0.051953 
1648 41.148700 0.000000 5.708433 97.425117 0.000000 0.838723 0.050764 
1649 41.032911 0.000000 5.816902 97.431994 0.000000 0.850359 0.050628 
1650 41.843432 0.000000 6.467712 97.420610 0.000000 1.371596 0.050734 
1651 42.306587 0.000000 6.467712 97.665375 0.232174 1.706387 0.045851 
1652 41.148700 0.000000 6.250775 97.520236 0.000000 1.160535 0.048846 
1653 40.917122 0.000000 6.250775 97.495650 0.000000 1.144412 0.049329 
1654 41.380277 0.000000 6.250775 97.508234 0.000000 1.199273 0.049071 
1655 41.148700 0.000000 6.467712 97.484973 0.000000 1.237705 0.049515 
1656 41.611855 0.000000 6.250775 97.509900 0.000000 1.219879 0.049033 
1657 41.611855 0.000000 6.033838 97.596888 0.000000 1.071744 0.047370 
1658 41.843432 0.000000 6.250775 97.577698 -0.410472 1.371740 0.047654 
1659 41.611855 0.000000 6.467712 97.440847 0.000000 1.309750 0.050357 
1660 41.148700 0.000000 6.684649 97.426990 0.000000 1.333266 0.050620 
1661 40.917122 0.000000 6.684649 97.408903 0.000000 1.292721 0.050983 
1662 41.380277 0.000000 6.684649 97.443400 0.000000 1.358742 0.050294 
1663 41.148700 0.000000 6.901585 97.614279 0.000000 1.405117 0.046948 
1664 41.264489 0.000000 6.359243 97.490891 0.000000 1.220658 0.049404 
1665 41.148700 0.000000 6.359243 97.499999 0.000000 1.217734 0.049227 
1666 41.264489 0.000000 6.250775 97.508913 0.000000 1.177592 0.049063 
1667 41.380277 0.000000 6.359243 97.473005 0.000000 1.239234 0.049748 
1668 41.264489 0.000000 6.467712 97.474769 0.000000 1.244986 0.049712 
1669 39.990813 0.000000 6.467712 97.470242 -0.000000 1.079275 0.049839 
1670 39.527658 0.000000 6.467712 97.429982 0.000000 1.111395 0.050616 
1671 39.990813 0.000000 6.901585 97.504189 -0.000000 1.248159 0.049138 
1672 40.685545 0.000000 6.250775 97.496579 -0.000000 1.114556 0.049317 
1673 40.453968 0.000000 6.250775 97.476800 -0.000000 1.070665 0.049713 
1674 40.685545 0.000000 6.467712 97.473082 -0.000000 1.169970 0.049763 
1675 41.032911 0.000000 6.359243 97.488385 0.000000 1.220720 0.049452 
1676 40.917122 0.000000 6.359243 97.471440 0.000000 1.193471 0.049789 
1677 41.032911 0.000000 6.250775 97.518032 0.000000 1.179089 0.048884 
1678 41.032911 0.000000 6.467712 97.472685 0.000000 1.236864 0.049755 
1679 41.611855 0.000000 6.684649 97.529473 0.000000 1.389478 0.048607 
1680 41.843432 0.000000 6.684649 97.420716 0.000000 1.371327 0.050732 
1681 41.611855 0.000000 6.901585 97.779018 0.000000 1.443567 0.043718 
1682 41.264489 0.000000 6.576180 97.435138 0.000000 1.302811 0.050470 
1683 41.148700 0.000000 6.576180 97.431219 0.000000 1.294401 0.050548 
1684 41.380277 0.000000 6.576180 97.431469 0.000000 1.316554 0.050538 
1685 41.264489 0.000000 6.684649 97.438154 0.000000 1.360363 0.050396 
1686 41.206594 0.000000 6.413478 97.503867 0.000000 1.213973 0.049152 
1687 41.148700 0.000000 6.413478 97.494646 0.000000 1.226776 0.049329 
1688 41.206594 0.000000 6.359243 97.499965 0.000000 1.215481 0.049228 
1689 41.264489 0.000000 6.413478 97.485706 0.000000 1.229861 0.049502 
1690 41.206594 0.000000 6.467712 97.483175 0.000000 1.242894 0.049549 
1691 41.264489 0.000000 6.142307 97.543715 0.000000 1.135769 0.048393 
1692 41.148700 0.000000 6.142307 97.556439 0.000000 1.111561 0.048151 
1693 41.264489 0.000000 6.033838 97.556472 0.000000 1.015745 0.048170 
1694 41.380277 0.000000 6.142307 97.521766 0.000000 1.177436 0.048812 
1695 41.206594 0.000000 6.305009 97.504211 0.000000 1.193732 0.049150 
1696 41.148700 0.000000 6.305009 97.506306 0.000000 1.204039 0.049107 
1697 41.206594 0.000000 6.250775 97.515170 0.000000 1.168197 0.048943 
1698 41.264489 0.000000 6.305009 97.490454 0.000000 1.211005 0.049414 
1699 41.496066 0.000000 6.359243 97.475887 0.000000 1.258172 0.049687 
1700 41.496066 0.000000 6.250775 97.499873 0.000000 1.212964 0.049230 
1701 41.611855 0.000000 6.359243 97.474083 0.000000 1.261192 0.049721 
1702 41.496066 0.000000 6.467712 97.461587 0.000000 1.282091 0.049960 
1703 41.322383 0.000000 6.413478 97.464943 0.000000 1.251488 0.049902 
1704 41.322383 0.000000 6.359243 97.475361 0.000000 1.234789 0.049703 
1705 41.380277 0.000000 6.413478 97.464074 0.000000 1.254000 0.049918 
1706 41.322383 0.000000 6.467712 97.454994 0.000000 1.268390 0.050092 
1707 41.235541 0.000000 6.386361 97.493505 0.000000 1.220345 0.049353 
1708 41.206594 0.000000 6.386361 97.501428 0.000000 1.215782 0.049199 
1709 41.235541 0.000000 6.359243 97.497343 0.000000 1.208471 0.049281 
1710 41.264489 0.000000 6.386361 97.488715 0.000000 1.224987 0.049445 
1711 41.235541 0.000000 6.413478 97.491882 0.000000 1.223553 0.049384 
1712 41.611855 0.000000 7.118522 97.932818 0.000000 1.471176 0.040700 
1713 41.380277 0.000000 7.118522 97.835078 0.000000 1.455139 0.042618 
1714 41.843432 0.000000 7.118522 98.061436 0.000000 1.487997 0.038174 
1715 41.611855 0.000000 7.335459 98.199071 0.000000 1.507341 0.035467 
1716 41.148700 0.000000 7.118522 97.733904 0.000000 1.434512 0.044603 
1717 40.917122 0.000000 7.118522 97.633710 -0.000000 1.405682 0.046568 
1718 41.148700 0.000000 7.335459 97.901044 -0.000000 1.475082 0.041321 
1719 41.496066 0.000000 7.010054 97.831094 0.000000 1.443270 0.042699 
1720 41.380277 0.000000 7.010054 97.794583 0.000000 1.444346 0.043413 
1721 41.496066 0.000000 6.901585 97.702652 0.000000 1.427642 0.045215 
1722 41.611855 0.000000 7.010054 97.850969 0.000000 1.457002 0.042306 
1723 41.496066 0.000000 7.118522 97.895865 0.000000 1.458158 0.041427 
1724 41.264489 0.000000 7.010054 97.755835 0.000000 1.457226 0.044167 
1725 41.148700 0.000000 7.010054 97.687910 0.000000 1.426143 0.045504 
1726 41.264489 0.000000 6.901585 97.667184 0.000000 1.428670 0.045908 
1727 41.264489 0.000000 7.118522 97.786657 0.000000 1.456153 0.043565 
1728 41.843432 0.000000 8.203206 98.329159 0.000000 1.699335 0.032849 
1729 42.306587 0.000000 8.203206 98.392263 0.000000 1.761473 0.031586 
1730 41.611855 0.000000 7.552396 98.169815 0.000000 1.554551 0.036027 
1731 41.380277 0.000000 7.552396 98.135836 0.000000 1.526965 0.036703 
1732 41.843432 0.000000 7.552396 98.187683 0.000000 1.556314 0.035676 
1733 41.611855 0.000000 7.769332 98.162498 0.000000 1.562328 0.036168 
1734 41.496066 0.000000 7.226991 98.023828 0.000000 1.489115 0.038911 
1735 41.380277 0.000000 7.226991 97.966472 0.000000 1.482471 0.040037 
1736 41.611855 0.000000 7.226991 98.068595 0.000000 1.491958 0.038032 
1737 41.496066 0.000000 7.335459 98.171266 0.000000 1.518104 0.036010 
1738 41.438172 0.000000 7.064288 97.829186 0.000000 1.443641 0.042737 
1739 41.380277 0.000000 7.064288 97.814142 0.000000 1.448318 0.043030 
1740 41.438172 0.000000 7.010054 97.812735 0.000000 1.440170 0.043059 
1741 41.496066 0.000000 7.064288 97.859120 0.000000 1.448841 0.042149 
1742 41.438172 0.000000 7.118522 97.873639 0.000000 1.452612 0.041864 
1743 41.496066 0.000000 6.793117 97.608727 0.000000 1.406502 0.047056 
1744 41.380277 0.000000 6.793117 97.556237 0.000000 1.397063 0.048083 
1745 41.496066 0.000000 6.684649 97.473244 0.000000 1.380306 0.049706 
1746 41.611855 0.000000 6.793117 97.702669 0.000000 1.426525 0.045215 
1747 41.438172 0.000000 6.955820 97.767294 0.000000 1.431501 0.043951 
1748 41.380277 0.000000 6.955820 97.762926 0.000000 1.441537 0.044033 
1749 41.438172 0.000000 6.901585 97.679755 0.000000 1.423518 0.045664 
1750 41.496066 0.000000 6.955820 97.774528 0.000000 1.433796 0.043809 
1751 44.159206 0.000000 6.901585 98.110638 -0.308785 2.532162 0.036780 
1752 44.159206 0.000000 6.033838 97.715397 -0.252801 2.577444 0.044499 
1753 45.085516 0.000000 6.901585 98.266786 -0.281662 2.874634 0.033530 
1754 44.159206 0.000000 7.769332 98.438410 0.255602 2.392527 0.030409 
1755 42.769742 0.000000 7.335459 98.129997 -0.318282 1.960329 0.036656 
1756 42.769742 0.000000 6.901585 97.929088 -0.342326 1.935518 0.040603 
1757 43.232897 0.000000 7.335459 98.175066 -0.327216 2.173734 0.035682 
1758 42.769742 0.000000 7.769332 98.313865 -0.062178 1.977028 0.033047 
1759 42.075010 0.000000 7.118522 98.242452 0.000000 1.513768 0.034613 
1760 42.075010 0.000000 6.901585 98.250096 0.000000 1.499265 0.034467 
1761 42.306587 0.000000 7.118522 97.984969 -0.187709 1.757170 0.039582 
1762 42.075010 0.000000 7.335459 98.242584 0.000000 1.513518 0.034610 
1763 41.727643 0.000000 7.010054 97.920944 0.000000 1.465329 0.040934 
1764 41.727643 0.000000 6.901585 97.794879 0.000000 1.443825 0.043408 
1765 41.843432 0.000000 7.010054 97.925120 0.000000 1.466027 0.040852 
1766 41.727643 0.000000 7.118522 97.979428 0.000000 1.478404 0.039785 
1767 41.553960 0.000000 7.064288 97.884161 0.000000 1.463494 0.041655 
1768 41.553960 0.000000 7.010054 97.840093 0.000000 1.455426 0.042520 
1769 41.611855 0.000000 7.064288 97.890765 0.000000 1.464072 0.041525 
1770 41.553960 0.000000 7.118522 97.930174 0.000000 1.471572 0.040752 
1771 41.467119 0.000000 7.037171 97.840123 0.000000 1.441611 0.042523 
1772 41.438172 0.000000 7.037171 97.827418 0.000000 1.436971 0.042773 
1773 41.467119 0.000000 7.010054 97.809281 0.000000 1.436398 0.043128 
1774 41.496066 0.000000 7.037171 97.844719 0.000000 1.445546 0.042432 
1775 41.467119 0.000000 7.064288 97.852470 0.000000 1.445256 0.042281 
1776 42.075010 0.000000 7.552396 98.176300 0.000000 1.563977 0.035897 
1777 42.306587 0.000000 7.552396 98.102046 0.000000 1.591976 0.037345 
1778 42.075010 0.000000 7.769332 98.150441 0.000000 1.579641 0.036400 
1779 41.611855 0.000000 7.986269 98.207357 0.000000 1.585148 0.035280 
1780 41.380277 0.000000 7.986269 98.269078 -0.000000 1.553445 0.034078 
1781 41.843432 0.000000 7.986269 98.169408 0.000000 1.618552 0.036015 
1782 41.611855 0.000000 8.203206 98.326692 0.000000 1.631419 0.032920 
1783 41.727643 0.000000 7.660864 98.180617 0.000000 1.555340 0.035815 
1784 41.611855 0.000000 7.660864 98.168238 0.000000 1.553291 0.036058 
1785 41.727643 0.000000 7.552396 98.171996 0.000000 1.547819 0.035986 
1786 41.843432 0.000000 7.660864 98.179503 0.000000 1.563832 0.035834 
1787 41.727643 0.000000 7.769332 98.172967 0.000000 1.571840 0.035960 
1788 41.148700 0.000000 7.552396 98.067543 -0.000000 1.493182 0.038053 
1789 40.917122 0.000000 7.552396 97.915412 -0.000000 1.421536 0.041055 
1790 41.148700 0.000000 7.769332 98.095924 -0.000000 1.494707 0.037496 
1791 41.496066 0.000000 7.660864 98.159322 0.000000 1.567243 0.036229 
1792 41.380277 0.000000 7.660864 98.150292 0.000000 1.540054 0.036415 
1793 41.496066 0.000000 7.552396 98.165124 0.000000 1.546476 0.036122 
1794 41.496066 0.000000 7.769332 98.167076 0.000000 1.556971 0.036080 
1795 44.159206 0.000000 8.637080 98.690662 -13.147321 2.962436 0.007853 
1796 45.085516 0.000000 8.637080 98.341195 -10.677625 -1.301088 0.021330 
1797 44.159206 0.000000 9.504827 99.016093 0.401032 2.610038 0.018884 
1798 42.769742 0.000000 8.203206 98.499456 -0.390440 2.013315 0.029365 
1799 43.232897 0.000000 8.203206 98.511126 -0.241108 2.186434 0.029072 
1800 42.769742 0.000000 8.637080 98.843185 5.500551 3.302530 0.018886 
1801 42.075010 0.000000 7.986269 98.254219 0.000000 1.677366 0.034329 
1802 42.306587 0.000000 7.986269 98.099097 0.000000 1.597279 0.037402 
1803 42.075010 0.000000 8.203206 98.358933 0.000000 1.719335 0.032256 
1804 41.727643 0.000000 7.877801 98.154300 0.000000 1.573908 0.036326 
1805 41.611855 0.000000 7.877801 98.176906 0.000000 1.569958 0.035883 
1806 41.843432 0.000000 7.877801 98.153524 0.000000 1.582861 0.036338 
1807 41.727643 0.000000 7.986269 98.137497 0.000000 1.604430 0.036646 
1808 41.669749 0.000000 7.715098 98.168980 0.000000 1.548725 0.036045 
1809 41.611855 0.000000 7.715098 98.166550 0.000000 1.555988 0.036091 
1810 41.669749 0.000000 7.660864 98.170938 0.000000 1.549664 0.036007 
1811 41.727643 0.000000 7.715098 98.177836 0.000000 1.559296 0.035868 
1812 41.669749 0.000000 7.769332 98.175229 0.000000 1.560351 0.035919 
1813 42.075010 0.000000 8.420143 98.468029 0.000000 1.789462 0.030085 
1814 41.843432 0.000000 8.420143 98.418900 0.000000 1.718402 0.031077 
1815 42.306587 0.000000 8.420143 98.498382 0.000000 1.821161 0.029475 
1816 42.075010 0.000000 8.637080 98.585842 0.000000 1.870183 0.027733 
1817 41.611855 0.000000 8.420143 98.377096 0.000000 1.634741 0.031927 
1818 41.380277 0.000000 8.420143 98.317383 -0.000000 1.542927 0.033131 
1819 41.611855 0.000000 8.637080 98.437263 -0.000000 1.647722 0.030739 
1820 41.959221 0.000000 8.311674 98.378101 0.000000 1.740309 0.031872 
1821 41.843432 0.000000 8.311674 98.356528 0.000000 1.724747 0.032302 
1822 41.959221 0.000000 8.203206 98.336459 0.000000 1.695865 0.032706 
1823 42.075010 0.000000 8.311674 98.401780 0.000000 1.744514 0.031405 
1824 41.959221 0.000000 8.420143 98.440317 0.000000 1.746814 0.030645 
1825 41.727643 0.000000 8.311674 98.349243 0.000000 1.707066 0.032451 
1826 41.611855 0.000000 8.311674 98.366619 -0.000000 1.623665 0.032137 
1827 41.727643 0.000000 8.203206 98.326615 0.000000 1.674319 0.032907 
1828 41.727643 0.000000 8.420143 98.387201 0.000000 1.696666 0.031708 
1829 41.959221 0.000000 8.094738 98.290047 0.000000 1.671772 0.033627 
1830 41.843432 0.000000 8.094738 98.251407 0.000000 1.652527 0.034393 
1831 41.959221 0.000000 7.986269 98.245832 0.000000 1.657128 0.034501 
1832 42.075010 0.000000 8.094738 98.309439 0.000000 1.705045 0.033235 
1833 41.901326 0.000000 8.257440 98.353605 0.000000 1.713719 0.032363 
1834 41.843432 0.000000 8.257440 98.345865 0.000000 1.715746 0.032515 
1835 41.901326 0.000000 8.203206 98.335438 0.000000 1.707775 0.032723 
1836 41.959221 0.000000 8.257440 98.359154 0.000000 1.722494 0.032251 
1837 41.901326 0.000000 8.311674 98.364142 0.000000 1.725696 0.032152 
1838 42.769742 0.000000 9.070953 98.947344 2.323073 1.845931 0.020062 
1839 43.232897 0.000000 9.070953 98.927013 1.949049 1.885230 0.020609 
1840 42.769742 0.000000 9.504827 99.066356 0.404157 2.251676 0.018062 
1841 42.075010 0.000000 8.854016 98.581981 0.000000 1.870423 0.027809 
1842 41.843432 0.000000 8.854016 98.488936 0.000000 1.719080 0.029697 
1843 42.306587 0.000000 8.854016 98.579909 0.000000 1.867841 0.027851 
1844 42.075010 0.000000 9.070953 98.550527 0.000000 1.819540 0.028448 
1845 42.538164 0.000000 8.854016 98.600604 0.000000 1.894737 0.027433 
1846 42.538164 0.000000 8.637080 98.600728 0.000000 1.894809 0.027431 
1847 42.769742 0.000000 8.854016 97.373249 -28.048756 -9.961260 -0.036751 
1848 42.538164 0.000000 9.070953 98.990929 2.600561 1.842499 0.019064 
1849 41.843432 0.000000 9.938700 99.391099 0.174973 2.157341 0.011672 
1850 42.306587 0.000000 9.938700 99.293193 0.207858 2.300160 0.013553 
1851 41.843432 0.000000 10.372574 99.529376 0.122956 2.422183 0.008802 
1852 42.075010 0.000000 9.287890 99.056788 0.749239 1.940254 0.018343 
1853 41.843432 0.000000 9.287890 99.080783 0.684189 1.816668 0.017923 
1854 42.306587 0.000000 9.287890 99.044529 0.791086 2.025257 0.018545 
1855 42.075010 0.000000 9.504827 99.157596 0.369609 2.023417 0.016354 
1856 42.190798 0.000000 8.962485 98.578305 0.000000 1.865928 0.027884 
1857 42.075010 0.000000 8.962485 98.587705 0.000000 1.877653 0.027694 
1858 42.190798 0.000000 8.854016 98.559702 0.000000 1.833404 0.028262 
1859 42.306587 0.000000 8.962485 98.578478 0.000000 1.866112 0.027880 
1860 42.190798 0.000000 9.070953 98.576948 0.000000 1.864259 0.027911 
1861 41.611855 0.000000 8.854016 98.424923 -0.000000 1.580998 0.031003 
1862 41.611855 0.000000 9.070953 98.467533 -0.000000 1.660679 0.030139 
1863 41.959221 0.000000 8.962485 98.548193 0.000000 1.831277 0.028490 
1864 41.843432 0.000000 8.962485 98.478544 -0.000000 1.707094 0.029906 
1865 41.959221 0.000000 8.854016 98.536189 0.000000 1.804572 0.028736 
1866 41.959221 0.000000 9.070953 98.547562 0.000000 1.815047 0.028508 
1867 42.190798 0.000000 8.745548 98.565318 0.000000 1.841609 0.028149 
1868 42.075010 0.000000 8.745548 98.568709 0.000000 1.846966 0.028080 
1869 42.190798 0.000000 8.637080 98.569838 0.000000 1.848010 0.028057 
1870 42.306587 0.000000 8.745548 98.581426 0.000000 1.869648 0.027821 
1871 42.132904 0.000000 8.908250 98.595040 0.000000 1.880980 0.027548 
1872 42.075010 0.000000 8.908250 98.590991 0.000000 1.881096 0.027628 
1873 42.132904 0.000000 8.854016 98.585872 0.000000 1.868769 0.027733 
1874 42.190798 0.000000 8.908250 98.585330 0.000000 1.867800 0.027744 
1875 42.132904 0.000000 8.962485 98.592434 0.000000 1.877333 0.027601 
1876 95.106237 0.000000 16.446803 99.846020 0.172771 4.927129 0.000647 
1877 95.106237 0.000000 2.562850 99.745861 -0.218210 6.537333 0.000798 
1878 109.927191 0.000000 16.446803 99.880830 0.194703 4.718236 0.000152 
1879 95.106237 0.000000 30.330756 99.784601 0.069585 5.956478 0.000755 
1880 72.874805 0.000000 9.504827 99.815259 -1.400351 4.018237 0.001881 
1881 72.874805 0.000000 2.562850 99.676564 -0.197215 6.102230 0.002731 
1882 80.285282 0.000000 9.504827 99.847512 -0.311693 3.949259 0.001478 
1883 72.874805 0.000000 16.446803 99.760207 0.127769 5.142375 0.002144 
1884 61.759089 0.000000 6.033838 99.595754 0.222409 4.387661 0.006138 
1885 61.759089 0.000000 2.562850 99.516217 -0.254161 5.539640 0.006577 
1886 65.464328 0.000000 6.033838 99.671354 -0.212473 4.622825 0.004421 
1887 61.759089 0.000000 9.504827 99.626451 0.899827 4.105696 0.005690 
1888 65.464328 0.000000 44.214710 99.737473 0.194899 6.225303 0.001364 
1889 80.285282 0.000000 44.214710 99.762338 0.050767 6.214462 0.000885 
1890 65.464328 0.000000 58.098663 99.769408 0.046388 6.314685 0.000619 
1891 58.053851 0.000000 23.388780 99.642111 -0.007921 5.732910 0.003858 
1892 65.464328 0.000000 23.388780 99.711436 0.044770 5.735220 0.002473 
1893 58.053851 0.000000 30.330756 99.721827 -0.036153 5.969820 0.001992 
1894 54.348612 0.000000 12.975815 99.462555 0.310040 4.559347 0.008632 
1895 58.053851 0.000000 12.975815 99.569704 0.222681 4.571311 0.006493 
1896 54.348612 0.000000 16.446803 99.549375 0.183826 5.065184 0.006423 
1897 56.201232 0.000000 7.769332 99.401169 0.025215 4.089825 0.010268 
1898 54.348612 0.000000 7.769332 99.361428 0.006503 3.905582 0.011205 
1899 56.201232 0.000000 6.033838 99.361048 0.031631 4.498942 0.010714 
1900 58.053851 0.000000 7.769332 99.489069 -0.019980 4.082686 0.008526 
1901 56.201232 0.000000 9.504827 99.440592 0.686263 3.943005 0.009555 
1902 48.790754 0.000000 7.769332 98.921027 -0.311964 3.441065 0.020269 
1903 48.790754 0.000000 6.033838 98.699220 0.227105 3.673662 0.024492 
1904 50.643374 0.000000 7.769332 99.073433 0.007125 3.678457 0.017092 
1905 48.790754 0.000000 9.504827 99.174811 0.265940 3.377145 0.015288 
1906 52.495993 0.000000 7.769332 99.261343 -0.011786 3.743293 0.013317 
1907 52.495993 0.000000 6.033838 99.149955 -0.158521 4.160029 0.015196 
1908 52.495993 0.000000 9.504827 99.404870 0.589135 3.607074 0.010531 
1909 61.759089 0.000000 12.975815 99.643314 0.220996 4.617609 0.004984 
1910 65.464328 0.000000 12.975815 99.716655 0.195998 4.602011 0.003537 
1911 61.759089 0.000000 16.446803 99.661456 0.151671 5.186672 0.004067 
1912 56.201232 0.000000 11.240321 99.470601 0.372651 4.274497 0.008719 
1913 54.348612 0.000000 11.240321 99.411920 0.328764 4.220879 0.009935 
1914 58.053851 0.000000 11.240321 99.546560 0.293458 4.232072 0.007249 
1915 56.201232 0.000000 12.975815 99.514133 0.239809 4.566296 0.007603 
1916 55.274922 0.000000 8.637080 99.731829 -6.654368 -1.517091 0.000698 
1917 54.348612 0.000000 8.637080 99.759113 -10.260411 -2.561248 -0.006372 
1918 55.274922 0.000000 7.769332 99.342132 0.022184 4.080427 0.011449 
1919 56.201232 0.000000 8.637080 99.691441 -3.869230 -0.074143 0.004664 
1920 55.274922 0.000000 9.504827 99.412251 0.618465 3.897476 0.010163 
1921 59.906470 0.000000 7.769332 99.561996 0.006198 4.067827 0.007086 
1922 59.906470 0.000000 6.033838 99.526326 0.099191 4.494180 0.007430 
1923 61.759089 0.000000 7.769332 99.628332 -0.130222 4.017833 0.005804 
1924 59.906470 0.000000 9.504827 99.587577 0.767471 3.970819 0.006596 
1925 95.106237 0.000000 -11.321103 99.815564 -0.097287 5.641142 0.000502 
1926 95.106237 0.000000 -25.205056 99.800614 -0.069911 6.091338 0.000273 
1927 109.927191 0.000000 -11.321103 99.821738 -0.082124 5.639371 0.000381 
1928 72.874805 0.000000 -4.379127 99.738916 -0.124406 5.343063 0.002358 
1929 72.874805 0.000000 -11.321103 99.745275 -0.080559 5.639271 0.001907 
1930 80.285282 0.000000 -4.379127 99.799057 -0.146832 5.436437 0.001057 
1931 69.169567 0.000000 6.033838 99.726111 -0.042665 4.678595 0.003281 
1932 69.169567 0.000000 2.562850 99.650328 -0.195110 5.926211 0.003465 
1933 72.874805 0.000000 6.033838 99.818548 -0.520606 3.905341 0.002073 
1934 69.169567 0.000000 9.504827 99.657818 -0.250766 5.857584 0.003395 
1935 63.611709 0.000000 7.769332 99.673536 -0.148152 4.210701 0.004743 
1936 63.611709 0.000000 6.033838 99.672776 -0.292779 4.047222 0.004887 
1937 65.464328 0.000000 7.769332 99.706728 -0.095040 4.290574 0.004015 
1938 63.611709 0.000000 9.504827 99.629235 0.943159 4.472934 0.005312 
1939 72.874805 0.000000 23.388780 99.747243 0.116945 5.727152 0.001767 
1940 80.285282 0.000000 23.388780 99.721663 0.208507 5.793498 0.002198 
1941 72.874805 0.000000 30.330756 99.674090 0.238350 6.063245 0.002826 
1942 69.169567 0.000000 12.975815 99.752908 0.154354 4.581426 0.002834 
1943 72.874805 0.000000 12.975815 99.789392 0.201238 4.534990 0.002147 
1944 69.169567 0.000000 16.446803 99.732182 0.119287 5.171026 0.002674 
1945 63.611709 0.000000 11.240321 99.656571 0.323696 4.345176 0.004958 
1946 61.759089 0.000000 11.240321 99.660417 0.300435 4.185513 0.005019 
1947 65.464328 0.000000 11.240321 99.724285 0.279269 4.261128 0.003683 
1948 63.611709 0.000000 12.975815 99.680968 0.226009 4.633735 0.004218 
1949 62.685399 0.000000 8.637080 99.716212 -0.534179 3.684251 0.004282 
1950 61.759089 0.000000 8.637080 99.677053 -0.611991 3.518819 0.005173 
1951 62.685399 0.000000 7.769332 99.657916 -0.174388 4.115172 0.005133 
1952 63.611709 0.000000 8.637080 99.707531 -0.346071 3.865312 0.004335 
1953 62.685399 0.000000 9.504827 99.629359 0.885803 4.247708 0.005516 
1954 -156.849986 0.000000 -164.044589 99.788862 -0.000959 6.452965 0.000054 
1955 -216.133803 0.000000 -164.044589 99.789887 -0.000625 6.453434 0.000033 
1956 -156.849986 0.000000 -219.580401 99.789447 -0.001011 6.452739 0.000043 
1957 198.852917 0.000000 -164.044589 99.789617 -0.006901 6.437350 0.000059 
1958 198.852917 0.000000 -219.580401 99.789816 -0.004913 6.444425 0.000046 
1959 258.136734 0.000000 -164.044589 99.790701 -0.007154 6.437524 0.000037 
1960 -38.282352 0.000000 169.170289 99.799543 0.002379 6.450968 -0.000156 
1961 -97.566169 0.000000 169.170289 99.796012 0.001493 6.453762 -0.000090 
1962 -38.282352 0.000000 224.706101 99.796438 0.002202 6.451017 -0.000094 
1963 -156.849986 0.000000 169.170289 99.793861 0.000991 6.454241 -0.000047 
1964 -216.133803 0.000000 169.170289 99.792807 0.000696 6.454124 -0.000026 
1965 -156.849986 0.000000 224.706101 99.793718 0.001096 6.453519 -0.000043 
1966 -67.924261 0.000000 -80.740869 99.779454 -0.002387 6.449202 0.000247 
1967 -97.566169 0.000000 -80.740869 99.783596 -0.001489 6.452457 0.000160 
1968 -67.924261 0.000000 -108.508776 99.782827 -0.002276 6.449406 0.000179 
1969 198.852917 0.000000 169.170289 99.794838 0.008368 6.432381 -0.000039 
1970 258.136734 0.000000 169.170289 99.793948 0.009114 6.431573 -0.000020 
1971 198.852917 0.000000 224.706101 99.794187 0.005782 6.441957 -0.000038 
1972 109.927191 0.000000 -80.740869 99.782600 -0.013915 6.391631 0.000258 
1973 109.927191 0.000000 -108.508776 99.784272 -0.009848 6.419308 0.000189 
1974 139.569099 0.000000 -80.740869 99.786975 -0.014267 6.391537 0.000171 
1975 -8.640443 0.000000 85.866569 99.817298 0.025239 6.445711 -0.000504 
1976 -38.282352 0.000000 85.866569 99.808875 0.001475 6.459499 -0.000354 
1977 -8.640443 0.000000 113.634476 99.812292 0.003271 6.446402 -0.000405 
1978 -67.924261 0.000000 85.866569 99.799423 0.001132 6.460014 -0.000166 
1979 -97.566169 0.000000 85.866569 99.795310 0.000871 6.458321 -0.000081 
1980 -67.924261 0.000000 113.634476 99.799796 0.001562 6.456127 -0.000168 
1981 -23.461398 0.000000 -39.089010 99.775765 -0.002823 6.337551 0.000463 
1982 -38.282352 0.000000 -39.089010 99.759252 0.009832 6.398826 0.000715 
1983 -23.461398 0.000000 -52.972963 99.782431 -0.000835 6.387113 0.000267 
1984 109.927191 0.000000 85.866569 99.802810 0.016008 6.372720 -0.000121 
1985 139.569099 0.000000 85.866569 99.799420 0.017866 6.371350 -0.000052 
1986 109.927191 0.000000 113.634476 99.801528 0.010935 6.408486 -0.000141 
1987 65.464328 0.000000 -39.089010 99.887360 -0.237114 6.384223 -0.001830 
1988 65.464328 0.000000 -52.972963 99.822280 -0.071566 6.384438 -0.000525 
1989 80.285282 0.000000 -39.089010 99.804335 -0.072781 6.293213 -0.000052 
1990 6.180511 0.000000 44.214710 99.827071 0.278672 6.398800 -0.000647 
1991 -8.640443 0.000000 44.214710 99.827760 0.113977 6.482799 -0.000762 
1992 6.180511 0.000000 58.098663 99.801435 0.051243 6.416840 -0.000150 
1993 -23.461398 0.000000 44.214710 99.765122 0.043607 6.460355 0.000518 
1994 -38.282352 0.000000 44.214710 99.776758 0.023898 6.467264 0.000277 
1995 -23.461398 0.000000 58.098663 99.796477 0.023543 6.460679 -0.000108 
1996 -16.050921 0.000000 -18.263080 99.443412 0.087245 6.372479 0.007039 
1997 -23.461398 0.000000 -18.263080 99.593034 0.073953 6.401711 0.004024 
1998 -16.050921 0.000000 -25.205056 99.602824 -0.019718 6.304491 0.003953 
1999 13.590988 0.000000 23.388780 100.496999 0.174199 6.385751 -0.014046 
2000 6.180511 0.000000 23.388780 100.259313 0.045640 6.661037 -0.009630 
2001 13.590988 0.000000 30.330756 100.337099 0.354157 6.385034 -0.010843 
2002 -1.229966 0.000000 23.388780 100.048322 -0.059731 6.809959 -0.005605 
2003 -8.640443 0.000000 23.388780 99.870623 0.355734 6.780021 -0.002024 
2004 -1.229966 0.000000 30.330756 100.070948 0.345351 6.654735 -0.005860 
2005 -16.050921 0.000000 23.388780 99.780847 0.358133 6.679791 -0.000097 
2006 -23.461398 0.000000 23.388780 99.754139 0.264549 6.592585 0.000558 
2007 -16.050921 0.000000 30.330756 99.759202 0.404912 6.542405 0.000513 
2008 -3.082586 0.000000 -6.114621 97.474540 -0.007445 4.427505 0.047911 
2009 -4.935205 0.000000 -6.114621 97.797396 0.123342 5.384045 0.040667 
2010 -3.082586 0.000000 -7.850115 98.043598 0.102033 4.766115 0.036473 
2011 -2.156276 0.000000 -3.511380 93.899474 0.248419 3.562831 0.117013 
2012 -3.082586 0.000000 -3.511380 95.417187 -0.021158 4.670180 0.087375 
2013 -2.156276 0.000000 -4.379127 95.399026 0.238696 3.549695 0.088637 
2014 17.296227 0.000000 12.975815 102.082750 0.168169 5.866310 -0.045533 
2015 13.590988 0.000000 12.975815 101.522949 0.363886 7.043946 -0.035666 
2016 17.296227 0.000000 16.446803 101.521700 0.205505 6.165270 -0.034471 
2017 9.885749 0.000000 12.975815 100.971476 0.509151 7.749778 -0.025556 
2018 6.180511 0.000000 12.975815 100.178626 0.358138 7.839837 -0.009735 
2019 9.885749 0.000000 16.446803 100.684895 0.063617 7.162143 -0.018875 
2020 4.327892 0.000000 4.298344 96.627861 -0.066223 14.231894 0.046051 
2021 2.475272 0.000000 4.298344 96.514340 -0.048417 11.850784 0.054454 
2022 4.327892 0.000000 6.033838 98.546187 0.048884 11.698107 0.015180 
2023 1.548963 0.000000 -0.040391 91.503828 -0.042667 30.120798 0.071979 
2024 0.622653 0.000000 -0.040391 91.429060 -0.026206 30.508630 0.070995 
2025 1.548963 0.000000 0.827356 92.008565 0.132387 17.511583 0.122775 
2026 -0.766811 0.000000 -3.077506 88.336763 0.283210 -2.963903 0.218775 
2027 -1.229966 0.000000 -3.077506 89.867574 0.223012 0.666049 0.192333 
2028 -0.766811 0.000000 -3.511380 91.563906 0.240947 -1.388809 0.161406 
2029 3.401582 0.000000 -3.511380 97.773342 -0.002727 4.412539 0.042090 
2030 3.401582 0.000000 -4.379127 96.577055 -0.044305 -0.688194 0.067240 
2031 3.401582 0.000000 -2.643632 97.469781 -0.001735 3.579036 0.048683 
2032 5.254201 0.000000 -1.775885 92.639591 -0.240387 -24.057494 0.083909 
2033 4.327892 0.000000 -1.775885 95.595605 0.007625 0.260577 0.086141 
2034 6.180511 0.000000 -1.775885 -10.508753 -0.181919 -0.420396 0.988936 
2035 3.401582 0.000000 -1.775885 97.732826 -0.002457 4.321135 0.042962 
2036 5.254201 0.000000 1.695103 87.675419 -0.209289 26.143324 0.162950 
2037 4.327892 0.000000 1.695103 90.283307 -0.024910 21.256943 0.139707 
2038 5.254201 0.000000 2.562850 92.128907 -0.351487 21.475698 0.105094 
2039 3.401582 0.000000 1.695103 91.969079 0.037504 18.215573 0.120988 
2040 2.475272 0.000000 1.695103 93.017991 0.061986 16.296482 0.108207 
2041 3.401582 0.000000 2.562850 93.920478 0.062417 15.970777 0.092387 
2042 7.106821 0.000000 -1.775885 -11.313576 -0.091675 -0.337365 0.987188 
2043 8.033130 0.000000 -1.775885 -11.677244 -0.116631 -0.453388 0.986342 
2044 7.106821 0.000000 -0.908138 -11.344441 0.010367 -0.498003 0.987106 
2045 7.106821 0.000000 -0.040391 -11.328303 0.144528 -0.910071 0.987082 
2046 8.033130 0.000000 -0.040391 -11.482975 0.256366 -0.565422 0.986776 
2047 10.812059 0.000000 -3.511380 98.134020 -0.600347 8.027309 0.030492 
2048 10.812059 0.000000 -4.379127 97.635219 -0.485081 5.432050 0.043762 
2049 10.812059 0.000000 -2.643632 98.046291 -0.616547 7.933840 0.032360 
2050 10.812059 0.000000 -1.775885 -13.224779 -0.164112 0.441680 0.982488 
2051 9.885749 0.000000 -1.775885 -12.623016 -0.123111 -0.095247 0.984064 
2052 10.812059 0.000000 -0.908138 -12.346041 -0.164890 0.566791 0.984723 
2053 12.664678 0.000000 -5.246874 96.845402 -0.290121 2.784433 0.061313 
2054 11.738369 0.000000 -5.246874 97.476115 -0.450826 3.840410 0.048345 
2055 12.664678 0.000000 -6.114621 97.697019 -0.390266 3.199306 0.044490 
2056 10.812059 0.000000 -5.246874 98.420994 -0.525089 4.710246 0.029085 
2057 9.885749 0.000000 -5.246874 99.786161 -0.579285 5.081330 0.001657 
2058 10.812059 0.000000 -6.114621 98.788814 -0.523773 4.364142 0.022145 
2059 14.517298 0.000000 3.430597 106.333685 -0.242039 2.854449 -0.131506 
2060 14.517298 0.000000 2.562850 106.335182 -0.243490 2.852680 -0.131537 
2061 14.517298 0.000000 4.298344 102.828734 -0.628435 5.515317 -0.060456 
2062 22.854084 0.000000 7.769332 102.330151 -0.116015 3.643956 -0.048475 
2063 21.001465 0.000000 7.769332 102.101312 -0.405167 4.209159 -0.044256 
2064 22.854084 0.000000 9.504827 102.102844 0.161288 3.943328 -0.044057 
2065 18.222536 0.000000 3.430597 106.142600 0.158495 0.296855 -0.126636 
2066 18.222536 0.000000 2.562850 106.143146 0.158123 0.305825 -0.126649 
2067 18.222536 0.000000 4.298344 103.463725 0.294764 3.663939 -0.071825 
2068 95.106237 0.000000 -39.089010 99.786188 -0.054552 6.253446 0.000361 
2069 95.106237 0.000000 -52.972963 99.787009 -0.046370 6.338173 0.000238 
2070 109.927191 0.000000 -39.089010 99.789006 -0.043821 6.247412 0.000312 
2071 58.053851 0.000000 -18.263080 99.714127 -0.088199 6.043590 0.002056 
2072 58.053851 0.000000 -25.205056 99.737205 -0.021677 6.192427 0.001414 
2073 65.464328 0.000000 -18.263080 99.728209 -0.054720 5.980610 0.001851 
2074 72.874805 0.000000 -18.263080 99.754447 -0.103378 5.933684 0.001383 
2075 72.874805 0.000000 -25.205056 99.846379 -0.217662 6.217447 -0.000800 
2076 80.285282 0.000000 -18.263080 99.820158 -0.157306 6.005313 -0.000015 
2077 46.938135 0.000000 -7.850115 98.750353 -0.238078 5.949709 0.021291 
2078 46.938135 0.000000 -11.321103 99.116972 -0.478482 6.034278 0.013918 
2079 50.643374 0.000000 -7.850115 99.081193 -0.318370 5.699442 0.015033 
2080 33.969800 0.000000 -2.643632 102.686665 0.056661 27.400939 -0.129537 
2081 33.969800 0.000000 -4.379127 98.194835 -0.112673 12.016661 0.021336 
2082 95.106237 0.000000 44.214710 99.790414 0.044368 6.184262 0.000363 
2083 109.927191 0.000000 44.214710 99.798498 0.042695 6.175245 0.000212 
2084 95.106237 0.000000 58.098663 99.801791 0.037853 6.278834 0.000018 
2085 25.633013 0.000000 5.166091 103.062587 -0.239618 0.667847 -0.062240 
2086 24.706704 0.000000 5.166091 103.558024 0.266919 0.937535 -0.072521 
2087 25.633013 0.000000 6.033838 102.583665 0.098851 1.464965 -0.052556 
2088 25.633013 0.000000 -0.040391 -15.764119 0.140070 -3.420305 0.973977 
2089 24.706704 0.000000 -0.040391 -13.725995 0.301781 -2.976720 0.980265 
2090 26.559323 0.000000 -0.040391 -18.200307 0.200910 -3.595379 0.965578 
2091 27.485633 0.000000 -0.040391 -21.706143 -0.359084 -2.905004 0.952028 
2092 28.411942 0.000000 -0.040391 -24.792619 -0.230630 -1.910365 0.938162 
2093 29.338252 0.000000 -0.040391 -27.204953 -0.112366 -0.440661 0.925968 
2094 29.338252 0.000000 -0.908138 100.263582 -0.467378 8.379797 -0.012323 
2095 30.264562 0.000000 -0.040391 -26.772319 -0.015465 0.620526 0.928286 
2096 31.190871 0.000000 -0.040391 103.695450 -0.048535 16.106977 -0.101218 
2097 31.190871 0.000000 -0.908138 103.137183 -0.019017 18.631553 -0.098441 
2098 32.117181 0.000000 -0.040391 104.205540 0.009477 20.139218 -0.126438 
2099 27.022478 0.000000 3.864471 105.360231 0.102872 -4.951076 -0.112530 
2100 26.559323 0.000000 3.864471 105.361147 0.102818 -4.951624 -0.112550 
2101 27.022478 0.000000 4.298344 105.129783 0.116624 -4.813276 -0.107545 
2102 29.801407 0.000000 2.128976 97.425785 -0.249830 -1.814012 0.050486 
2103 29.801407 0.000000 1.695103 99.192731 -0.278618 -1.476236 0.015855 
2104 30.264562 0.000000 2.128976 100.316387 -0.289238 -1.604738 -0.006604 
2105 28.527731 0.000000 2.888255 104.677057 -0.087801 24.281334 -0.154688 
2106 28.527731 0.000000 2.779787 102.410998 -0.112097 24.530613 -0.108978 
2107 28.527731 0.000000 2.996724 97.866930 -0.070224 27.345193 -0.032570 
2108 27.254055 0.000000 3.213660 98.945549 0.009239 -0.470193 0.020956 
2109 27.022478 0.000000 3.213660 104.745174 0.034944 -4.879182 -0.099536 
2110 27.254055 0.000000 3.430597 98.430022 0.002659 -0.099521 0.031152 
2111 28.180365 0.000000 2.345913 98.302679 -0.129932 12.179832 0.018822 
2112 28.180365 0.000000 2.128976 93.616419 -0.163096 11.394829 0.110610 
2113 28.411942 0.000000 2.345913 98.498111 -0.138473 14.059121 0.010044 
2114 27.601421 0.000000 2.671318 98.084070 -0.072501 3.405770 0.036791 
2115 27.485633 0.000000 2.671318 98.472421 -0.068209 0.324246 0.030307 
2116 27.601421 0.000000 2.562850 97.860524 -0.074810 0.951806 0.042241 
2117 28.064576 0.000000 2.671318 96.881638 -0.099077 11.761705 0.047560 
2118 28.064576 0.000000 2.562850 97.765597 -0.103286 11.077607 0.031916 
2119 28.180365 0.000000 2.671318 95.164253 -0.107626 12.470199 0.078825 
2120 28.296154 0.000000 2.671318 96.405652 -0.111838 18.992025 0.034524 
2121 28.296154 0.000000 2.562850 96.584702 -0.128231 15.041899 0.044512 
2122 28.411942 0.000000 2.671318 100.639241 -0.103373 18.244872 -0.046114 
2123 27.601421 0.000000 3.105192 97.563461 -0.068541 4.090044 0.046464 
2124 27.485633 0.000000 3.105192 98.072786 -0.064887 0.736474 0.038118 
2125 27.601421 0.000000 3.213660 97.309507 -0.065773 4.637800 0.050935 
2126 28.296154 0.000000 3.105192 89.578033 -0.028982 19.376827 0.160031 
2127 28.411942 0.000000 3.105192 91.344953 -0.048339 21.452318 0.119590 
2128 28.296154 0.000000 3.213660 91.142531 -0.056542 18.174902 0.136271 
2129 28.006682 0.000000 2.834021 90.613817 -0.114439 -2.392836 0.178340 
2130 28.006682 0.000000 2.779787 91.268395 -0.116678 -1.387440 0.166814 
2131 28.064576 0.000000 2.834021 90.381142 -0.107071 1.598106 0.182868 
2132 27.254055 0.000000 2.345913 104.459843 -0.000615 -4.851049 -0.093539 
2133 27.022478 0.000000 2.345913 105.553901 0.091000 -5.119009 -0.116784 
2134 27.254055 0.000000 2.128976 104.408925 -0.007124 -4.847350 -0.092472 
2135 30.264562 0.000000 -6.114621 99.206733 0.144607 9.905618 0.005988 
2136 30.264562 0.000000 -7.850115 99.515518 0.355500 8.463718 0.002490 
2137 32.117181 0.000000 -6.114621 99.168555 -0.259634 9.665085 0.007212 
2138 29.338252 0.000000 -1.775885 99.285251 -0.439248 12.289726 -0.000879 
2139 29.338252 0.000000 -2.643632 99.370599 -0.453949 12.098621 -0.002110 
2140 30.264562 0.000000 -1.775885 101.579822 -0.291709 12.237778 -0.046831 
2141 34.896110 0.000000 5.166091 98.976348 0.000000 0.578416 0.020335 
2142 33.969800 0.000000 5.166091 98.277052 0.000000 1.071737 0.034047 
2143 34.896110 0.000000 6.033838 97.966124 0.000000 1.740403 0.039961 
2144 33.043491 0.000000 5.166091 99.299901 0.289770 -0.085277 0.013944 
2145 33.043491 0.000000 6.033838 99.760052 0.196112 0.824722 0.004721 
2146 33.043491 0.000000 -0.040391 105.238823 0.036369 18.239256 -0.140788 
2147 33.043491 0.000000 -0.908138 103.271027 0.038503 24.118495 -0.124661 
2148 33.969800 0.000000 -0.040391 104.164925 0.041068 20.357708 -0.126477 
2149 34.896110 0.000000 -0.040391 104.224877 0.047820 20.734643 -0.129275 
2150 34.896110 0.000000 -0.908138 101.167414 0.083798 27.400333 -0.098563 
2151 35.822419 0.000000 -0.040391 102.649676 0.060076 20.634664 -0.096275 
2152 31.654026 0.000000 3.864471 100.098371 -0.020419 -3.645973 -0.003298 
2153 32.117181 0.000000 3.864471 100.729155 -0.017521 -1.425858 -0.014840 
2154 31.654026 0.000000 4.298344 100.572879 -0.020245 -2.843299 -0.012299 
2155 33.506645 0.000000 2.128976 104.565539 -0.158193 -2.017635 -0.093805 
2156 33.506645 0.000000 1.695103 106.491948 -0.202876 -1.150331 -0.134190 
2157 33.506645 0.000000 2.562850 93.897661 -0.156491 4.074729 0.116660 
2158 31.654026 0.000000 2.128976 102.675516 -0.282978 -1.613549 -0.054495 
2159 31.190871 0.000000 2.128976 101.584593 -0.290103 -1.240990 -0.032105 
2160 31.654026 0.000000 1.695103 102.502226 -0.273154 -1.818094 -0.051009 
2161 30.727716 0.000000 2.128976 100.893540 -0.283190 -1.226445 -0.018109 
2162 30.727716 0.000000 1.695103 101.919237 -0.280020 -0.933569 -0.038848 
2163 36.748729 0.000000 -0.040391 102.957227 0.078874 19.280361 -0.097193 
2164 36.748729 0.000000 -0.908138 100.719654 0.107786 26.027238 -0.082188 
2165 36.285574 0.000000 2.128976 98.924909 0.338010 2.345959 0.020824 
2166 36.285574 0.000000 1.695103 102.353317 0.239102 6.320981 -0.051621 
2167 36.748729 0.000000 2.128976 103.314133 0.295891 12.455946 -0.082905 
2168 34.432955 0.000000 2.996724 127.569352 -0.080376 40.988593 -0.795401 
2169 33.969800 0.000000 2.996724 97.786961 -0.073498 10.981354 0.031711 
2170 34.432955 0.000000 3.430597 106.937090 -0.042904 4.282975 -0.145389 
2171 54.348612 0.000000 -0.908138 99.129652 -0.195023 5.919197 0.013824 
2172 54.348612 0.000000 -4.379127 99.230153 -0.156397 5.372882 0.012448 
2173 58.053851 0.000000 -0.908138 99.372600 -0.202229 5.925732 0.008993 
2174 45.085516 0.000000 -2.643632 97.379806 -0.359184 6.520244 0.047453 
2175 45.085516 0.000000 -4.379127 97.954318 -0.289890 6.357880 0.036444 
2176 46.938135 0.000000 -2.643632 98.030012 -0.354479 5.986808 0.035415 
2177 48.790754 0.000000 4.298344 98.472393 -0.252547 4.278512 0.028482 
2178 48.790754 0.000000 2.562850 98.296132 -0.796705 4.789218 0.031430 
2179 50.643374 0.000000 4.298344 98.837601 -0.100191 4.416156 0.021162 
2180 40.917122 0.000000 1.261229 104.536502 -0.182687 10.742700 -0.104332 
2181 40.917122 0.000000 0.827356 104.096361 -0.140662 11.473647 -0.096772 
2182 41.380277 0.000000 1.261229 103.919434 -0.260497 11.551681 -0.093276 
2183 38.138194 0.000000 3.864471 101.760919 0.116767 -5.321567 -0.038362 
2184 37.675039 0.000000 3.864471 104.516256 0.097516 -2.753598 -0.093124 
2185 38.138194 0.000000 3.430597 104.532019 0.092141 -8.000365 -0.099096 
2186 40.222390 0.000000 2.779787 107.581812 -0.033973 4.278988 -0.159216 
2187 40.453968 0.000000 2.779787 107.358037 -0.078030 1.874076 -0.152927 
2188 40.222390 0.000000 2.996724 107.676024 -0.047162 2.013358 -0.159818 
2189 40.222390 0.000000 3.213660 107.699584 -0.031064 -1.718604 -0.160215 
2190 39.990813 0.000000 3.213660 107.831521 0.011004 -0.440261 -0.162783 
2191 40.453968 0.000000 3.213660 106.768797 -0.075491 0.118623 -0.139960 
2192 39.759235 0.000000 3.213660 105.471101 0.031385 1.658036 -0.112690 
2193 39.527658 0.000000 3.213660 102.915185 0.058732 2.306937 -0.059686 
2194 39.875024 0.000000 2.454382 106.276764 0.001675 26.531761 -0.199868 
2195 39.990813 0.000000 2.454382 106.871603 -0.011454 17.087119 -0.171351 
2196 39.875024 0.000000 2.562850 107.341668 0.001441 22.965465 -0.204965 
2197 39.296081 0.000000 2.779787 98.757787 0.137194 7.414871 0.019190 
2198 39.064503 0.000000 2.779787 96.148355 0.200570 2.445041 0.074948 
2199 39.296081 0.000000 2.996724 101.250753 0.118887 4.188187 -0.026927 
2200 39.296081 0.000000 3.213660 98.120820 0.079593 2.897355 0.036390 
2201 39.064503 0.000000 3.213660 98.487016 0.127845 0.649296 0.029987 
2202 39.296081 0.000000 3.430597 98.650021 0.083282 -0.120118 0.026815 
2203 44.159206 0.000000 -0.040391 95.095862 -0.721583 7.801251 0.089540 
2204 44.159206 0.000000 -0.908138 95.830925 -0.517244 7.617687 0.075814 
2205 45.085516 0.000000 -0.040391 96.213193 -0.599933 7.346654 0.068869 
2206 41.843432 0.000000 1.261229 104.744638 -0.263766 7.617718 -0.102954 
2207 41.843432 0.000000 0.827356 104.607247 -0.268502 8.338293 -0.101228 
2208 39.817130 0.000000 2.291679 103.220164 0.382716 23.299860 -0.119743 
2209 39.875024 0.000000 2.291679 102.961668 0.444840 21.427996 -0.106046 
2210 39.817130 0.000000 2.345913 104.919970 0.251886 33.029071 -0.209918 
2211 39.788183 0.000000 2.210328 101.659749 0.551215 17.444379 -0.063931 
2212 39.817130 0.000000 2.210328 101.203034 0.642933 16.731505 -0.052241 
2213 39.788183 0.000000 2.237445 102.045140 0.489706 19.222906 -0.078297 
2214 39.773709 0.000000 2.169652 99.892301 0.957021 21.006690 -0.042067 
2215 39.788183 0.000000 2.169652 101.175506 0.631749 15.363677 -0.047292 
2216 39.773709 0.000000 2.183211 101.563337 0.559317 16.296209 -0.058099 
2217 44.159206 0.000000 3.430597 95.812880 -0.596424 2.973539 0.081069 
2218 45.085516 0.000000 3.430597 96.693228 -0.364494 3.642041 0.063702 
2219 44.159206 0.000000 4.298344 96.592724 -0.641978 2.742218 0.066191 
2220 44.159206 0.000000 5.166091 97.227112 -1.210542 2.133075 0.054087 
2221 45.085516 0.000000 5.166091 97.587062 -0.829585 2.973324 0.046724 
2222 41.843432 0.000000 2.996724 106.096364 -0.239895 1.163676 -0.125785 
2223 42.306587 0.000000 2.996724 105.826219 -0.246368 2.050429 -0.120345 
2224 41.843432 0.000000 3.430597 107.688337 -0.199991 -9.709062 -0.169108 
2225 42.769742 0.000000 2.996724 109.478478 -0.209506 -13.561807 -0.216950 
2226 43.232897 0.000000 2.996724 93.676982 -1.463315 1.657573 0.121973 
2227 42.769742 0.000000 3.430597 110.553563 -0.066691 -9.729315 -0.231675 
2228 41.843432 0.000000 3.864471 110.359591 -0.199389 -13.260274 -0.235511 
2229 42.306587 0.000000 3.864471 110.556331 -0.067219 -9.730650 -0.231739 
2230 16.369917 0.000000 -5.246874 99.533702 -0.077297 -3.756843 0.007892 
2231 16.369917 0.000000 -6.114621 99.883287 -0.248725 -1.230938 0.002175 
2232 17.296227 0.000000 -5.246874 101.348617 0.326482 -4.387876 -0.029090 
2233 14.980452 0.000000 -3.945253 97.293875 -0.333310 -10.274453 0.042823 
2234 14.980452 0.000000 -4.379127 96.668071 -0.342165 -6.328839 0.061511 
2235 15.443607 0.000000 -3.945253 101.261210 0.161458 -10.571814 -0.036562 
2236 18.222536 0.000000 -1.775885 -7.849032 0.224857 0.677211 0.993788 
2237 19.148846 0.000000 -1.775885 -8.611879 0.048620 0.403601 0.992567 
2238 18.222536 0.000000 -0.908138 -8.150393 0.359068 0.930261 0.993258 
2239 14.748875 0.000000 -3.294443 94.320844 -0.053378 -25.715817 0.044227 
2240 14.748875 0.000000 -3.511380 93.119532 -0.098188 -26.484979 0.062729 
2241 14.980452 0.000000 -3.294443 96.531865 0.024968 -22.265875 0.018583 
2242 20.075156 0.000000 -5.246874 109.551464 -0.068768 1.717107 -0.200448 
2243 19.148846 0.000000 -5.246874 107.251008 -0.104712 -2.247362 -0.150784 
2244 20.075156 0.000000 -6.114621 106.061553 -0.189753 2.775630 -0.125679 
2245 18.222536 0.000000 -5.246874 104.102676 0.175904 -4.180021 -0.085487 
2246 18.222536 0.000000 -6.114621 103.007908 0.000223 -1.163891 -0.061198 
2247 23.780394 0.000000 -1.775885 -12.342163 -0.019668 -2.638067 0.984071 
2248 22.854084 0.000000 -1.775885 -11.518691 -0.298315 -2.382243 0.986156 
2249 23.780394 0.000000 -0.908138 -12.164582 -0.025964 -2.564773 0.984544 
2250 21.927775 0.000000 -1.775885 -10.770036 -0.111470 -1.114652 0.988275 
2251 21.001465 0.000000 -1.775885 -9.933385 -0.136352 -0.737006 0.990077 
2252 21.927775 0.000000 -0.908138 -10.326361 -0.078914 -0.946014 0.989247 
2253 23.780394 0.000000 -5.246874 105.713860 -0.138144 11.721683 -0.131284 
2254 23.780394 0.000000 -6.114621 104.160928 -0.210885 10.091245 -0.095138 
2255 24.706704 0.000000 -5.246874 104.924271 -0.163882 13.319852 -0.118655 
2256 25.633013 0.000000 -5.246874 102.637135 -0.312387 14.672516 -0.074976 
2257 25.633013 0.000000 -6.114621 101.981464 -0.414289 11.646993 -0.053604 
2258 26.559323 0.000000 -5.246874 100.140777 -0.493892 13.999039 -0.022439 
2259 25.169859 0.000000 -2.209759 -14.341743 0.078629 -5.928567 0.975916 
2260 24.706704 0.000000 -2.209759 -13.188832 0.014780 -4.294479 0.980761 
2261 25.169859 0.000000 -1.775885 -15.283785 0.092800 -4.784606 0.974350 
2262 39.064503 0.000000 5.599965 97.362336 0.000000 0.519459 0.052031 
2263 38.601348 0.000000 5.599965 97.574121 -0.000000 0.519566 0.047902 
2264 39.064503 0.000000 6.033838 97.387777 -0.000000 0.884646 0.051484 
2265 38.138194 0.000000 5.599965 97.857361 -0.000000 0.689064 0.042346 
2266 37.675039 0.000000 5.599965 97.898711 -0.000000 0.889515 0.041505 
2267 38.138194 0.000000 6.033838 97.728665 -0.000000 1.125052 0.044784 
2268 39.759235 0.000000 4.949154 97.401056 -0.000000 -0.057846 0.051303 
2269 39.527658 0.000000 4.949154 97.324669 -0.000000 -0.138393 0.052789 
2270 39.759235 0.000000 5.166091 97.312855 -0.000000 0.107555 0.053020 
2271 39.990813 0.000000 7.335459 97.403662 0.000000 1.258032 0.051094 
2272 39.527658 0.000000 7.335459 97.281528 -0.000000 1.266109 0.053470 
2273 48.790754 0.000000 11.240321 99.263954 0.373517 3.847852 0.013172 
2274 50.643374 0.000000 11.240321 99.387181 0.200743 3.893297 0.010699 
2275 48.790754 0.000000 12.975815 99.460219 0.149814 4.175210 0.009021 
2276 42.769742 0.000000 6.467712 97.725529 0.409781 1.866096 0.044607 
2277 42.769742 0.000000 6.033838 97.482724 -0.256554 1.847589 0.049364 
2278 43.232897 0.000000 6.467712 97.779372 -0.306560 2.137291 0.043453 
2279 40.685545 0.000000 6.684649 97.458770 -0.000000 1.254453 0.050021 
2280 40.453968 0.000000 6.684649 97.467299 -0.000000 1.197347 0.049869 
2281 40.685545 0.000000 6.901585 97.514766 -0.000000 1.330483 0.048910 
2282 40.685545 0.000000 7.118522 97.555607 -0.000000 1.339674 0.048111 
2283 40.453968 0.000000 7.118522 97.506715 -0.000000 1.267554 0.049083 
2284 40.685545 0.000000 7.335459 97.659132 -0.000000 1.346920 0.046088 
2285 40.685545 0.000000 7.552396 97.740931 -0.000000 1.318975 0.044497 
2286 40.453968 0.000000 7.552396 97.631978 -0.000000 1.280921 0.046636 
2287 40.685545 0.000000 7.769332 97.779606 -0.000000 1.303970 0.043745 
2288 44.159206 0.000000 10.372574 99.207755 0.160994 2.934223 0.014919 
2289 45.085516 0.000000 10.372574 99.145238 0.128070 3.171094 0.016015 
2290 44.159206 0.000000 11.240321 99.373342 0.071077 3.244114 0.011441 
2291 42.769742 0.000000 9.938700 99.211157 0.192444 2.426070 0.015122 
2292 43.232897 0.000000 9.938700 99.167112 0.213970 2.545064 0.015936 
2293 42.769742 0.000000 10.372574 99.335982 0.137466 2.615079 0.012551 
2294 41.611855 0.000000 9.287890 99.129105 0.643932 1.672155 0.017021 
2295 41.611855 0.000000 9.504827 99.259646 0.309861 1.801063 0.014418 
2296 29.569829 0.000000 3.213660 112.132257 -0.038922 2.102719 -0.257807 
2297 29.569829 0.000000 2.996724 100.369183 -0.058284 -1.686209 -0.007682 
2298 28.990886 0.000000 2.888255 100.849014 -0.055475 59.273266 -0.368385 
2299 28.990886 0.000000 2.779787 101.335667 -0.128028 30.807567 -0.121804 
2300 29.106675 0.000000 2.888255 99.704409 -0.079828 35.346722 -0.119037 
2301 30.264562 0.000000 11.240321 100.422890 -0.156790 3.448417 -0.009667 
2302 28.411942 0.000000 11.240321 100.893557 -0.101933 3.682241 -0.019308 
2303 30.264562 0.000000 12.975815 100.724445 -0.369335 3.811115 -0.016007 
2304 28.875097 0.000000 4.732218 101.829545 -0.289893 1.032717 -0.037041 
2305 28.411942 0.000000 4.732218 101.750861 -0.365677 1.057424 -0.035449 
2306 28.875097 0.000000 5.166091 101.597209 -0.249906 0.966324 -0.032299 
2307 29.106675 0.000000 3.647534 102.897015 -0.049683 7.478770 -0.064373 
2308 28.875097 0.000000 3.647534 103.150136 -0.059662 10.638061 -0.075312 
2309 29.106675 0.000000 3.864471 103.034031 -0.056657 8.220217 -0.068359 
2310 28.527731 0.000000 3.105192 95.052470 -0.056048 22.871907 0.044190 
2311 28.643520 0.000000 3.105192 103.284928 -0.053412 36.733280 -0.201711 
2312 28.527731 0.000000 3.213660 99.646625 -0.053251 18.844761 -0.028458 
2313 28.759308 0.000000 3.105192 105.917609 -0.079267 33.811146 -0.236174 
2314 28.759308 0.000000 3.213660 106.010619 -0.064096 31.480160 -0.222926 
2315 29.569829 0.000000 4.081407 101.557389 -0.043063 1.086117 -0.031508 
2316 29.338252 0.000000 4.081407 109.049047 -0.043743 0.222828 -0.189175 
2317 29.569829 0.000000 4.298344 99.170917 -0.000000 1.780895 0.016196 
2318 30.727716 0.000000 4.732218 105.272542 -0.000000 -8.683125 -0.115770 
2319 31.190871 0.000000 4.732218 102.506253 -0.000000 -5.164883 -0.053421 
2320 30.727716 0.000000 5.166091 101.226353 -0.117404 -0.214343 -0.024683 
2321 31.654026 0.000000 4.732218 100.588449 -0.000000 -0.268850 -0.011811 
2322 32.117181 0.000000 4.732218 100.691804 -0.000000 -0.761611 -0.013942 
2323 31.654026 0.000000 5.166091 100.314726 0.153799 -0.428610 -0.006325 
2324 30.496139 0.000000 4.081407 104.364946 -0.022983 -5.199893 -0.091908 
2325 30.727716 0.000000 4.081407 104.334294 -0.034838 -5.889294 -0.092033 
2326 30.496139 0.000000 4.298344 106.580472 -0.000000 -5.266640 -0.138713 
2327 29.917195 0.000000 3.756002 106.316499 -0.022816 0.171506 -0.130323 
2328 29.801407 0.000000 3.756002 107.364376 -0.035224 0.683841 -0.152758 
2329 29.917195 0.000000 3.864471 106.530465 -0.023746 -0.291892 -0.134883 
2330 29.917195 0.000000 3.322129 105.656657 -0.037137 3.839450 -0.117807 
2331 29.801407 0.000000 3.322129 105.131063 -0.027061 4.063074 -0.106905 
2332 29.917195 0.000000 3.213660 109.274136 -0.036926 0.117326 -0.194085 
2333 30.380350 0.000000 3.756002 107.829659 -0.040836 -2.560010 -0.163379 
2334 30.496139 0.000000 3.756002 107.682345 -0.037385 -3.666500 -0.160893 
2335 30.380350 0.000000 3.864471 105.862551 -0.044646 -2.636101 -0.121383 
2336 30.090879 0.000000 3.376363 108.450194 -0.032582 3.386013 -0.177291 
2337 30.032984 0.000000 3.376363 106.057227 -0.030873 5.921238 -0.128320 
2338 30.090879 0.000000 3.322129 107.501164 -0.040166 4.269562 -0.157473 
2339 30.119826 0.000000 3.457714 107.058398 -0.025298 -0.764348 -0.146209 
2340 30.090879 0.000000 3.457714 108.414860 -0.036580 2.303288 -0.175909 
2341 30.119826 0.000000 3.430597 108.703677 -0.035169 1.980758 -0.182041 
2342 39.990813 0.000000 9.938700 100.372157 0.069783 1.814332 -0.007787 
2343 39.527658 0.000000 9.938700 100.670742 0.059014 1.886364 -0.013816 
2344 39.990813 0.000000 10.372574 100.327764 0.086638 2.242494 -0.007070 
2345 39.759235 0.000000 8.854016 99.664221 -0.843571 0.232982 0.006628 
2346 39.759235 0.000000 8.637080 98.773055 -0.524417 0.472116 0.024339 
2347 39.759235 0.000000 9.070953 99.654285 -0.843039 0.231244 0.006826 
2348 40.222390 0.000000 9.287890 98.757910 -0.559408 0.430324 0.024638 
2349 39.990813 0.000000 9.287890 97.301759 -0.000000 0.766619 0.053178 
2350 40.222390 0.000000 9.504827 100.193208 0.096357 1.307617 -0.004040 
2351 39.759235 0.000000 9.287890 98.269902 -0.402607 0.472574 0.034264 
2352 39.527658 0.000000 9.287890 99.101508 -0.663927 0.294996 0.017836 
2353 39.759235 0.000000 9.504827 100.583457 0.071732 1.285181 -0.011869 
2354 40.685545 0.000000 7.986269 97.913871 -0.000000 1.255396 0.041130 
2355 40.453968 0.000000 7.986269 97.770506 -0.000000 1.171973 0.043955 
2356 40.917122 0.000000 7.986269 98.006090 -0.000000 1.327024 0.039305 
2357 41.148700 0.000000 7.986269 98.146413 -0.000000 1.432387 0.036523 
2358 41.148700 0.000000 8.203206 98.205734 -0.000000 1.415777 0.035363 
2359 41.148700 0.000000 8.420143 98.196377 -0.000000 1.354610 0.035564 
2360 40.569756 0.000000 8.745548 99.041210 -0.656126 0.384181 0.019026 
2361 40.453968 0.000000 8.745548 99.207701 -0.727921 0.346897 0.015718 
2362 40.569756 0.000000 8.637080 98.221938 -0.233410 0.730531 0.035186 
2363 41.032911 0.000000 8.745548 98.742305 -0.374118 0.593769 0.024946 
2364 41.032911 0.000000 8.637080 98.527820 -0.246483 0.786753 0.029159 
2365 41.148700 0.000000 8.745548 98.577390 -0.238503 0.795642 0.028181 
2366 40.222390 0.000000 8.420143 97.611549 -0.000000 0.985668 0.047101 
2367 39.990813 0.000000 8.420143 97.418770 -0.000000 0.904650 0.050876 
2368 40.222390 0.000000 8.203206 97.628988 -0.000000 1.024927 0.046753 
2369 39.759235 0.000000 8.420143 97.333832 -0.000000 0.911197 0.052529 
2370 39.527658 0.000000 8.420143 97.090268 -0.000000 0.882907 0.057270 
2371 39.759235 0.000000 8.203206 97.353616 -0.000000 1.015030 0.052124 
2372 38.138194 0.000000 9.938700 101.549261 0.214249 2.636151 -0.031925 
2373 38.601348 0.000000 9.938700 101.312706 0.070816 2.262320 -0.026939 
2374 38.138194 0.000000 10.372574 101.132152 0.117476 3.035565 -0.023694 
2375 39.064503 0.000000 9.938700 101.008033 0.058574 2.018228 -0.020670 
2376 39.064503 0.000000 10.372574 100.799114 0.047990 2.503796 -0.016673 
2377 39.296081 0.000000 9.287890 98.558549 -0.483748 0.381481 0.028583 
2378 39.064503 0.000000 9.287890 99.116587 -0.634707 0.315608 0.017540 
2379 39.296081 0.000000 9.504827 100.984074 0.066436 1.329664 -0.019956 
2380 39.064503 0.000000 6.467712 97.384893 -0.000000 1.140417 0.051488 
2381 38.601348 0.000000 6.467712 97.560532 -0.000000 1.262931 0.048035 
2382 39.064503 0.000000 6.901585 97.327077 -0.000000 1.338190 0.052565 
2383 39.064503 0.000000 7.335459 97.154411 -0.000000 1.389264 0.055909 
2384 38.601348 0.000000 7.335459 97.022164 -0.000000 1.588786 0.058418 
2385 38.138194 0.000000 7.335459 97.002746 -0.000000 1.900440 0.058686 
2386 37.675039 0.000000 7.335459 97.176222 -0.000000 2.256599 0.055169 
2387 38.138194 0.000000 6.901585 97.370597 -0.000000 1.697684 0.051608 
2388 39.296081 0.000000 8.420143 96.964382 -0.000000 0.884293 0.059713 
2389 39.064503 0.000000 8.420143 96.770152 -0.000000 0.942070 0.063465 
2390 39.296081 0.000000 8.203206 97.053978 -0.000000 1.014834 0.057950 
2391 34.896110 0.000000 6.901585 98.033382 0.000000 2.599435 0.038270 
2392 33.969800 0.000000 6.901585 99.657475 0.194074 1.580030 0.006585 
2393 36.285574 0.000000 8.203206 97.600032 0.000000 4.119648 0.045726 
2394 35.822419 0.000000 8.203206 97.521151 0.000000 4.315780 0.047100 
2395 36.285574 0.000000 7.769332 97.482381 0.000000 3.709064 0.048343 
2396 37.906616 0.000000 9.287890 99.662825 -0.391571 0.669318 0.006672 
2397 38.138194 0.000000 9.287890 99.728397 -0.509364 0.408838 0.005382 
2398 37.906616 0.000000 9.504827 102.378983 0.322926 2.176263 -0.048630 
2399 34.896110 0.000000 10.372574 100.222665 -0.020206 3.507235 -0.005688 
2400 33.969800 0.000000 10.372574 100.334092 -0.015493 3.214606 -0.007726 
2401 34.896110 0.000000 11.240321 100.136845 0.161310 3.762478 -0.004157 
2402 36.285574 0.000000 9.938700 100.201089 0.155977 3.902363 -0.005551 
2403 35.822419 0.000000 9.938700 99.999216 0.088443 3.763159 -0.001401 
2404 36.285574 0.000000 10.372574 100.340374 0.056143 3.861377 -0.008310 
2405 37.906616 0.000000 8.420143 95.739273 -0.000000 2.132273 0.082945 
2406 37.906616 0.000000 8.203206 96.137460 -0.000000 2.068072 0.075331 
2407 38.138194 0.000000 8.420143 95.949682 -0.000000 1.738323 0.079064 
2408 37.211884 0.000000 7.335459 97.400295 -0.000000 2.670744 0.050605 
2409 36.748729 0.000000 7.335459 97.583484 0.000000 3.049800 0.046816 
2410 37.211884 0.000000 6.901585 97.645148 -0.000000 2.261661 0.046031 
2411 36.285574 0.000000 7.335459 97.569864 0.000000 3.213215 0.046980 
2412 35.822419 0.000000 7.335459 97.527326 0.000000 3.199804 0.047818 
2413 36.285574 0.000000 6.901585 97.863128 0.000000 2.758898 0.041520 
2414 36.980307 0.000000 8.420143 96.299920 0.000000 4.486991 0.070619 
2415 36.748729 0.000000 8.420143 96.617644 0.000000 4.589682 0.064397 
2416 36.980307 0.000000 8.203206 96.600227 0.000000 4.164322 0.065105 
2417 37.096095 0.000000 8.745548 98.436840 0.000584 3.520845 0.029779 
2418 36.980307 0.000000 8.745548 95.805973 0.000000 4.993114 0.079628 
2419 37.096095 0.000000 8.637080 96.649670 0.003812 4.663185 0.063710 
2420 52.495993 0.000000 4.298344 99.069934 0.226828 4.333066 0.016632 
2421 52.495993 0.000000 2.562850 98.983484 -0.425290 5.062297 0.017646 
2422 54.348612 0.000000 4.298344 99.272906 -0.311163 4.172293 0.012739 
2423 56.201232 0.000000 4.298344 99.332082 -0.202381 4.757340 0.011046 
2424 56.201232 0.000000 2.562850 99.286074 -0.300335 5.382177 0.011322 
2425 58.053851 0.000000 4.298344 99.417415 -0.114490 4.837271 0.009277 
2426 41.148700 0.000000 4.081407 110.687430 -0.159800 -11.865851 -0.239253 
2427 41.148700 0.000000 3.864471 110.362854 -0.196222 -13.182412 -0.235377 
2428 41.380277 0.000000 4.081407 110.689227 -0.160456 -11.877474 -0.239321 
2429 40.338179 0.000000 4.189876 98.105993 0.023721 -1.511085 0.037293 
2430 40.222390 0.000000 4.189876 98.947378 0.050381 -1.580024 0.020692 
2431 40.453968 0.000000 4.189876 98.140215 0.035991 -1.662045 0.036573 
2432 40.106602 0.000000 4.189876 98.828754 0.042431 -1.393372 0.023093 
2433 39.990813 0.000000 4.189876 99.196088 0.066759 -1.440414 0.015806 
2434 40.106602 0.000000 4.298344 98.299680 0.065300 -1.188946 0.033576 
2435 40.569756 0.000000 4.189876 98.843600 -0.028619 -1.960733 0.022610 
2436 40.685545 0.000000 4.189876 100.238344 0.024137 -2.436160 -0.005366 
2437 40.685545 0.000000 3.213660 106.134225 -0.106301 -0.295025 -0.126457 
2438 40.685545 0.000000 2.996724 107.313207 -0.116217 -0.193245 -0.151618 
2439 40.917122 0.000000 3.213660 106.498428 -0.125830 -0.191919 -0.134197 
2440 39.296081 0.000000 3.647534 98.951044 0.071632 -1.465805 0.020654 
2441 39.064503 0.000000 3.647534 99.227877 0.099653 -3.231120 0.014338 
2442 39.296081 0.000000 3.864471 99.441874 0.075584 -1.969511 0.010743 
2443 39.296081 0.000000 4.081407 99.078647 0.078787 -1.620250 0.018079 
2444 39.064503 0.000000 4.081407 98.781244 0.076540 -2.632012 0.023533 
2445 39.296081 0.000000 4.298344 98.690353 0.092075 -1.703120 0.025731 
2446 40.309232 0.000000 3.837354 101.496025 0.017501 -3.219055 -0.031181 
2447 40.280285 0.000000 3.837354 101.465364 0.017587 -3.168597 -0.030526 
2448 40.309232 0.000000 3.810236 101.827210 0.019964 -3.374647 -0.038017 
2449 40.106602 0.000000 4.406813 98.199104 0.057559 -1.002326 0.035593 
2450 39.990813 0.000000 4.406813 98.258205 0.065862 -1.020232 0.034428 
2451 40.106602 0.000000 4.515281 97.793785 -0.002474 -0.599934 0.043602 
2452 40.106602 0.000000 4.623749 97.639094 0.000000 -0.545851 0.046631 
2453 39.990813 0.000000 4.623749 97.599146 -0.000000 -0.536080 0.047412 
2454 40.106602 0.000000 4.732218 97.635444 0.000000 -0.473532 0.046710 
2455 40.801334 0.000000 4.840686 97.527580 0.000000 -0.211091 0.048833 
2456 40.685545 0.000000 4.840686 97.577241 0.000000 -0.401172 0.047852 
2457 40.917122 0.000000 4.840686 97.517984 0.000000 -0.169662 0.049021 
2458 40.222390 0.000000 5.383028 97.375429 -0.000000 0.322450 0.051792 
2459 39.990813 0.000000 5.383028 97.296058 -0.000000 0.379234 0.053333 
2460 40.222390 0.000000 5.599965 97.316789 -0.000000 0.668313 0.052900 
2461 40.222390 0.000000 5.816902 97.372986 -0.000000 0.746633 0.051794 
2462 39.990813 0.000000 5.816902 97.198315 -0.000000 0.683401 0.055202 
2463 40.222390 0.000000 6.033838 97.390308 -0.000000 0.856832 0.051439 
2464 40.540809 0.000000 4.488164 97.665316 0.000000 -0.945345 0.046059 
2465 40.511862 0.000000 4.488164 97.665750 0.000000 -0.950671 0.046050 
2466 40.540809 0.000000 4.461047 97.675268 0.000000 -0.931255 0.045867 
2467 41.611855 0.000000 5.816902 97.596963 0.000000 1.072145 0.047368 
2468 41.611855 0.000000 5.599965 97.244913 -0.393386 0.932272 0.054240 
2469 41.843432 0.000000 5.816902 97.347630 0.547924 1.151823 0.052181 
2470 42.075010 0.000000 6.684649 97.777761 -0.273151 1.621694 0.043680 
2471 42.075010 0.000000 6.467712 97.692467 0.161073 1.550919 0.045375 
2472 42.306587 0.000000 6.684649 97.771502 -0.260060 1.758803 0.043757 
2473 41.032911 0.000000 6.142307 97.564602 0.000000 1.107513 0.047992 
2474 40.917122 0.000000 6.142307 97.549611 0.000000 1.083358 0.048290 
2475 41.032911 0.000000 6.033838 97.557496 0.000000 1.024120 0.048149 
2476 41.496066 0.000000 6.142307 97.532982 0.000000 1.170525 0.048595 
2477 41.496066 0.000000 6.033838 97.589850 0.000000 1.068643 0.047508 
2478 41.611855 0.000000 6.142307 97.546656 0.000000 1.155966 0.048331 
2479 41.032911 0.000000 6.576180 97.437155 0.000000 1.267883 0.050439 
2480 40.917122 0.000000 6.576180 97.432876 0.000000 1.239704 0.050530 
2481 41.032911 0.000000 6.684649 97.423461 0.000000 1.323334 0.050692 
2482 41.264489 0.000000 6.793117 97.532267 0.000000 1.398518 0.048550 
2483 41.148700 0.000000 6.793117 97.496375 0.000000 1.386533 0.049253 
2484 41.032911 0.000000 6.793117 97.458861 0.000000 1.374868 0.049988 
2485 40.917122 0.000000 6.793117 97.438674 -0.000000 1.362316 0.050385 
2486 41.032911 0.000000 6.901585 97.579473 0.000000 1.398757 0.047629 
2487 41.322383 0.000000 6.305009 97.485939 0.000000 1.218478 0.049501 
2488 41.322383 0.000000 6.250775 97.496269 0.000000 1.202937 0.049303 
2489 41.380277 0.000000 6.305009 97.481927 0.000000 1.225071 0.049577 
2490 40.222390 0.000000 6.250775 97.451684 -0.000000 1.019093 0.050213 
2491 39.990813 0.000000 6.250775 97.438474 -0.000000 1.014236 0.050472 
2492 40.222390 0.000000 6.467712 97.443137 -0.000000 1.050558 0.050373 
2493 40.222390 0.000000 6.684649 97.523440 -0.000000 1.179104 0.048779 
2494 39.990813 0.000000 6.684649 97.502142 -0.000000 1.148454 0.049201 
2495 40.222390 0.000000 6.901585 97.510725 -0.000000 1.251485 0.049009 
2496 41.496066 0.000000 6.576180 97.419015 0.000000 1.329827 0.050777 
2497 41.611855 0.000000 6.576180 97.405037 0.000000 1.371069 0.051038 
2498 41.727643 0.000000 6.793117 97.694199 0.000000 1.420920 0.045382 
2499 41.727643 0.000000 6.684649 97.404207 0.000000 1.371262 0.051054 
2500 41.843432 0.000000 6.793117 97.793930 0.000000 1.436374 0.043428 
2501 41.727643 0.000000 7.226991 98.096602 0.000000 1.496416 0.037482 
2502 41.843432 0.000000 7.226991 98.210694 0.000000 1.516944 0.035236 
2503 41.727643 0.000000 7.335459 98.176801 0.000000 1.531848 0.035897 
2504 41.032911 0.000000 7.010054 97.650030 0.000000 1.412346 0.046248 
2505 40.917122 0.000000 7.010054 97.605125 -0.000000 1.400757 0.047128 
2506 41.032911 0.000000 7.118522 97.680578 0.000000 1.415825 0.045650 
2507 41.264489 0.000000 7.226991 97.886554 0.000000 1.468333 0.041607 
2508 41.148700 0.000000 7.226991 97.808538 0.000000 1.452326 0.043138 
2509 41.264489 0.000000 7.335459 97.999959 0.000000 1.492344 0.039378 
2510 41.032911 0.000000 7.226991 97.739377 0.000000 1.433479 0.044496 
2511 40.917122 0.000000 7.226991 97.679378 -0.000000 1.412109 0.045674 
2512 41.032911 0.000000 7.335459 97.851828 -0.000000 1.454403 0.042290 
2513 41.553960 0.000000 6.955820 97.798003 0.000000 1.447462 0.043346 
2514 41.553960 0.000000 6.901585 97.758466 0.000000 1.439765 0.044121 
2515 41.611855 0.000000 6.955820 97.813539 0.000000 1.450106 0.043041 
2516 41.496066 0.000000 7.443927 98.181584 0.000000 1.528234 0.035804 
2517 41.380277 0.000000 7.443927 98.128926 0.000000 1.519012 0.036841 
2518 41.611855 0.000000 7.443927 98.191451 0.000000 1.531536 0.035609 
2519 41.727643 0.000000 7.443927 98.180611 0.000000 1.539115 0.035820 
2520 41.843432 0.000000 7.443927 98.181660 0.000000 1.548271 0.035796 
2521 41.496066 0.000000 7.877801 98.183160 0.000000 1.558527 0.035764 
2522 41.380277 0.000000 7.877801 98.186101 0.000000 1.534482 0.035713 
2523 41.496066 0.000000 7.986269 98.217950 0.000000 1.565910 0.035078 
2524 41.727643 0.000000 8.094738 98.240395 0.000000 1.622152 0.034619 
2525 41.611855 0.000000 8.094738 98.239700 0.000000 1.602095 0.034639 
2526 41.496066 0.000000 8.094738 98.255881 0.000000 1.576819 0.034330 
2527 41.380277 0.000000 8.094738 98.252155 -0.000000 1.531968 0.034417 
2528 41.496066 0.000000 8.203206 98.310349 0.000000 1.582870 0.033257 
2529 41.264489 0.000000 7.443927 98.090841 0.000000 1.510928 0.037590 
2530 41.148700 0.000000 7.443927 98.038456 -0.000000 1.498249 0.038622 
2531 41.264489 0.000000 7.552396 98.112497 0.000000 1.519881 0.037163 
2532 41.264489 0.000000 7.660864 98.120247 0.000000 1.516932 0.037012 
2533 41.148700 0.000000 7.660864 98.091145 -0.000000 1.506883 0.037586 
2534 41.264489 0.000000 7.769332 98.125257 0.000000 1.514762 0.036914 
2535 42.538164 0.000000 8.420143 98.600647 0.000000 1.894762 0.027432 
2536 42.538164 0.000000 8.203206 98.608660 0.000000 1.899417 0.027272 
2537 42.769742 0.000000 8.420143 98.594420 0.780344 2.066844 0.027426 
2538 41.959221 0.000000 7.877801 98.157668 0.000000 1.583342 0.036257 
2539 41.959221 0.000000 7.769332 98.175614 0.000000 1.573946 0.035907 
2540 42.075010 0.000000 7.877801 98.126854 0.000000 1.597032 0.036857 
2541 41.496066 0.000000 8.311674 98.344154 0.000000 1.598972 0.032587 
2542 41.380277 0.000000 8.311674 98.313129 -0.000000 1.540796 0.033215 
2543 41.496066 0.000000 8.420143 98.352469 0.000000 1.595231 0.032425 
2544 42.538164 0.000000 9.287890 99.030647 0.790615 2.080941 0.018798 
2545 42.769742 0.000000 9.287890 98.998291 0.761455 2.142306 0.019417 
2546 42.538164 0.000000 9.504827 99.103801 0.415419 2.177374 0.017352 
2547 41.959221 0.000000 8.745548 98.547380 0.000000 1.809212 0.028514 
2548 41.843432 0.000000 8.745548 98.517156 0.000000 1.765999 0.029125 
2549 41.959221 0.000000 8.637080 98.572012 0.000000 1.852674 0.028013 
2550 61.759089 0.000000 -0.908138 99.512994 -0.172020 5.775975 0.006377 
2551 61.759089 0.000000 -4.379127 99.566788 -0.139961 5.367710 0.005762 
2552 65.464328 0.000000 -0.908138 99.615819 -0.140947 5.804975 0.004297 
2553 59.906470 0.000000 4.298344 99.496096 -0.041426 4.863968 0.007687 
2554 59.906470 0.000000 2.562850 99.454440 -0.273663 5.496314 0.007853 
2555 61.759089 0.000000 4.298344 99.561713 0.037446 4.855337 0.006389 
2556 63.611709 0.000000 4.298344 99.617587 0.163323 4.839796 0.005289 
2557 63.611709 0.000000 2.562850 99.566267 -0.250169 5.636559 0.005473 
2558 65.464328 0.000000 4.298344 99.684048 0.292997 4.364946 0.004395 
2559 52.495993 0.000000 11.240321 99.353632 0.338370 4.161147 0.011143 
2560 52.495993 0.000000 12.975815 99.375342 0.316517 4.548935 0.010375 
2561 59.906470 0.000000 11.240321 99.606558 0.300381 4.223144 0.006061 
2562 59.906470 0.000000 12.975815 99.615884 0.240184 4.572198 0.005571 
2563 69.169567 0.000000 -0.908138 99.676815 -0.151493 5.641881 0.003268 
2564 69.169567 0.000000 -4.379127 99.704029 -0.112970 5.362290 0.003034 
2565 72.874805 0.000000 -0.908138 99.716959 -0.159777 5.551892 0.002568 
2566 2.475272 0.000000 12.975815 99.949963 0.455674 7.896049 -0.005255 
2567 -1.229966 0.000000 12.975815 99.470723 0.272513 7.288803 0.005237 
2568 2.475272 0.000000 16.446803 100.018476 0.093928 7.232137 -0.005601 
2569 -4.935205 0.000000 12.975815 99.548936 -0.005273 7.227702 0.003777 
2570 -8.640443 0.000000 12.975815 99.872119 -0.011893 7.352426 -0.002850 
2571 -4.935205 0.000000 16.446803 100.181735 0.076289 7.282989 -0.008943 
2572 0.622653 0.000000 4.298344 96.706767 0.088627 10.103002 0.054572 
2573 -1.229966 0.000000 4.298344 97.046737 0.305962 9.167759 0.049779 
2574 0.622653 0.000000 6.033838 97.793856 0.172731 9.310923 0.034964 
2575 -0.303657 0.000000 -0.040391 88.613844 0.174757 15.221850 0.191585 
2576 -1.229966 0.000000 -0.040391 90.805373 0.333129 10.905789 0.163534 
2577 -0.303657 0.000000 0.827356 92.229101 0.182484 12.676920 0.133306 
2578 1.548963 0.000000 1.695103 93.553157 0.144746 14.608589 0.103438 
2579 0.622653 0.000000 1.695103 93.823374 0.124786 13.027299 0.102745 
2580 1.548963 0.000000 2.562850 94.852157 0.157584 12.964111 0.083498 
2581 -0.303657 0.000000 1.695103 94.134802 0.273935 11.383823 0.100897 
2582 -1.229966 0.000000 1.695103 94.663128 0.299852 10.127932 0.093623 
2583 -0.303657 0.000000 2.562850 95.294293 0.281089 10.446901 0.080978 
2584 -3.082586 0.000000 4.298344 97.470939 0.257107 8.107613 0.043362 
2585 -4.935205 0.000000 4.298344 97.989590 0.088545 7.319615 0.034446 
2586 -3.082586 0.000000 6.033838 98.151483 0.133469 7.940289 0.030322 
2587 -2.156276 0.000000 -0.040391 93.162857 0.344910 8.643817 0.124585 
2588 -3.082586 0.000000 -0.040391 94.858006 0.301871 7.518567 0.094534 
2589 -2.156276 0.000000 0.827356 94.407518 0.366052 8.971702 0.100660 
2590 -2.156276 0.000000 1.695103 95.415421 0.376684 9.004342 0.081468 
2591 -3.082586 0.000000 1.695103 96.091295 0.324110 8.079021 0.070109 
2592 -2.156276 0.000000 2.562850 96.181451 0.378682 8.908502 0.066962 
2593 8.959440 0.000000 -1.775885 -12.059186 0.129818 -0.686922 0.985409 
2594 8.959440 0.000000 -0.908138 -11.928242 0.183841 -0.631370 0.985728 
2595 8.959440 0.000000 -0.040391 -11.635532 0.164769 -0.543462 0.986429 
2596 9.885749 0.000000 -0.040391 -12.023671 0.081612 0.206304 0.985538 
2597 8.959440 0.000000 0.827356 -11.204967 0.145226 -0.382225 0.987428 
2598 8.959440 0.000000 1.695103 97.016783 -0.264227 47.260132 -0.164585 
2599 9.885749 0.000000 1.695103 -11.493951 0.101533 0.691824 0.986740 
2600 8.959440 0.000000 2.562850 101.986553 -0.348147 43.911804 -0.232962 
2601 8.959440 0.000000 -5.246874 101.319948 -0.531041 4.327687 -0.028474 
2602 8.033130 0.000000 -5.246874 102.618333 -0.328133 2.576985 -0.053727 
2603 8.959440 0.000000 -6.114621 100.631948 -0.635968 4.041570 -0.014353 
2604 7.106821 0.000000 -5.246874 102.540201 -0.393173 0.055273 -0.051465 
2605 6.180511 0.000000 -5.246874 100.961433 -0.260726 -1.980740 -0.019720 
2606 7.106821 0.000000 -6.114621 101.045199 -0.299618 1.646692 -0.021293 
2607 19.148846 0.000000 7.769332 101.971493 -0.219285 5.622685 -0.042985 
2608 17.296227 0.000000 7.769332 101.951723 -0.533814 6.314411 -0.043431 
2609 19.148846 0.000000 9.504827 101.815646 -0.396898 5.971187 -0.040224 
2610 15.443607 0.000000 7.769332 101.524735 -0.540830 6.627195 -0.035148 
2611 13.590988 0.000000 7.769332 101.794049 -0.309180 7.562852 -0.041932 
2612 15.443607 0.000000 9.504827 101.362754 0.101696 6.706075 -0.031939 
2613 10.812059 0.000000 -0.040391 -11.830950 -0.195875 0.605824 0.985962 
2614 11.738369 0.000000 -0.040391 -11.629696 -0.301770 1.124350 0.986339 
2615 10.812059 0.000000 0.827356 -11.462974 -0.114194 0.619631 0.986820 
2616 12.664678 0.000000 -0.040391 -11.002348 -0.481608 1.785191 0.987553 
2617 13.590988 0.000000 -0.040391 -9.949550 -0.011133 2.056321 0.989678 
2618 12.664678 0.000000 0.827356 -10.435926 -0.458460 1.256362 0.988930 
2619 12.664678 0.000000 1.695103 -9.745634 -0.556963 0.878202 0.990394 
2620 11.738369 0.000000 1.695103 -11.062568 -0.293074 0.680598 0.987707 
2621 13.590988 0.000000 1.695103 -9.040487 0.021852 0.354016 0.991814 
2622 10.812059 0.000000 1.695103 -11.568505 0.140415 0.535156 0.986586 
2623 10.812059 0.000000 2.562850 113.882572 -0.483592 3.852414 -0.298432 
2624 14.517298 0.000000 -0.040391 -8.980095 -0.041269 1.953252 0.991554 
2625 15.443607 0.000000 -0.040391 -8.343974 0.013945 1.729238 0.992739 
2626 14.517298 0.000000 0.827356 -8.935648 -0.051776 1.374318 0.991826 
2627 16.369917 0.000000 -0.040391 -8.245398 0.075216 1.278801 0.993037 
2628 17.296227 0.000000 -0.040391 -8.102571 0.323721 1.186478 0.993284 
2629 16.369917 0.000000 0.827356 -8.495393 0.026957 1.152037 0.992650 
2630 16.369917 0.000000 1.695103 -8.453009 0.027684 0.971890 0.992760 
2631 15.443607 0.000000 1.695103 -8.499156 0.027085 1.406157 0.992579 
2632 17.296227 0.000000 1.695103 -8.731374 0.355512 0.639568 0.992323 
2633 14.517298 0.000000 1.695103 -9.050946 -0.017022 0.926824 0.991722 
2634 18.222536 0.000000 -0.040391 -8.356345 0.315140 0.891595 0.992928 
2635 19.148846 0.000000 -0.040391 -8.889223 0.213903 0.317353 0.992084 
2636 18.222536 0.000000 0.827356 -8.508059 0.272589 0.887014 0.992675 
2637 18.222536 0.000000 1.695103 -8.886380 0.292820 0.828324 0.992026 
2638 19.148846 0.000000 1.695103 -8.819962 0.031654 0.617514 0.992183 
2639 28.643520 0.000000 2.345913 102.442182 -0.140256 10.409821 -0.060278 
2640 28.643520 0.000000 2.128976 99.132953 -0.147529 13.893679 -0.002040 
2641 28.875097 0.000000 2.345913 103.376999 -0.126364 8.515895 -0.075934 
2642 28.527731 0.000000 2.671318 102.303127 -0.113807 14.971855 -0.069010 
2643 28.527731 0.000000 2.562850 105.984293 -0.109680 12.292546 -0.138379 
2644 28.643520 0.000000 2.671318 106.281571 -0.098705 33.418776 -0.241260 
2645 28.759308 0.000000 2.671318 105.149191 -0.127767 33.400475 -0.217196 
2646 28.759308 0.000000 2.562850 102.015730 -0.146518 31.106591 -0.137485 
2647 28.875097 0.000000 2.671318 101.128173 -0.139110 29.720296 -0.111022 
2648 26.559323 0.000000 11.240321 101.167174 -0.239691 3.877753 -0.024989 
2649 24.706704 0.000000 11.240321 102.029996 -0.030980 4.226853 -0.042799 
2650 26.559323 0.000000 12.975815 101.332484 0.123901 4.429225 -0.028791 
2651 27.948787 0.000000 4.732218 101.681751 -0.120111 0.746610 -0.033975 
2652 27.485633 0.000000 4.732218 102.123515 -0.144457 0.475017 -0.042946 
2653 27.948787 0.000000 5.166091 101.738906 -0.388490 0.889443 -0.035175 
2654 23.780394 0.000000 -0.040391 -12.131446 -0.002652 -2.292852 0.984757 
2655 22.854084 0.000000 -0.040391 -10.879086 -0.271249 -1.923945 0.987787 
2656 23.780394 0.000000 0.827356 -12.179582 0.016261 -1.794033 0.984844 
2657 23.780394 0.000000 1.695103 -12.002606 0.043529 -1.444723 0.985385 
2658 22.854084 0.000000 1.695103 -11.121687 -0.110699 -0.544563 0.987600 
2659 23.780394 0.000000 2.562850 107.789939 -0.054779 -1.026166 -0.161973 
2660 33.969800 0.000000 -6.114621 98.545670 0.038536 9.580061 0.019697 
2661 33.969800 0.000000 -7.850115 99.195887 -0.205758 8.468694 0.008841 
2662 35.822419 0.000000 -6.114621 98.222254 -0.374901 9.302214 0.026572 
2663 29.338252 0.000000 -3.511380 98.253594 -0.393063 12.170171 0.019796 
2664 29.338252 0.000000 -4.379127 98.698084 -0.353852 11.609515 0.012378 
2665 30.264562 0.000000 -3.511380 99.849201 -0.074159 12.506217 -0.012627 
2666 31.190871 0.000000 -1.775885 103.085708 -0.063666 17.699216 -0.093993 
2667 31.190871 0.000000 -2.643632 103.618512 -0.052635 16.653691 -0.101414 
2668 32.117181 0.000000 -1.775885 102.670934 -0.000936 22.776156 -0.106007 
2669 33.506645 0.000000 2.996724 93.283025 -0.117180 3.096174 0.128868 
2670 33.506645 0.000000 3.430597 92.778298 -0.027927 -2.447913 0.138619 
2671 32.580336 0.000000 3.864471 101.234285 -0.021503 -3.591697 -0.026128 
2672 33.043491 0.000000 3.864471 98.019421 -0.016889 -4.344714 0.037332 
2673 32.580336 0.000000 4.298344 100.740343 -0.029791 -2.596104 -0.015536 
2674 54.348612 0.000000 -7.850115 99.400553 -0.166917 5.640275 0.008769 
2675 54.348612 0.000000 -11.321103 99.540774 -0.139835 5.882509 0.005701 
2676 58.053851 0.000000 -7.850115 99.522017 -0.139118 5.562165 0.006441 
2677 61.759089 0.000000 -7.850115 99.613633 -0.110451 5.541733 0.004640 
2678 61.759089 0.000000 -11.321103 99.673787 -0.101615 5.752411 0.003204 
2679 65.464328 0.000000 -7.850115 99.668849 -0.135753 5.498700 0.003587 
2680 48.790754 0.000000 0.827356 98.190131 -0.425513 6.289236 0.031896 
2681 48.790754 0.000000 -0.908138 98.285763 -0.405901 6.245461 0.030074 
2682 50.643374 0.000000 0.827356 98.631795 -0.340794 6.340009 0.023146 
2683 38.138194 0.000000 2.996724 106.005616 0.147869 -8.073612 -0.130240 
2684 37.675039 0.000000 2.996724 112.088122 0.097632 -4.991868 -0.258868 
2685 38.138194 0.000000 2.562850 100.202665 0.530968 -25.293007 -0.068059 
2686 37.675039 0.000000 -6.114621 98.007270 -0.225921 8.712334 0.031862 
2687 37.675039 0.000000 -7.850115 98.651840 -0.045404 7.895178 0.020548 
2688 39.527658 0.000000 -6.114621 97.944388 -0.144868 7.953136 0.034362 
2689 42.769742 0.000000 3.864471 95.029073 -0.543230 0.924054 0.096833 
2690 43.232897 0.000000 3.864471 95.449149 -0.627997 1.674546 0.088626 
2691 42.769742 0.000000 4.298344 95.828912 -0.537578 1.143833 0.081522 
2692 20.075156 0.000000 -1.775885 -9.187276 -0.141148 -0.483162 0.991534 
2693 20.075156 0.000000 -0.908138 -9.109754 -0.151348 -0.287117 0.991691 
2694 27.485633 0.000000 -5.246874 99.028994 -0.478221 12.424969 0.003865 
2695 27.485633 0.000000 -6.114621 100.002884 -0.458447 10.887444 -0.011932 
2696 28.411942 0.000000 -5.246874 99.049080 -0.415774 11.289516 0.006165 
2697 39.296081 0.000000 4.515281 98.436414 0.067608 -1.301747 0.030857 
2698 39.064503 0.000000 4.515281 99.011249 0.095765 -1.768628 0.019364 
2699 39.296081 0.000000 4.732218 98.098136 0.076115 -1.044184 0.037566 
2700 39.296081 0.000000 4.949154 97.368705 -0.000000 -0.205632 0.051929 
2701 39.064503 0.000000 4.949154 97.508494 0.000000 -0.384872 0.049195 
2702 39.296081 0.000000 5.166091 97.393705 -0.000000 -0.031143 0.051447 
2703 42.769742 0.000000 4.732218 96.415854 -0.266093 1.369731 0.070204 
2704 43.232897 0.000000 4.732218 96.534225 -0.323643 1.878460 0.067751 
2705 42.769742 0.000000 5.166091 96.870199 -0.334847 1.575648 0.061357 
2706 42.769742 0.000000 5.599965 97.220496 -0.365220 1.704752 0.054514 
2707 43.232897 0.000000 5.599965 97.275300 -0.388306 2.049695 0.053316 
2708 29.569829 0.000000 2.779787 96.191159 -0.081098 -1.652191 0.074452 
2709 29.569829 0.000000 2.562850 100.456164 -0.110048 1.443701 -0.009354 
2710 29.801407 0.000000 2.779787 96.545660 -0.107949 6.461287 0.063718 
2711 30.032984 0.000000 2.779787 169.445025 -0.102293 -14.637269 -1.892588 
2712 30.032984 0.000000 2.562850 105.075627 -0.120424 8.036303 -0.110548 
2713 30.264562 0.000000 2.779787 341.650029 -0.118737 -90.056299 -11.483489 
2714 29.106675 0.000000 2.345913 102.843862 -0.115012 6.229714 -0.061568 
2715 29.106675 0.000000 2.128976 104.062676 -0.153629 8.151936 -0.089552 
2716 29.338252 0.000000 2.345913 100.781507 -0.134464 -1.812159 -0.016021 
2717 28.990886 0.000000 2.671318 101.081678 -0.141024 24.927732 -0.083892 
2718 28.990886 0.000000 2.562850 100.539013 -0.143416 20.851474 -0.054290 
2719 29.106675 0.000000 2.671318 99.735718 -0.136242 16.360707 -0.021490 
2720 28.643520 0.000000 3.647534 101.929063 -0.064592 12.604796 -0.054842 
2721 28.411942 0.000000 3.647534 100.122785 -0.074228 13.814492 -0.021542 
2722 28.643520 0.000000 3.864471 101.994950 -0.046110 12.763301 -0.056587 
2723 29.106675 0.000000 4.081407 108.866285 -0.000000 9.358877 -0.193946 
2724 28.875097 0.000000 4.081407 98.960828 -0.048314 14.566364 -0.000543 
2725 29.106675 0.000000 4.298344 98.330041 -0.000000 -3.045402 0.032193 
2726 28.643520 0.000000 4.081407 98.432003 -0.057145 17.043149 0.002067 
2727 28.411942 0.000000 4.081407 87.495839 -0.087138 22.576346 0.183478 
2728 28.643520 0.000000 4.298344 102.074334 -0.195165 1.644000 -0.042191 
2729 30.496139 0.000000 2.779787 329.323234 -0.163480 -92.930479 -10.708989 
2730 30.496139 0.000000 2.562850 232.056622 -0.162232 -52.492632 -4.660578 
2731 30.727716 0.000000 2.779787 303.513072 -0.137123 -90.514509 -9.031308 
2732 40.222390 0.000000 7.986269 97.652527 0.000000 1.157409 0.046264 
2733 39.990813 0.000000 7.986269 97.484075 -0.000000 1.103300 0.049564 
2734 40.222390 0.000000 7.769332 97.595213 0.000000 1.228646 0.047366 
2735 38.138194 0.000000 6.467712 97.614041 -0.000000 1.370337 0.046962 
2736 37.675039 0.000000 6.467712 97.717639 -0.000000 1.655985 0.044852 
2737 33.043491 0.000000 6.901585 99.889562 0.209595 1.537898 0.001967 
2738 32.117181 0.000000 6.901585 100.144933 -0.005002 1.497862 -0.003125 
2739 33.043491 0.000000 7.769332 99.972850 0.156868 2.093873 0.000102 
2740 33.043491 0.000000 8.637080 99.967017 -0.019916 2.549228 0.000010 
2741 32.117181 0.000000 8.637080 100.274023 0.228939 2.489238 -0.006113 
2742 33.043491 0.000000 9.504827 100.005800 -0.248446 3.008928 -0.001028 
2743 33.043491 0.000000 10.372574 100.364656 -0.269801 3.141135 -0.008300 
2744 32.117181 0.000000 10.372574 100.252193 -0.055832 3.437770 -0.006232 
2745 33.043491 0.000000 11.240321 100.577017 -0.097575 3.426122 -0.012748 
2746 37.211884 0.000000 6.467712 97.837858 -0.000000 1.805062 0.042450 
2747 36.748729 0.000000 6.467712 98.025530 -0.000000 1.955684 0.038717 
2748 37.211884 0.000000 6.033838 97.853488 -0.000000 1.415861 0.042269 
2749 41.148700 0.000000 3.647534 109.593965 -0.201679 -13.334849 -0.218870 
2750 41.148700 0.000000 3.430597 106.324552 -0.235160 -0.311619 -0.130506 
2751 41.380277 0.000000 3.647534 109.586686 -0.202869 -13.361509 -0.218781 
2752 40.801334 0.000000 4.189876 102.092840 -0.022453 -4.132390 -0.044003 
2753 40.801334 0.000000 4.081407 103.675074 -0.072945 -6.199791 -0.078696 
2754 40.917122 0.000000 4.189876 104.397249 -0.034316 -5.791378 -0.093233 
2755 40.685545 0.000000 2.779787 107.032217 -0.124472 -0.566843 -0.145623 
2756 40.685545 0.000000 2.562850 106.554769 -0.104631 0.835075 -0.135463 
2757 40.917122 0.000000 2.779787 106.938723 -0.135248 -0.857041 -0.143664 
2758 41.148700 0.000000 3.213660 106.018048 -0.117846 0.115894 -0.123985 
2759 41.148700 0.000000 2.996724 106.397613 -0.133346 -0.373798 -0.132061 
2760 41.380277 0.000000 3.213660 106.209116 -0.237097 0.862541 -0.128118 
2761 40.569756 0.000000 4.840686 97.637081 0.000000 -0.392711 0.046685 
2762 40.453968 0.000000 4.840686 97.618557 0.000000 -0.371361 0.047048 
2763 40.569756 0.000000 4.949154 97.536896 0.000000 -0.145521 0.048653 
2764 40.569756 0.000000 5.057623 97.468175 0.000000 0.065167 0.049995 
2765 40.453968 0.000000 5.057623 97.464108 0.000000 0.066875 0.050074 
2766 40.569756 0.000000 5.166091 97.457935 0.000000 0.135771 0.050193 
2767 39.759235 0.000000 5.383028 97.262071 -0.000000 0.359293 0.053996 
2768 39.527658 0.000000 5.383028 97.269673 -0.000000 0.296392 0.053852 
2769 39.759235 0.000000 5.599965 97.235692 -0.000000 0.638493 0.054481 
2770 39.759235 0.000000 5.816902 97.250389 -0.000000 0.718064 0.054185 
2771 39.527658 0.000000 5.816902 97.299260 0.000000 0.685197 0.053238 
2772 39.759235 0.000000 6.033838 97.321726 -0.000000 0.844592 0.052777 
2773 40.338179 0.000000 4.840686 97.637826 0.000000 -0.392355 0.046670 
2774 40.222390 0.000000 4.840686 97.598853 0.000000 -0.243795 0.047440 
2775 40.338179 0.000000 4.949154 97.531340 0.000000 -0.067457 0.048763 
2776 40.338179 0.000000 5.057623 97.475200 0.000000 0.051754 0.049858 
2777 40.222390 0.000000 5.057623 97.495981 -0.000000 0.036744 0.049453 
2778 40.338179 0.000000 5.166091 97.433146 -0.000000 0.131283 0.050676 
2779 41.611855 0.000000 5.383028 97.111452 -0.226177 0.755410 0.056874 
2780 41.611855 0.000000 5.166091 96.961321 -0.309678 0.547084 0.059811 
2781 41.843432 0.000000 5.383028 97.063690 -0.218371 0.910805 0.057776 
2782 41.032911 0.000000 5.925370 97.499603 0.000000 0.940486 0.049294 
2783 40.917122 0.000000 5.925370 97.476196 0.000000 0.917022 0.049755 
2784 41.148700 0.000000 5.925370 97.518836 0.000000 0.967493 0.048914 
2785 42.075010 0.000000 6.250775 97.583723 -0.402761 1.503310 0.047499 
2786 42.075010 0.000000 6.033838 97.468005 -0.270941 1.430688 0.049787 
2787 42.306587 0.000000 6.250775 97.580530 -0.391408 1.641531 0.047519 
2788 39.759235 0.000000 6.250775 97.433497 -0.000000 1.030971 0.050565 
2789 39.527658 0.000000 6.250775 97.395987 0.000000 1.013058 0.051300 
2790 39.759235 0.000000 6.467712 97.492317 0.000000 1.080492 0.049408 
2791 39.759235 0.000000 6.684649 97.485637 0.000000 1.180203 0.049516 
2792 39.527658 0.000000 6.684649 97.428815 0.000000 1.166309 0.050627 
2793 39.759235 0.000000 6.901585 97.448885 0.000000 1.230122 0.050220 
2794 41.727643 0.000000 6.576180 97.403713 0.000000 1.371416 0.051064 
2795 41.727643 0.000000 6.467712 97.420677 0.000000 1.371427 0.050733 
2796 41.843432 0.000000 6.576180 97.420678 0.000000 1.371424 0.050733 
2797 41.959221 0.000000 7.660864 98.169239 0.000000 1.568506 0.036034 
2798 41.959221 0.000000 7.552396 98.169480 0.000000 1.558090 0.036033 
2799 42.075010 0.000000 7.660864 98.169199 0.000000 1.568538 0.036035 
2800 41.032911 0.000000 7.443927 97.958668 -0.000000 1.452365 0.040199 
2801 40.917122 0.000000 7.443927 97.867799 -0.000000 1.418418 0.041988 
2802 41.032911 0.000000 7.552396 97.980167 -0.000000 1.451532 0.039778 
2803 41.032911 0.000000 7.660864 98.018506 -0.000000 1.468832 0.039022 
2804 40.917122 0.000000 7.660864 97.931666 -0.000000 1.416135 0.040738 
2805 41.032911 0.000000 7.769332 98.034036 -0.000000 1.457263 0.038720 
2806 42.538164 0.000000 7.986269 98.389796 -0.282696 1.892432 0.031579 
2807 42.538164 0.000000 7.769332 98.298525 -0.063826 1.865138 0.033392 
2808 42.769742 0.000000 7.986269 98.406805 -0.258319 1.998413 0.031204 
2809 41.959221 0.000000 8.528611 98.511324 0.000000 1.803641 0.029227 
2810 41.843432 0.000000 8.528611 98.472213 0.000000 1.760187 0.030013 
2811 42.075010 0.000000 8.528611 98.517880 0.000000 1.825346 0.029090 
2812 41.727643 0.000000 8.528611 98.437064 0.000000 1.711828 0.030721 
2813 41.611855 0.000000 8.528611 98.400684 0.000000 1.641363 0.031461 
2814 41.727643 0.000000 8.637080 98.470731 0.000000 1.733749 0.030051 
2815 41.496066 0.000000 8.528611 98.371512 0.000000 1.596675 0.032050 
2816 41.380277 0.000000 8.528611 98.347936 -0.000000 1.530295 0.032534 
2817 41.496066 0.000000 8.637080 98.410691 -0.000000 1.595612 0.031279 
2818 41.727643 0.000000 8.745548 98.493018 0.000000 1.714400 0.029619 
2819 41.611855 0.000000 8.745548 98.451615 0.000000 1.639998 0.030459 
2820 41.727643 0.000000 8.854016 98.478560 -0.000000 1.694494 0.029910 
2821 41.727643 0.000000 8.962485 98.473136 -0.000000 1.685612 0.030020 
2822 41.611855 0.000000 8.962485 98.432805 -0.000000 1.591410 0.030845 
2823 41.727643 0.000000 9.070953 98.475312 -0.000000 1.687233 0.029977 
2824 69.169567 0.000000 -7.850115 99.710478 -0.135461 5.483692 0.002773 
2825 69.169567 0.000000 -11.321103 99.719238 -0.113820 5.656080 0.002407 
2826 72.874805 0.000000 -7.850115 99.742528 -0.099871 5.468528 0.002151 
2827 33.043491 0.000000 -1.775885 103.146897 0.023727 23.843557 -0.120780 
2828 33.043491 0.000000 -2.643632 102.734581 0.042477 26.582668 -0.126103 
2829 33.969800 0.000000 -1.775885 101.835091 0.072361 27.580379 -0.113107 
2830 29.569829 0.000000 2.345913 102.024726 -0.133515 4.481282 -0.042914 
2831 29.569829 0.000000 2.128976 107.291237 -0.148753 -2.317289 -0.151680 
2832 29.801407 0.000000 2.345913 102.937737 -0.137099 4.521111 -0.061664 
2833 29.338252 0.000000 -5.246874 99.009324 0.112486 10.999610 0.007615 
2834 29.338252 0.000000 -6.114621 99.316913 0.271044 10.169207 0.003266 
2835 30.264562 0.000000 -5.246874 99.180223 0.219034 10.687219 0.004902 
2836 32.580336 0.000000 4.732218 100.427098 -0.021778 -1.846327 -0.008901 
2837 33.043491 0.000000 4.732218 101.235048 -0.137185 -4.847369 -0.027205 
2838 32.580336 0.000000 5.166091 99.567600 0.194456 -0.213090 0.008621 
2839 52.495993 0.000000 0.827356 98.891240 -0.232946 6.467124 0.017864 
2840 52.495993 0.000000 -0.908138 98.946393 -0.279613 6.123453 0.017204 
2841 54.348612 0.000000 0.827356 99.088249 -0.166274 6.433054 0.014011 
2842 39.296081 0.000000 5.383028 97.328234 0.000000 0.263415 0.052715 
2843 39.064503 0.000000 5.383028 97.420666 0.000000 0.204647 0.050917 
2844 39.296081 0.000000 5.599965 97.332634 0.000000 0.520325 0.052609 
2845 39.296081 0.000000 5.816902 97.334215 0.000000 0.735346 0.052551 
2846 39.064503 0.000000 5.816902 97.342915 -0.000000 0.709607 0.052385 
2847 39.296081 0.000000 6.033838 97.324310 0.000000 0.842064 0.052727 
2848 40.222390 0.000000 7.118522 97.514690 -0.000000 1.269209 0.048927 
2849 39.990813 0.000000 7.118522 97.470460 0.000000 1.264496 0.049791 
2850 40.222390 0.000000 7.335459 97.519844 -0.000000 1.262859 0.048829 
2851 40.222390 0.000000 7.552396 97.565983 -0.000000 1.253763 0.047931 
2852 39.990813 0.000000 7.552396 97.431036 0.000000 1.235199 0.050567 
2853 41.264489 0.000000 7.877801 98.159255 0.000000 1.516655 0.036246 
2854 41.148700 0.000000 7.877801 98.106861 -0.000000 1.483203 0.037284 
2855 41.264489 0.000000 7.986269 98.186721 -0.000000 1.493692 0.035714 
2856 41.264489 0.000000 8.094738 98.220386 -0.000000 1.474112 0.035058 
2857 41.148700 0.000000 8.094738 98.164038 -0.000000 1.401452 0.036186 
2858 41.264489 0.000000 8.203206 98.232087 -0.000000 1.468449 0.034830 
2859 41.264489 0.000000 8.311674 98.260801 -0.000000 1.482675 0.034262 
2860 41.148700 0.000000 8.311674 98.187435 -0.000000 1.375370 0.035734 
2861 41.264489 0.000000 8.420143 98.278389 -0.000000 1.466150 0.033921 
2862 41.264489 0.000000 8.528611 98.295190 -0.000000 1.439637 0.033598 
2863 41.148700 0.000000 8.528611 98.212138 -0.000000 1.322666 0.035263 
2864 41.264489 0.000000 8.637080 98.311216 -0.000000 1.396757 0.033295 
2865 41.032911 0.000000 8.528611 98.128448 -0.000000 1.207443 0.036935 
2866 40.917122 0.000000 8.528611 98.061297 -0.000000 1.139872 0.038268 
2867 41.032911 0.000000 8.420143 98.123126 -0.000000 1.252966 0.037028 
2868 39.296081 0.000000 6.250775 97.372831 0.000000 1.006785 0.051752 
2869 39.064503 0.000000 6.250775 97.384093 -0.000000 1.022638 0.051529 
2870 39.296081 0.000000 6.467712 97.382466 -0.000000 1.078165 0.051549 
2871 39.296081 0.000000 6.684649 97.371840 -0.000000 1.202570 0.051728 
2872 39.064503 0.000000 6.684649 97.424492 -0.000000 1.267287 0.050686 
2873 39.296081 0.000000 6.901585 97.307427 -0.000000 1.290826 0.052960 
2874 5.254201 0.000000 -5.246874 99.110057 -0.070021 -2.129770 0.017266 
2875 4.327892 0.000000 -5.246874 97.960734 -0.156141 -0.921187 0.040282 
2876 5.254201 0.000000 -6.114621 99.370550 -0.068433 0.121670 0.012547 
2877 3.401582 0.000000 -5.246874 97.720653 -0.040179 0.263771 0.045060 
2878 2.475272 0.000000 -5.246874 97.914733 0.027225 0.861192 0.041196 
2879 3.401582 0.000000 -6.114621 98.342185 -0.052505 1.336958 0.032702 
2880 11.738369 0.000000 7.769332 101.896620 0.473435 8.540202 -0.045608 
2881 9.885749 0.000000 7.769332 101.770723 0.332165 9.729042 -0.045204 
2882 11.738369 0.000000 9.504827 101.372289 0.339616 8.224342 -0.034410 
2883 8.033130 0.000000 7.769332 100.925759 0.008225 10.626955 -0.029894 
2884 6.180511 0.000000 7.769332 99.919652 0.146313 10.664197 -0.009768 
2885 8.033130 0.000000 9.504827 100.575493 0.206277 9.279665 -0.020158 
2886 10.812059 0.000000 3.430597 113.846195 -0.484833 3.728018 -0.297509 
2887 9.885749 0.000000 3.430597 114.496636 -0.411583 17.720529 -0.342367 
2888 10.812059 0.000000 4.298344 108.622019 -0.317839 9.471745 -0.188856 
2889 20.075156 0.000000 -0.040391 -9.066660 -0.157743 -0.148285 0.991775 
2890 21.001465 0.000000 -0.040391 -9.710813 -0.190617 -0.183043 0.990563 
2891 20.075156 0.000000 0.827356 -9.136593 0.075539 0.137303 0.991650 
2892 20.075156 0.000000 1.695103 -9.030519 0.087382 0.256956 0.991838 
2893 21.001465 0.000000 1.695103 -10.053623 -0.159724 0.055222 0.989890 
2894 23.780394 0.000000 3.430597 107.677822 -0.061665 -1.008994 -0.159554 
2895 22.854084 0.000000 3.430597 107.426295 -0.088965 -0.001092 -0.154042 
2896 23.780394 0.000000 4.298344 107.762565 -0.048891 -1.829170 -0.161612 
2897 23.780394 0.000000 5.166091 103.677595 0.095358 1.754046 -0.075213 
2898 22.854084 0.000000 5.166091 103.706348 -0.030130 2.598050 -0.076176 
2899 23.780394 0.000000 6.033838 103.036632 0.003663 2.586762 -0.062324 
2900 22.854084 0.000000 11.240321 102.066143 -0.249082 4.549529 -0.043826 
2901 21.001465 0.000000 11.240321 102.219908 -0.009020 5.031503 -0.047423 
2902 22.854084 0.000000 12.975815 101.388770 0.194665 4.888193 -0.030361 
2903 27.022478 0.000000 4.732218 102.192509 -0.293631 -0.107006 -0.044341 
2904 26.559323 0.000000 4.732218 102.585760 -0.306416 -0.218429 -0.052398 
2905 27.022478 0.000000 5.166091 102.163904 -0.116979 0.330499 -0.043759 
2906 28.180365 0.000000 3.647534 95.800419 -0.098060 18.813176 0.046833 
2907 27.948787 0.000000 3.647534 92.750666 -0.071960 12.591386 0.123877 
2908 28.180365 0.000000 3.864471 95.829789 -0.074907 22.386348 0.031550 
2909 28.180365 0.000000 4.081407 87.410119 -0.089104 22.035683 0.187389 
2910 27.948787 0.000000 4.081407 84.711238 -0.109419 14.445675 0.261532 
2911 28.180365 0.000000 4.298344 101.512719 -0.141231 1.194482 -0.030628 
2912 21.927775 0.000000 -0.040391 -10.213954 -0.100385 -0.706858 0.989517 
2913 21.927775 0.000000 0.827356 -10.312702 -0.056743 -0.293885 0.989356 
2914 21.927775 0.000000 1.695103 -10.779211 -0.142520 0.461687 0.988358 
2915 21.927775 0.000000 2.562850 107.093855 -0.057809 0.269708 -0.146917 
2916 31.190871 0.000000 -3.511380 103.097410 -0.078462 19.678293 -0.101632 
2917 31.190871 0.000000 -4.379127 99.420816 0.019465 11.858877 -0.002513 
2918 32.117181 0.000000 -3.511380 99.727630 -0.013490 14.098471 -0.014437 
2919 33.506645 0.000000 3.864471 94.791398 -0.012424 -1.058652 0.101347 
2920 33.969800 0.000000 3.864471 97.570566 -0.005421 1.186187 0.047858 
2921 33.506645 0.000000 4.298344 96.879346 -0.009104 -0.156403 0.061437 
2922 34.432955 0.000000 3.864471 103.127562 -0.025433 2.002359 -0.063930 
2923 34.896110 0.000000 3.864471 106.222053 -0.011908 -1.659260 -0.128588 
2924 34.432955 0.000000 4.298344 100.538229 -0.001675 0.408413 -0.010810 
2925 37.211884 0.000000 2.996724 111.105504 0.153199 8.128778 -0.241053 
2926 37.211884 0.000000 2.562850 114.974220 0.184837 21.213115 -0.366910 
2927 37.211884 0.000000 3.430597 106.191291 0.095552 -0.178111 -0.127663 
2928 37.211884 0.000000 3.864471 102.827745 0.085707 -0.339426 -0.057367 
2929 36.748729 0.000000 3.864471 100.638933 0.022400 -0.271775 -0.012827 
2930 37.211884 0.000000 4.298344 100.534164 0.144379 -1.026935 -0.010819 
2931 36.285574 0.000000 3.864471 97.148302 0.002946 -2.087275 0.055785 
2932 35.822419 0.000000 3.864471 100.180338 0.005627 -4.650517 -0.005773 
2933 36.285574 0.000000 4.298344 99.550559 0.006827 -1.372149 0.008780 
2934 48.790754 0.000000 -2.643632 98.443913 -0.326413 5.688591 0.027633 
2935 48.790754 0.000000 -4.379127 98.615826 -0.291225 5.641425 0.024301 
2936 50.643374 0.000000 -2.643632 98.783827 -0.298778 5.624482 0.021003 
2937 38.138194 0.000000 2.128976 99.372954 0.806140 -16.359979 -0.014328 
2938 37.675039 0.000000 2.128976 105.793100 0.641252 -10.016840 -0.129293 
2939 38.138194 0.000000 1.695103 105.301881 0.230824 7.554871 -0.114562 
2940 41.380277 0.000000 -6.114621 98.019608 -0.258967 7.367113 0.033781 
2941 41.380277 0.000000 -7.850115 98.488833 -0.249072 7.015058 0.025068 
2942 43.232897 0.000000 -6.114621 98.137288 -0.272364 6.764138 0.032324 
2943 40.685545 0.000000 2.345913 106.403689 -0.084002 2.305715 -0.132707 
2944 40.685545 0.000000 2.128976 106.267738 -0.086412 2.853664 -0.130098 
2945 40.917122 0.000000 2.345913 107.062667 -0.092055 -0.639824 -0.146283 
2946 37.211884 0.000000 4.732218 99.148991 0.029089 -0.399185 0.016932 
2947 36.748729 0.000000 4.732218 99.391855 0.015856 -0.381521 0.012111 
2948 37.211884 0.000000 5.166091 98.218524 -0.000000 0.588582 0.035278 
2949 37.211884 0.000000 5.599965 97.909546 -0.000000 1.074864 0.041257 
2950 36.748729 0.000000 5.599965 97.961317 -0.000000 1.044021 0.040249 
2951 31.190871 0.000000 6.901585 100.333236 0.178965 1.593113 -0.006933 
2952 30.264562 0.000000 6.901585 100.778980 0.026567 1.519981 -0.015871 
2953 31.190871 0.000000 7.769332 100.451828 0.131212 2.165140 -0.009527 
2954 31.190871 0.000000 8.637080 100.523808 0.277436 2.580092 -0.011177 
2955 30.264562 0.000000 8.637080 100.585633 0.009750 2.738206 -0.012497 
2956 31.190871 0.000000 9.504827 100.576206 0.322528 2.936800 -0.012430 
2957 41.264489 0.000000 8.745548 98.445033 -0.107234 1.065412 0.030743 
2958 41.380277 0.000000 8.745548 98.352208 -0.000000 1.441752 0.032476 
2959 41.264489 0.000000 8.854016 98.554449 -0.197480 0.897768 0.028618 
2960 41.264489 0.000000 8.962485 98.519715 -0.177255 0.919682 0.029299 
2961 41.380277 0.000000 8.962485 98.337114 -0.000000 1.403359 0.032784 
2962 41.264489 0.000000 9.070953 98.644007 -0.270736 0.729025 0.026876 
2963 39.759235 0.000000 7.986269 97.390316 -0.000000 1.099955 0.051392 
2964 39.527658 0.000000 7.986269 97.271106 -0.000000 1.133436 0.053705 
2965 39.759235 0.000000 7.769332 97.347448 -0.000000 1.191253 0.052206 
2966 40.801334 0.000000 8.528611 98.021889 -0.000000 1.125850 0.039044 
2967 40.685545 0.000000 8.528611 97.869175 -0.000000 1.038748 0.042055 
2968 40.801334 0.000000 8.420143 98.025983 -0.000000 1.161396 0.038956 
2969 40.569756 0.000000 8.528611 97.753860 0.000000 0.962211 0.044326 
2970 40.453968 0.000000 8.528611 97.726517 0.000000 0.963976 0.044860 
2971 40.569756 0.000000 8.420143 97.827562 -0.000000 1.053830 0.042866 
2972 39.296081 0.000000 7.986269 97.098130 -0.000000 1.106531 0.057073 
2973 39.064503 0.000000 7.986269 97.022372 -0.000000 1.243301 0.058511 
2974 39.296081 0.000000 7.769332 97.209869 -0.000000 1.293984 0.054857 
2975 36.285574 0.000000 6.467712 98.158133 -0.000000 2.046657 0.036079 
2976 35.822419 0.000000 6.467712 98.221225 0.000000 2.142731 0.034800 
2977 36.285574 0.000000 6.033838 98.143640 -0.000000 1.654013 0.036509 
2978 40.801334 0.000000 3.972939 105.053273 -0.089599 -7.366590 -0.109046 
2979 40.801334 0.000000 3.864471 105.552875 -0.076487 -7.866873 -0.120330 
2980 40.917122 0.000000 3.972939 105.729572 -0.098015 -7.904832 -0.124124 
2981 41.148700 0.000000 2.779787 106.593943 -0.135328 -0.800385 -0.136293 
2982 41.148700 0.000000 2.562850 107.006713 -0.130359 -1.406860 -0.145243 
2983 41.380277 0.000000 2.779787 106.548781 -0.221773 -0.105317 -0.135270 
2984 40.801334 0.000000 3.756002 105.505996 0.046423 -7.859479 -0.119329 
2985 40.801334 0.000000 3.647534 106.754101 0.005476 -8.990987 -0.147728 
2986 40.917122 0.000000 3.756002 108.176355 -0.160911 -11.159114 -0.182668 
2987 41.611855 0.000000 4.949154 96.788309 -0.397243 0.284633 0.063178 
2988 41.611855 0.000000 4.732218 96.573819 -0.185899 -0.034432 0.067346 
2989 41.843432 0.000000 4.949154 96.697940 -0.394256 0.502225 0.064910 
2990 40.106602 0.000000 4.840686 97.622353 -0.000000 -0.185419 0.046984 
2991 39.990813 0.000000 4.840686 97.543363 -0.000000 -0.171038 0.048526 
2992 40.106602 0.000000 4.949154 97.554865 -0.000000 -0.071766 0.048304 
2993 40.106602 0.000000 5.057623 97.474990 -0.000000 0.077672 0.049862 
2994 39.990813 0.000000 5.057623 97.458285 -0.000000 0.086718 0.050188 
2995 40.106602 0.000000 5.166091 97.473474 -0.000000 0.172074 0.049889 
2996 42.075010 0.000000 5.816902 97.340239 -0.311448 1.339878 0.052299 
2997 42.075010 0.000000 5.599965 97.199380 -0.354871 1.208600 0.055069 
2998 42.306587 0.000000 5.816902 97.341094 -0.308169 1.483068 0.052242 
2999 41.264489 0.000000 5.925370 97.510382 0.000000 0.955483 0.049081 
3000 41.264489 0.000000 5.816902 97.472133 0.000000 0.912505 0.049835 
3001 41.380277 0.000000 5.925370 97.526884 0.000000 0.985685 0.048754 
3002 41.727643 0.000000 6.359243 97.472644 0.000000 1.276993 0.049745 
3003 41.727643 0.000000 6.250775 97.479825 0.000000 1.263979 0.049609 
3004 41.843432 0.000000 6.359243 97.425628 0.000000 1.358908 0.050640 
3005 42.538164 0.000000 7.552396 98.199571 -0.446490 1.863573 0.035317 
3006 42.538164 0.000000 7.335459 98.098102 -0.326420 1.867028 0.037317 
3007 42.769742 0.000000 7.552396 98.225963 -0.425617 1.964433 0.034762 
3008 41.959221 0.000000 7.443927 98.175391 0.000000 1.553015 0.035918 
3009 41.959221 0.000000 7.335459 98.188302 0.000000 1.531697 0.035671 
3010 42.075010 0.000000 7.443927 98.175756 0.000000 1.552642 0.035911 
3011 42.190798 0.000000 8.528611 98.521931 0.000000 1.820348 0.029012 
3012 42.190798 0.000000 8.420143 98.457577 0.000000 1.783053 0.030293 
3013 42.306587 0.000000 8.528611 98.582006 0.000000 1.870333 0.027809 
3014 41.496066 0.000000 8.745548 98.406232 -0.000000 1.546227 0.031382 
3015 41.496066 0.000000 8.854016 98.400658 -0.000000 1.532877 0.031496 
3016 41.496066 0.000000 8.962485 98.397868 -0.000000 1.526223 0.031553 
3017 41.496066 0.000000 9.070953 98.380365 -0.000000 1.495403 0.031907 
3018 19.148846 0.000000 11.240321 101.988854 -0.109980 5.049081 -0.042723 
3019 17.296227 0.000000 11.240321 101.619859 0.452938 6.224287 -0.036554 
3020 19.148846 0.000000 12.975815 101.824639 0.280413 5.540110 -0.039903 
3021 45.085516 0.000000 -6.114621 98.376380 -0.303551 6.286209 0.028248 
3022 45.085516 0.000000 -7.850115 98.684446 -0.295053 6.242934 0.022232 
3023 46.938135 0.000000 -6.114621 98.581151 -0.291977 5.979569 0.024592 
3024 33.043491 0.000000 -3.511380 99.980489 0.093787 33.415976 -0.111273 
3025 33.043491 0.000000 -4.379127 98.850393 0.015225 12.287446 0.007762 
3026 33.969800 0.000000 -3.511380 99.980431 0.093789 33.416060 -0.111273 
3027 34.896110 0.000000 -1.775885 102.238103 0.059299 26.519039 -0.115589 
3028 34.896110 0.000000 -2.643632 99.968548 0.100512 31.288680 -0.097270 
3029 35.822419 0.000000 -1.775885 100.674228 0.077036 29.618146 -0.101254 
3030 30.032984 0.000000 2.345913 104.315896 -0.134133 6.689134 -0.092657 
3031 30.032984 0.000000 2.128976 99.859069 -0.286585 -1.806806 0.002482 
3032 30.264562 0.000000 2.345913 103.433892 -0.164197 3.143930 -0.070848 
3033 31.190871 0.000000 -5.246874 99.336139 -0.150002 10.744110 0.001687 
3034 31.190871 0.000000 -6.114621 99.181643 0.065765 9.741445 0.006810 
3035 32.117181 0.000000 -5.246874 99.080961 -0.141167 10.618910 0.007018 
3036 33.506645 0.000000 4.732218 97.938130 -0.027996 -0.079796 0.040812 
3037 33.969800 0.000000 4.732218 98.168492 -0.010680 0.744506 0.036239 
3038 33.506645 0.000000 5.166091 97.914195 0.000000 1.061767 0.041168 
3039 30.496139 0.000000 2.345913 172.386372 -0.166005 -25.439069 -2.036424 
3040 30.496139 0.000000 2.128976 100.437940 -0.291038 -1.639767 -0.009055 
3041 30.727716 0.000000 2.345913 177.056573 -0.214375 -33.598051 -2.247791 
3042 52.495993 0.000000 -2.643632 99.013026 -0.267928 5.570236 0.016532 
3043 52.495993 0.000000 -4.379127 99.064310 -0.208809 5.484928 0.015613 
3044 54.348612 0.000000 -2.643632 99.182115 -0.179064 5.421087 0.013349 
3045 56.201232 0.000000 0.827356 99.209936 -0.164765 6.716590 0.011225 
3046 56.201232 0.000000 -0.908138 99.273254 -0.180974 6.032666 0.010840 
3047 58.053851 0.000000 0.827356 99.304905 -0.202156 6.730002 0.009320 
3048 39.759235 0.000000 7.118522 97.398343 0.000000 1.248364 0.051200 
3049 39.527658 0.000000 7.118522 97.305384 -0.000000 1.254561 0.053009 
3050 39.759235 0.000000 7.335459 97.364590 -0.000000 1.250423 0.051857 
3051 39.759235 0.000000 7.552396 97.344087 -0.000000 1.223075 0.052263 
3052 39.527658 0.000000 7.552396 97.264476 -0.000000 1.255656 0.053805 
3053 31.190871 0.000000 10.372574 100.458255 -0.273059 3.289762 -0.010276 
3054 30.264562 0.000000 10.372574 100.548421 -0.152776 3.408449 -0.012163 
3055 31.190871 0.000000 11.240321 100.792668 -0.310668 3.438687 -0.017108 
3056 41.032911 0.000000 7.877801 98.046497 -0.000000 1.439744 0.038481 
3057 40.917122 0.000000 7.877801 97.988119 -0.000000 1.405458 0.039635 
3058 41.032911 0.000000 7.986269 98.110954 -0.000000 1.396571 0.037229 
3059 41.032911 0.000000 8.094738 98.150277 -0.000000 1.365052 0.036466 
3060 40.917122 0.000000 8.094738 98.064521 -0.000000 1.281596 0.038171 
3061 41.032911 0.000000 8.203206 98.110297 -0.000000 1.283591 0.037272 
3062 41.032911 0.000000 8.311674 98.123240 -0.000000 1.257755 0.037025 
3063 40.917122 0.000000 8.311674 98.081439 -0.000000 1.229364 0.037852 
3064 39.296081 0.000000 7.118522 97.271677 -0.000000 1.325039 0.053647 
3065 39.064503 0.000000 7.118522 97.264096 -0.000000 1.373999 0.053781 
3066 39.296081 0.000000 7.335459 97.212696 -0.000000 1.334848 0.054791 
3067 39.296081 0.000000 7.552396 97.217455 -0.000000 1.301196 0.054707 
3068 39.064503 0.000000 7.552396 97.076949 -0.000000 1.408619 0.057408 
3069 41.496066 0.000000 5.925370 97.589661 0.000000 1.068790 0.047512 
3070 41.496066 0.000000 5.816902 97.596928 0.000000 1.071955 0.047369 
3071 41.611855 0.000000 5.925370 97.596918 0.000000 1.071901 0.047369 
3072 59.906470 0.000000 0.827356 99.379205 -0.190273 6.767797 0.007793 
3073 59.906470 0.000000 -0.908138 99.449569 -0.181178 5.867710 0.007532 
3074 61.759089 0.000000 0.827356 99.442611 -0.193782 6.736477 0.006575 
3075 33.043491 0.000000 -5.246874 98.844666 -0.157339 10.719600 0.011480 
3076 33.043491 0.000000 -6.114621 99.020547 -0.202504 9.780874 0.009922 
3077 33.969800 0.000000 -5.246874 98.537714 -0.082330 10.524409 0.017955 
1 11 62 60 61 
2 62 10 24 60 
3 60 24 14 63 
4 61 60 63 6 
5 24 66 64 65 
6 66 23 40 64 
7 64 40 27 67 
8 65 64 67 14 
9 40 70 68 69 
10 69 68 71 27 
11 6 63 92 93 
12 63 14 36 92 
13 92 36 19 94 
14 93 92 94 20 
15 14 67 95 96 
16 67 27 52 95 
17 95 52 35 97 
18 96 95 97 36 
19 27 71 98 99 
20 99 98 100 52 
21 68 112 110 111 
22 112 56 80 110 
23 110 80 43 113 
24 111 110 113 71 
25 80 116 114 115 
26 115 114 117 43 
27 12 120 118 119 
28 120 7 121 118 
29 118 121 13 25 
30 119 118 25 10 
31 25 124 122 123 
32 124 13 125 122 
33 122 125 26 41 
34 123 122 41 23 
35 41 128 126 127 
36 128 26 129 126 
37 126 129 42 57 
38 127 126 57 39 
39 39 132 130 131 
40 132 57 133 130 
41 130 133 55 81 
42 131 130 81 56 
43 81 136 134 135 
44 136 55 137 134 
45 56 145 143 144 
46 145 81 135 143 
47 144 143 116 80 
48 116 148 146 147 
49 147 146 149 114 
50 156 158 103 159 
51 157 156 159 101 
52 164 167 142 168 
53 165 164 168 106 
54 135 171 169 170 
55 171 134 172 169 
56 169 172 107 140 
57 170 169 140 79 
58 79 175 173 174 
59 175 140 176 173 
60 138 186 185 167 
61 186 141 187 185 
62 185 187 105 188 
63 167 185 188 142 
64 191 138 192 189 
65 189 192 167 193 
66 190 189 193 164 
67 71 113 194 195 
68 113 43 102 194 
69 194 102 76 196 
70 195 194 196 98 
71 43 117 197 198 
72 197 157 101 199 
73 198 197 199 102 
74 114 149 200 201 
75 201 200 202 117 
76 146 205 203 204 
77 205 139 165 203 
78 203 165 106 206 
79 204 203 206 149 
80 139 209 207 208 
81 209 166 190 207 
82 207 190 164 210 
83 208 207 210 165 
84 140 212 211 176 
85 212 107 213 211 
86 211 213 141 186 
87 176 211 186 138 
88 173 216 214 215 
89 216 176 217 214 
90 214 217 138 191 
91 215 214 191 166 
92 166 220 218 219 
93 220 191 221 218 
94 218 221 189 222 
95 219 218 222 190 
96 105 228 226 227 
97 228 184 229 226 
98 226 229 223 230 
99 227 226 230 162 
100 57 232 231 133 
101 232 42 233 231 
102 231 233 58 89 
103 133 231 89 55 
104 55 235 234 137 
105 235 89 236 234 
106 134 238 237 172 
107 238 137 239 237 
108 182 246 244 245 
109 246 82 247 244 
110 244 247 183 248 
111 245 244 248 181 
112 184 256 255 229 
113 256 108 257 255 
114 255 257 224 258 
115 229 255 258 223 
116 137 260 259 239 
117 260 234 261 259 
118 82 263 262 247 
119 263 241 264 262 
120 262 264 240 265 
121 247 262 265 183 
122 59 254 266 267 
123 254 180 268 266 
124 266 268 249 269 
125 267 266 269 158 
126 224 272 270 271 
127 272 252 273 270 
128 270 273 254 274 
129 271 270 274 59 
130 241 288 287 264 
131 288 178 289 287 
132 287 289 242 290 
133 264 287 290 240 
134 297 299 250 300 
135 268 297 300 249 
136 89 302 301 236 
137 302 58 303 301 
138 234 305 304 261 
139 305 236 306 304 
140 284 313 311 312 
141 313 88 314 311 
142 311 314 285 315 
143 312 311 315 283 
144 318 320 294 321 
145 299 318 321 250 
146 298 324 322 323 
147 324 91 325 322 
148 322 325 299 326 
149 323 322 326 297 
150 333 335 295 336 
151 320 333 336 294 
152 319 339 337 338 
153 339 282 340 337 
154 337 340 320 341 
155 338 337 341 318 
156 5 349 348 335 
157 335 348 351 295 
158 334 354 352 353 
159 354 5 355 352 
160 352 355 335 356 
161 353 352 356 333 
162 7 358 357 121 
163 358 16 359 357 
164 357 359 15 32 
165 121 357 32 13 
166 13 361 360 125 
167 361 32 362 360 
168 360 362 31 48 
169 125 360 48 26 
170 26 364 363 129 
171 364 48 365 363 
172 363 365 47 85 
173 129 363 85 42 
174 42 367 366 233 
175 367 85 368 366 
176 366 368 84 276 
177 233 366 276 58 
178 58 370 369 303 
179 370 276 371 369 
180 15 373 372 33 
181 373 17 374 372 
182 372 374 8 375 
183 33 372 375 18 
184 377 33 378 376 
185 376 378 18 379 
186 18 375 397 45 
187 375 8 398 397 
188 397 398 29 399 
189 45 397 399 28 
190 379 18 401 400 
191 400 401 45 402 
192 330 421 419 420 
193 421 413 422 419 
194 419 422 412 423 
195 420 419 423 350 
196 418 441 439 440 
197 441 428 442 439 
198 416 450 448 449 
199 450 418 440 448 
200 440 457 455 456 
201 457 439 458 455 
202 413 466 464 465 
203 465 464 467 422 
204 448 470 468 469 
205 470 440 456 468 
206 21 46 479 480 
207 46 28 481 479 
208 479 481 30 482 
209 480 479 482 9 
210 37 74 483 484 
211 74 44 485 483 
212 483 485 46 486 
213 484 483 486 21 
214 53 152 487 488 
215 152 72 489 487 
216 487 489 74 490 
217 488 487 490 37 
218 77 293 491 492 
219 293 150 493 491 
220 491 493 152 494 
221 492 491 494 53 
222 495 497 293 498 
223 496 495 498 77 
224 329 415 499 500 
225 415 331 501 499 
226 499 501 291 502 
227 500 499 502 332 
228 503 505 331 506 
229 504 503 506 415 
230 436 454 507 508 
231 508 507 510 438 
232 511 513 454 514 
233 512 511 514 436 
234 471 517 515 516 
235 516 515 519 475 
236 520 521 432 522 
237 513 520 522 454 
238 524 476 525 523 
239 523 525 478 526 
240 475 519 527 528 
241 519 451 529 527 
242 527 529 513 530 
243 528 527 530 511 
244 515 533 531 532 
245 531 534 451 535 
246 532 531 535 519 
247 417 540 538 539 
248 540 416 449 538 
249 538 449 413 421 
250 539 538 421 330 
251 449 543 541 542 
252 543 448 469 541 
253 542 541 466 413 
254 466 546 544 545 
255 546 437 472 544 
256 544 472 452 547 
257 545 544 547 464 
258 472 550 548 549 
259 550 471 516 548 
260 548 516 475 551 
261 549 548 551 452 
262 276 553 552 371 
263 553 84 554 552 
264 430 582 580 581 
265 582 569 583 580 
266 586 574 587 584 
267 584 587 572 588 
268 585 584 588 573 
269 428 590 589 442 
270 590 430 581 589 
271 578 593 591 592 
272 593 391 585 591 
273 591 585 573 594 
274 592 591 594 577 
275 581 597 595 596 
276 597 580 598 595 
277 595 598 574 586 
278 596 595 586 391 
279 391 601 599 600 
280 601 586 602 599 
281 599 602 584 603 
282 600 599 603 585 
283 569 609 608 583 
284 609 571 610 608 
285 571 616 615 610 
286 616 604 617 615 
287 615 617 607 618 
288 619 620 564 621 
289 608 624 622 623 
290 624 610 625 622 
291 622 625 87 626 
292 583 629 627 628 
293 629 608 623 627 
294 627 623 611 630 
295 628 627 630 563 
296 611 626 634 635 
297 626 87 636 634 
298 634 636 620 637 
299 635 634 637 619 
300 623 640 638 639 
301 640 622 641 638 
302 638 641 626 642 
303 639 638 642 611 
304 604 670 669 617 
305 669 685 683 684 
306 684 683 686 671 
307 671 686 696 697 
308 697 696 698 681 
309 683 701 699 700 
310 701 677 692 699 
311 699 692 559 702 
312 700 699 702 686 
313 85 704 703 368 
314 704 47 705 703 
315 703 705 86 385 
316 368 703 385 84 
317 84 707 706 554 
318 707 385 708 706 
319 567 711 709 710 
320 711 384 712 709 
321 709 712 568 652 
322 710 709 652 566 
323 566 715 713 714 
324 715 652 716 713 
325 713 716 651 666 
326 714 713 666 606 
327 606 719 717 718 
328 719 666 720 717 
329 717 720 664 678 
330 718 717 678 665 
331 665 723 721 722 
332 723 678 724 721 
333 677 727 725 726 
334 726 725 729 692 
335 277 732 730 731 
336 732 567 710 730 
337 730 710 566 605 
338 731 730 605 390 
339 605 735 733 734 
340 735 566 714 733 
341 733 714 606 670 
342 734 733 670 604 
343 670 738 736 737 
344 738 606 718 736 
345 736 718 665 685 
346 737 736 685 669 
347 685 741 739 740 
348 741 665 722 739 
349 739 722 677 701 
350 740 739 701 683 
351 722 744 742 743 
352 744 721 745 742 
353 743 742 727 677 
354 747 647 748 746 
355 746 748 650 749 
356 664 755 754 679 
357 755 667 756 754 
358 754 756 654 757 
359 676 759 758 694 
360 759 679 760 758 
361 758 760 668 761 
362 694 758 761 680 
363 763 676 764 762 
364 762 764 694 765 
365 727 768 766 767 
366 767 766 770 725 
367 678 772 771 724 
368 772 664 773 771 
369 771 773 679 759 
370 724 771 759 676 
371 721 775 774 745 
372 775 724 776 774 
373 774 776 676 763 
374 742 779 777 778 
375 779 745 780 777 
376 778 777 768 727 
377 782 763 783 781 
378 781 783 762 784 
379 768 787 785 786 
380 786 785 789 766 
381 745 791 790 780 
382 791 774 792 790 
383 790 792 763 782 
384 777 795 793 794 
385 795 780 796 793 
386 793 796 693 787 
387 794 793 787 768 
388 798 782 799 797 
389 797 799 781 800 
390 787 803 801 802 
391 803 693 804 801 
392 802 801 805 785 
393 780 807 806 796 
394 807 790 808 806 
395 806 808 782 798 
396 796 806 798 693 
397 693 810 809 804 
398 810 798 811 809 
399 809 811 797 812 
400 804 809 812 788 
401 559 695 813 814 
402 695 680 815 813 
403 813 815 687 816 
404 814 813 816 688 
405 692 729 817 818 
406 729 691 819 817 
407 817 819 695 820 
408 818 817 820 559 
409 725 770 821 822 
410 770 728 823 821 
411 821 823 691 824 
412 822 821 824 729 
413 766 789 825 826 
414 789 769 827 825 
415 825 827 728 828 
416 826 825 828 770 
417 785 805 829 830 
418 805 788 831 829 
419 829 831 769 832 
420 830 829 832 789 
421 801 835 833 834 
422 835 804 836 833 
423 833 836 788 837 
424 834 833 837 805 
425 749 650 839 838 
426 838 839 658 840 
427 653 842 841 752 
428 842 746 843 841 
429 841 843 749 844 
430 752 841 844 387 
431 850 752 851 848 
432 848 851 387 852 
433 849 848 852 753 
434 667 854 853 756 
435 854 750 849 853 
436 853 849 753 855 
437 756 853 855 654 
438 652 857 856 716 
439 857 568 858 856 
440 856 858 653 751 
441 716 856 751 651 
442 751 861 859 860 
443 861 653 862 859 
444 859 862 752 850 
445 860 859 850 750 
446 750 865 863 864 
447 865 850 866 863 
448 863 866 848 867 
449 864 863 867 849 
450 236 869 868 306 
451 869 301 870 868 
452 875 877 310 878 
453 876 875 878 179 
454 314 881 879 880 
455 880 879 883 285 
456 308 888 887 873 
457 888 280 889 887 
458 887 889 309 890 
459 873 887 890 307 
460 892 873 893 891 
461 891 893 307 894 
462 283 315 895 896 
463 315 285 876 895 
464 895 876 179 897 
465 896 895 897 286 
466 285 883 898 899 
467 883 874 900 898 
468 898 900 875 901 
469 899 898 901 876 
470 879 904 902 903 
471 902 905 874 906 
472 903 902 906 883 
473 306 909 907 908 
474 909 868 910 907 
475 907 910 308 872 
476 908 907 872 88 
477 88 913 911 912 
478 913 872 914 911 
479 911 914 871 881 
480 912 911 881 314 
481 881 917 915 916 
482 917 871 918 915 
483 915 918 882 904 
484 916 915 904 879 
485 307 890 919 877 
486 890 309 920 919 
487 919 920 279 921 
488 877 919 921 310 
489 874 894 922 900 
490 894 307 923 922 
491 922 923 877 924 
492 900 922 924 875 
493 882 926 925 905 
494 926 891 927 925 
495 925 927 894 928 
496 905 925 928 874 
497 904 931 929 930 
498 931 882 932 929 
499 929 932 905 933 
500 930 929 933 902 
501 301 935 934 870 
502 935 303 936 934 
503 280 938 937 889 
504 938 885 939 937 
505 937 939 884 940 
506 889 937 940 309 
507 885 944 943 939 
508 944 90 945 943 
509 943 945 886 946 
510 939 943 946 884 
511 303 948 947 936 
512 948 369 949 947 
513 951 942 952 950 
514 950 952 941 953 
515 945 950 953 886 
516 936 956 954 955 
517 956 947 957 954 
518 954 957 942 951 
519 955 954 951 90 
520 90 960 958 959 
521 960 951 961 958 
522 958 961 950 962 
523 959 958 962 945 
524 942 964 963 952 
525 964 343 965 963 
526 963 965 393 966 
527 952 963 966 941 
528 369 968 967 949 
529 968 371 969 967 
530 343 971 970 965 
531 971 394 972 970 
532 394 975 974 972 
533 975 275 976 974 
534 974 976 395 977 
535 972 974 977 392 
536 978 980 396 981 
537 979 978 981 342 
538 970 984 982 983 
539 984 972 985 982 
540 982 985 392 986 
541 965 989 987 988 
542 989 970 983 987 
543 987 983 973 990 
544 988 987 990 393 
545 392 977 991 980 
546 977 395 992 991 
547 991 992 344 993 
548 980 991 993 396 
549 973 986 994 995 
550 986 392 996 994 
551 994 996 980 997 
552 995 994 997 978 
553 983 1000 998 999 
554 1000 982 1001 998 
555 998 1001 986 1002 
556 999 998 1002 973 
557 87 1004 1003 636 
558 1004 618 1005 1003 
559 1003 1005 631 1006 
560 636 1003 1006 620 
561 150 408 1007 493 
562 408 151 1008 1007 
563 1007 1008 72 1009 
564 493 1007 1009 152 
565 1010 1012 408 1013 
566 1011 1010 1013 150 
567 682 1035 1033 1034 
568 1034 1033 1036 1025 
569 613 1042 1040 1041 
570 1042 1030 1043 1040 
571 1040 1043 1028 1044 
572 1041 1040 1044 1029 
573 564 633 1052 1053 
574 1053 1052 1054 410 
575 612 1057 1055 1056 
576 1057 682 1034 1055 
577 1055 1034 1025 1058 
578 1056 1055 1058 1026 
579 1063 1064 151 1065 
580 1012 1063 1065 408 
581 840 658 1067 1066 
582 1066 1067 660 1068 
583 1077 1079 1012 1080 
584 1078 1077 1080 1010 
585 1068 660 1097 1096 
586 1096 1097 1063 1098 
587 1079 1096 1098 1012 
588 1099 1101 1079 1102 
589 1100 1099 1102 1077 
590 1113 433 1114 1112 
591 1112 1114 446 1115 
592 1116 1011 150 1117 
593 497 1116 1117 293 
594 331 427 1118 501 
595 501 1118 1120 291 
596 1121 1122 427 1123 
597 505 1121 1123 331 
598 1127 1128 447 1129 
599 521 1127 1129 432 
600 459 1132 1130 1131 
601 1132 462 1133 1130 
602 1130 1133 443 1134 
603 1131 1130 1134 463 
604 476 1136 1135 525 
605 1136 460 1137 1135 
606 1135 1137 444 1138 
607 525 1135 1138 478 
608 469 1141 1139 1140 
609 1141 468 1142 1139 
610 1139 1142 453 473 
611 1140 1139 473 437 
612 473 1145 1143 1144 
613 1145 453 1146 1143 
614 1143 1146 474 517 
615 1144 1143 517 471 
616 517 1149 1147 1148 
617 1149 474 1150 1147 
618 1147 1150 518 533 
619 1148 1147 533 515 
620 451 526 1151 529 
621 526 478 1152 1151 
622 1151 1152 520 1153 
623 529 1151 1153 513 
624 518 1155 1154 534 
625 1155 523 1156 1154 
626 1154 1156 526 1157 
627 534 1154 1157 451 
628 533 1160 1158 1159 
629 1160 518 1161 1158 
630 1158 1161 534 1162 
631 1159 1158 1162 531 
632 1115 446 1164 1163 
633 1163 1164 431 1165 
634 1128 1163 1165 447 
635 443 1168 1166 1167 
636 1168 1115 1169 1166 
637 1166 1169 1163 1170 
638 1167 1166 1170 1128 
639 1174 1175 409 1176 
640 1122 1174 1176 427 
641 1178 577 1179 1177 
642 1177 1179 579 1180 
643 1187 578 592 1186 
644 1186 592 577 1178 
645 1108 1190 1188 1189 
646 1190 1110 1191 1188 
647 1193 1178 1194 1192 
648 1192 1194 1177 1195 
649 1110 1202 1201 1191 
650 1202 1186 1203 1201 
651 1201 1203 1178 1193 
652 1188 1206 1204 1205 
653 1206 1191 1207 1204 
654 434 1209 1208 1199 
655 1209 1193 1210 1208 
656 1208 1210 1192 1211 
657 1199 1208 1211 1184 
658 1214 434 1215 1212 
659 1212 1215 1199 1216 
660 431 1219 1217 1218 
661 1219 1111 1182 1217 
662 1217 1182 1171 1220 
663 1218 1217 1220 1125 
664 1111 1223 1221 1222 
665 1223 1183 1197 1221 
666 1221 1197 1181 1224 
667 1222 1221 1224 1182 
668 1183 1227 1225 1226 
669 1226 1225 1228 1197 
670 435 1173 1229 1230 
671 1173 424 1231 1229 
672 1229 1231 1122 1232 
673 1230 1229 1232 1121 
674 1171 1185 1233 1234 
675 1185 1172 1235 1233 
676 1233 1235 424 1236 
677 1234 1233 1236 1173 
678 1181 1200 1237 1238 
679 1200 1184 1239 1237 
680 1237 1239 1172 1240 
681 1238 1237 1240 1185 
682 1196 1216 1241 1242 
683 1216 1199 1243 1241 
684 1241 1243 1184 1244 
685 1242 1241 1244 1200 
686 1247 1212 1248 1245 
687 1245 1248 1216 1249 
688 1246 1245 1249 1196 
689 1197 1228 1250 1251 
690 1228 1196 1242 1250 
691 1250 1242 1200 1252 
692 1251 1250 1252 1181 
693 1225 1255 1253 1254 
694 1255 1213 1246 1253 
695 1253 1246 1196 1256 
696 1254 1253 1256 1228 
697 1191 1258 1257 1207 
698 1258 1201 1259 1257 
699 1257 1259 1193 1209 
700 1207 1257 1209 434 
701 1204 1262 1260 1261 
702 1262 1207 1263 1260 
703 1260 1263 434 1214 
704 1261 1260 1214 1198 
705 1198 1266 1264 1265 
706 1266 1214 1267 1264 
707 1264 1267 1212 1247 
708 1265 1264 1247 1213 
709 1213 1270 1268 1269 
710 1270 1247 1271 1268 
711 1268 1271 1245 1272 
712 1269 1268 1272 1246 
713 1273 1078 1010 1275 
714 1274 1273 1275 1011 
715 1276 1100 1077 1278 
716 1277 1276 1278 1078 
717 1092 1282 1303 1304 
718 1282 1017 1305 1303 
719 1303 1305 1100 1306 
720 1304 1303 1306 1276 
721 1280 1298 1307 1308 
722 1298 1279 1309 1307 
723 1307 1309 1282 1310 
724 1308 1307 1310 1092 
725 1294 1313 1311 1312 
726 1311 1314 1279 1315 
727 1312 1311 1315 1298 
728 1292 1321 1319 1320 
729 1321 1291 1322 1319 
730 1296 1325 1323 1324 
731 1325 1281 1326 1323 
732 1323 1326 1297 1313 
733 1324 1323 1313 1294 
734 1279 1302 1327 1309 
735 1302 1104 1328 1327 
736 1327 1328 1017 1329 
737 1309 1327 1329 1282 
738 1297 1331 1330 1314 
739 1331 1299 1332 1330 
740 1330 1332 1302 1333 
741 1314 1330 1333 1279 
742 1313 1336 1334 1335 
743 1336 1297 1337 1334 
744 1334 1337 1314 1338 
745 1335 1334 1338 1311 
746 1289 1341 1339 1340 
747 1341 1090 1295 1339 
748 1339 1295 1280 1342 
749 1340 1339 1342 1287 
750 1295 1345 1343 1344 
751 1345 1294 1312 1343 
752 1343 1312 1298 1346 
753 1344 1343 1346 1280 
754 1347 1277 1078 1349 
755 1348 1347 1349 1273 
756 1283 1352 1350 1351 
757 1351 1350 1353 1286 
758 1285 1358 1356 1357 
759 1357 1356 1352 1283 
760 1352 1361 1359 1360 
761 1361 1091 1362 1359 
762 1359 1362 1288 1363 
763 1360 1359 1363 1350 
764 1372 1283 1351 1370 
765 1370 1351 1286 1373 
766 1374 1274 1011 1376 
767 1375 1374 1376 1116 
768 1377 1348 1273 1379 
769 1378 1377 1379 1274 
770 1022 1386 1384 1385 
771 1386 1285 1357 1384 
772 1384 1357 1283 1372 
773 1284 1389 1387 1388 
774 1389 1372 1390 1387 
775 1387 1390 1370 1391 
776 1388 1387 1391 1371 
777 1368 1396 1394 1395 
778 1396 1022 1385 1394 
779 1399 1284 1388 1397 
780 1397 1388 1371 1400 
781 1364 1403 1401 1402 
782 1403 1023 1367 1401 
783 1401 1367 292 1404 
784 1402 1401 1404 1365 
785 1367 1407 1405 1406 
786 1407 1366 1381 1405 
787 1405 1381 1369 1408 
788 1406 1405 1408 292 
789 1366 1411 1409 1410 
790 1410 1409 1412 1381 
791 1369 1383 1413 1414 
792 1383 1024 1415 1413 
793 1413 1415 1348 1416 
794 1414 1413 1416 1377 
795 1380 1400 1417 1418 
796 1400 1371 1419 1417 
797 1417 1419 1024 1420 
798 1418 1417 1420 1383 
799 1423 1397 1424 1421 
800 1421 1424 1400 1425 
801 1422 1421 1425 1380 
802 1381 1412 1426 1427 
803 1412 1380 1418 1426 
804 1426 1418 1383 1428 
805 1427 1426 1428 1369 
806 1409 1431 1429 1430 
807 1431 1398 1422 1429 
808 1429 1422 1380 1432 
809 1430 1429 1432 1412 
810 1394 1435 1433 1434 
811 1435 1385 1436 1433 
812 1433 1436 1284 1399 
813 1434 1433 1399 1382 
814 1382 1439 1437 1438 
815 1439 1399 1440 1437 
816 1437 1440 1397 1423 
817 1438 1437 1423 1398 
818 1398 1443 1441 1442 
819 1443 1423 1444 1441 
820 1441 1444 1421 1445 
821 1442 1441 1445 1422 
822 690 1460 1458 1459 
823 1460 672 1461 1458 
824 1466 1469 1456 1470 
825 1467 1466 1470 1453 
826 672 1474 1473 1461 
827 1474 1451 1475 1473 
828 1458 1478 1476 1477 
829 1478 1461 1479 1476 
830 1039 1481 1480 1469 
831 1481 1463 1482 1480 
832 1480 1482 1462 1483 
833 1469 1480 1483 1456 
834 1486 1039 1487 1484 
835 1484 1487 1469 1488 
836 1485 1484 1488 1466 
837 681 698 1489 1490 
838 1490 1489 1035 682 
839 1038 1493 1491 1492 
840 1493 1037 1454 1491 
841 1491 1454 1030 1042 
842 1492 1491 1042 613 
843 1037 1496 1494 1495 
844 1496 1455 1467 1494 
845 1494 1467 1453 1497 
846 1495 1494 1497 1454 
847 1455 1500 1498 1499 
848 1498 1485 1466 1501 
849 1499 1498 1501 1467 
850 1461 1503 1502 1479 
851 1503 1473 1504 1502 
852 1502 1504 1463 1481 
853 1479 1502 1481 1039 
854 1476 1507 1505 1506 
855 1507 1479 1508 1505 
856 1505 1508 1039 1486 
857 1511 1486 1512 1509 
858 1509 1512 1484 1513 
859 1510 1509 1513 1485 
860 673 1516 1514 1515 
861 1516 690 1459 1514 
862 1514 1459 1037 1493 
863 1515 1514 1493 1038 
864 1459 1519 1517 1518 
865 1519 1458 1477 1517 
866 1517 1477 1455 1496 
867 1518 1517 1496 1037 
868 1477 1522 1520 1521 
869 1522 1476 1506 1520 
870 1521 1520 1500 1455 
871 1500 1525 1523 1524 
872 1525 1468 1510 1523 
873 1523 1510 1485 1526 
874 1524 1523 1526 1498 
875 1506 1529 1527 1528 
876 1529 1505 1530 1527 
877 1527 1530 1486 1511 
878 1528 1527 1511 1468 
879 1468 1533 1531 1532 
880 1533 1511 1534 1531 
881 1531 1534 1509 1535 
882 1532 1531 1535 1510 
883 1549 1552 1539 1553 
884 1550 1549 1553 1031 
885 675 1556 1554 1555 
886 1556 1465 1557 1554 
887 661 1559 1558 1050 
888 1559 847 1560 1558 
889 1558 1560 1045 1561 
890 1049 1563 1562 1538 
891 1563 661 1564 1562 
892 1562 1564 1050 1565 
893 1538 1562 1565 1048 
894 1536 1567 1566 1552 
895 1567 1538 1568 1566 
896 1566 1568 1048 1569 
897 1552 1566 1569 1539 
898 1572 1536 1573 1570 
899 1570 1573 1552 1574 
900 1571 1570 1574 1549 
901 1540 1583 1581 1582 
902 1583 1537 1550 1581 
903 1581 1550 1031 1584 
904 1582 1581 1584 1541 
905 1537 1587 1585 1586 
906 1585 1571 1549 1588 
907 1586 1585 1588 1550 
908 1465 1590 1589 1557 
909 1590 1049 1591 1589 
910 1589 1591 1538 1567 
911 1557 1589 1567 1536 
912 1554 1594 1592 1593 
913 1594 1557 1595 1592 
914 1592 1595 1536 1572 
915 1598 1572 1599 1596 
916 1596 1599 1570 1600 
917 1597 1596 1600 1571 
918 1457 1603 1601 1602 
919 1603 675 1555 1601 
920 1601 1555 1537 1583 
921 1602 1601 1583 1540 
922 1555 1606 1604 1605 
923 1606 1554 1593 1604 
924 1605 1604 1587 1537 
925 1587 1609 1607 1608 
926 1609 1551 1597 1607 
927 1607 1597 1571 1610 
928 1608 1607 1610 1585 
929 1593 1613 1611 1612 
930 1613 1592 1614 1611 
931 1611 1614 1572 1598 
932 1612 1611 1598 1551 
933 1551 1617 1615 1616 
934 1617 1598 1618 1615 
935 1615 1618 1596 1619 
936 1616 1615 1619 1597 
937 1048 1565 1620 1547 
938 1565 1050 1621 1620 
939 1620 1621 1020 1622 
940 1547 1620 1622 1051 
941 1018 1548 1623 1624 
942 1548 1051 1625 1623 
943 1623 1625 1542 1626 
944 1624 1623 1626 1543 
945 1545 1629 1627 1628 
946 1629 1547 1630 1627 
947 1627 1630 1051 1631 
948 1628 1627 1631 1548 
949 1561 1045 1633 1632 
950 1637 1544 1638 1635 
951 1543 1626 1640 1641 
952 1626 1542 1636 1640 
953 1640 1636 1074 1642 
954 1641 1640 1642 1021 
955 1051 1622 1643 1625 
956 1622 1020 1644 1643 
957 1643 1644 1544 1637 
958 1625 1643 1637 1542 
959 1542 1647 1645 1646 
960 1647 1637 1648 1645 
961 1645 1648 1635 1649 
962 1646 1645 1649 1636 
963 1657 1634 1658 1656 
964 1021 1642 1672 1673 
965 1642 1074 1653 1672 
966 1672 1653 1072 1674 
967 1673 1672 1674 1073 
968 1653 1677 1675 1676 
969 1677 1652 1665 1675 
970 1675 1665 1655 1678 
971 1676 1675 1678 1072 
972 1655 1668 1682 1683 
973 1668 1075 1684 1682 
974 1682 1684 1662 1685 
975 1683 1682 1685 1660 
976 1665 1688 1686 1687 
977 1686 1689 1668 1690 
978 1687 1686 1690 1655 
979 1639 1693 1691 1692 
980 1693 663 1694 1691 
981 1691 1694 1654 1666 
982 1692 1691 1666 1652 
983 1652 1697 1695 1696 
984 1697 1666 1698 1695 
985 1695 1698 1664 1688 
986 1696 1695 1688 1665 
987 1654 1700 1699 1667 
988 1700 1656 1701 1699 
989 1699 1701 1659 1702 
990 1667 1699 1702 1075 
991 1664 1704 1703 1689 
992 1704 1667 1705 1703 
993 1703 1705 1075 1706 
994 1689 1703 1706 1668 
995 1688 1709 1707 1708 
996 1709 1664 1710 1707 
997 1707 1710 1689 1711 
998 1708 1707 1711 1686 
999 1663 1726 1724 1725 
1000 1726 1061 1720 1724 
1001 1724 1720 1713 1727 
1002 1725 1724 1727 1716 
1003 1713 1723 1734 1735 
1004 1723 1712 1736 1734 
1005 1734 1736 1715 1737 
1006 1735 1734 1737 1086 
1007 1720 1740 1738 1739 
1008 1738 1741 1723 1742 
1009 1739 1738 1742 1713 
1010 1662 1745 1743 1744 
1011 1745 1679 1746 1743 
1012 1743 1746 1681 1721 
1013 1744 1743 1721 1061 
1014 1061 1749 1747 1748 
1015 1749 1721 1750 1747 
1016 1747 1750 1719 1740 
1017 1748 1747 1740 1720 
1018 560 1752 1751 1070 
1019 1752 840 1753 1751 
1020 1751 1753 1066 1754 
1021 1070 1751 1754 1016 
1022 1069 1756 1755 1088 
1023 1756 1070 1757 1755 
1024 1755 1757 1016 1758 
1025 1087 1760 1759 1714 
1026 1760 1069 1761 1759 
1027 1759 1761 1088 1762 
1028 1714 1759 1762 1085 
1029 1681 1764 1763 1722 
1030 1764 1087 1765 1763 
1031 1763 1765 1714 1766 
1032 1722 1763 1766 1712 
1033 1719 1768 1767 1741 
1034 1768 1722 1769 1767 
1035 1767 1769 1712 1770 
1036 1741 1767 1770 1723 
1037 1740 1773 1771 1772 
1038 1773 1719 1774 1771 
1039 1771 1774 1741 1775 
1040 1772 1771 1775 1738 
1041 1762 1088 1777 1776 
1042 1776 1777 1071 1778 
1043 1730 1785 1783 1784 
1044 1785 1732 1786 1783 
1045 1783 1786 1089 1787 
1046 1731 1793 1791 1792 
1047 1793 1730 1784 1791 
1048 1791 1784 1733 1794 
1049 1792 1791 1794 1014 
1050 1016 1754 1795 1083 
1051 1754 1066 1796 1795 
1052 1795 1796 1068 1797 
1053 1083 1795 1797 406 
1054 1758 1016 1799 1798 
1055 1798 1799 1083 1800 
1056 1778 1071 1802 1801 
1057 1801 1802 1729 1803 
1058 1733 1787 1804 1805 
1059 1787 1089 1806 1804 
1060 1804 1806 1781 1807 
1061 1805 1804 1807 1779 
1062 1784 1810 1808 1809 
1063 1810 1783 1811 1808 
1064 1808 1811 1787 1812 
1065 1809 1808 1812 1733 
1066 1803 1729 1815 1813 
1067 1822 1803 1823 1820 
1068 1820 1823 1813 1824 
1069 1821 1820 1824 1814 
1070 1782 1827 1825 1826 
1071 1827 1728 1821 1825 
1072 1825 1821 1814 1828 
1073 1826 1825 1828 1817 
1074 1781 1831 1829 1830 
1075 1831 1801 1832 1829 
1076 1829 1832 1803 1822 
1077 1830 1829 1822 1728 
1078 1728 1835 1833 1834 
1079 1835 1822 1836 1833 
1080 1833 1836 1820 1837 
1081 1834 1833 1837 1821 
1082 1800 1083 1839 1838 
1083 1838 1839 406 1840 
1084 1081 1846 1845 1843 
1085 1846 1800 1847 1845 
1086 1845 1847 1838 1848 
1087 1843 1845 1848 1106 
1088 1017 1107 1849 1305 
1089 1107 1084 1850 1849 
1090 1849 1850 1099 1851 
1091 1305 1849 1851 1100 
1092 1103 1844 1852 1853 
1093 1844 1106 1854 1852 
1094 1852 1854 1084 1855 
1095 1853 1852 1855 1107 
1096 1858 1843 1859 1856 
1097 1856 1859 1106 1860 
1098 1857 1856 1860 1844 
1099 1842 1865 1863 1864 
1100 1865 1841 1857 1863 
1101 1863 1857 1844 1866 
1102 1864 1863 1866 1103 
1103 1816 1869 1867 1868 
1104 1869 1081 1870 1867 
1105 1867 1870 1843 1858 
1106 1868 1867 1858 1841 
1107 1841 1873 1871 1872 
1108 1873 1858 1874 1871 
1109 1871 1874 1856 1875 
1110 1872 1871 1875 1857 
1111 34 1877 1876 404 
1112 1877 379 1878 1876 
1113 1876 1878 400 1879 
1114 404 1876 1879 73 
1115 1881 34 1882 1880 
1116 1880 1882 404 1883 
1117 72 405 1888 489 
1118 405 73 1889 1888 
1119 1888 1889 44 1890 
1120 489 1888 1890 74 
1121 151 657 1891 1008 
1122 657 403 1892 1891 
1123 1891 1892 405 1893 
1124 1008 1891 1893 72 
1125 1894 1895 657 1896 
1126 1064 1894 1896 151 
1127 1446 1899 1897 1898 
1128 1899 1448 1900 1897 
1129 1897 1900 655 1901 
1130 658 1903 1902 1067 
1131 1903 659 1904 1902 
1132 1902 1904 407 1905 
1133 1067 1902 1905 660 
1134 659 1907 1906 1904 
1135 1907 1446 1898 1906 
1136 1906 1898 1449 1908 
1137 1904 1906 1908 407 
1138 1909 1910 403 1911 
1139 1895 1909 1911 657 
1140 1449 1901 1912 1913 
1141 1901 655 1914 1912 
1142 1912 1914 1895 1915 
1143 1913 1912 1915 1894 
1144 1898 1918 1916 1917 
1145 1918 1897 1919 1916 
1146 1916 1919 1901 1920 
1147 1917 1916 1920 1449 
1148 1448 1922 1921 1900 
1149 1922 1884 1923 1921 
1150 1921 1923 1887 1924 
1151 1900 1921 1924 655 
1152 49 1926 1925 382 
1153 1926 376 1927 1925 
1154 1925 1927 379 1877 
1155 382 1925 1877 34 
1156 1929 382 1930 1928 
1157 1928 1930 34 1881 
1158 383 1932 1931 1886 
1159 1932 1881 1933 1931 
1160 1931 1933 1880 1934 
1161 1886 1931 1934 656 
1162 1884 1936 1935 1923 
1163 1936 1886 1937 1935 
1164 1935 1937 656 1938 
1165 403 1883 1939 1892 
1166 1883 404 1940 1939 
1167 1939 1940 73 1941 
1168 1892 1939 1941 405 
1169 656 1934 1942 1910 
1170 1934 1880 1943 1942 
1171 1942 1943 1883 1944 
1172 1910 1942 1944 403 
1173 1887 1938 1945 1946 
1174 1938 656 1947 1945 
1175 1945 1947 1910 1948 
1176 1946 1945 1948 1909 
1177 1923 1951 1949 1950 
1178 1951 1935 1952 1949 
1179 1949 1952 1938 1953 
1180 1950 1949 1953 1887 
1181 1 1956 1954 1955 
1182 1956 12 119 1954 
1183 1954 119 10 62 
1184 1955 1954 62 11 
1185 16 1958 1957 359 
1186 1958 2 1959 1957 
1187 1957 1959 17 373 
1188 359 1957 373 15 
1189 19 38 1960 1961 
1190 38 21 480 1960 
1191 1960 480 9 1962 
1192 1961 1960 1962 22 
1193 20 94 1963 1964 
1194 94 19 1961 1963 
1195 1963 1961 22 1965 
1196 1964 1963 1965 4 
1197 10 1968 1966 1967 
1198 1968 25 123 1966 
1199 1966 123 23 66 
1200 1967 1966 66 24 
1201 28 399 1969 481 
1202 399 29 1970 1969 
1203 1969 1970 3 1971 
1204 481 1969 1971 30 
1205 32 1973 1972 362 
1206 1973 15 1974 1972 
1207 1972 1974 33 377 
1208 362 1972 377 31 
1209 35 54 1975 1976 
1210 54 37 484 1975 
1211 1975 484 21 1977 
1212 1976 1975 1977 38 
1213 36 97 1978 1979 
1214 97 35 1976 1978 
1215 1978 1976 38 1980 
1216 1979 1978 1980 19 
1217 23 1983 1981 1982 
1218 1983 41 127 1981 
1219 1981 127 39 70 
1220 1982 1981 70 40 
1221 44 402 1984 485 
1222 402 45 1985 1984 
1223 1984 1985 28 1986 
1224 485 1984 1986 46 
1225 48 1988 1987 365 
1226 1988 31 1989 1987 
1227 1987 1989 49 381 
1228 365 1987 381 47 
1229 51 78 1990 1991 
1230 78 53 488 1990 
1231 1990 488 37 1992 
1232 1991 1990 1992 54 
1233 52 100 1993 1994 
1234 100 51 1991 1993 
1235 1993 1991 54 1995 
1236 1994 1993 1995 35 
1237 70 1998 1996 1997 
1238 1998 39 131 1996 
1239 1996 131 56 112 
1240 1997 1996 112 68 
1241 75 155 1999 2000 
1242 155 77 492 1999 
1243 1999 492 53 2001 
1244 2000 1999 2001 78 
1245 76 104 2002 2003 
1246 104 75 2000 2002 
1247 2002 2000 78 2004 
1248 2003 2002 2004 51 
1249 98 196 2005 2006 
1250 196 76 2003 2005 
1251 2005 2003 51 2007 
1252 2006 2005 2007 100 
1253 143 2010 2008 2009 
1254 2010 135 170 2008 
1255 2008 170 79 148 
1256 2009 2008 148 116 
1257 148 2013 2011 2012 
1258 2013 79 174 2011 
1259 2011 174 139 205 
1260 2012 2011 205 146 
1261 153 296 2014 2015 
1262 2014 496 77 2016 
1263 2015 2014 2016 155 
1264 103 251 2017 2018 
1265 251 153 2015 2017 
1266 2017 2015 155 2019 
1267 2018 2017 2019 75 
1268 109 225 2020 2021 
1269 225 59 267 2020 
1270 2020 267 158 2022 
1271 2021 2020 2022 156 
1272 142 188 2023 2024 
1273 188 105 227 2023 
1274 2023 227 162 2025 
1275 2024 2023 2025 160 
1276 174 2028 2026 2027 
1277 2028 173 215 2026 
1278 2026 215 166 209 
1279 2027 2026 209 139 
1280 107 2030 2029 213 
1281 2030 182 245 2029 
1282 2029 245 181 2031 
1283 213 2029 2031 141 
1284 181 248 2032 2033 
1285 248 183 2034 2032 
1286 2032 2034 108 256 
1287 2033 2032 256 184 
1288 141 2031 2035 187 
1289 2031 181 2033 2035 
1290 2035 2033 184 228 
1291 187 2035 228 105 
1292 223 258 2036 2037 
1293 258 224 271 2036 
1294 2036 271 59 2038 
1295 2037 2036 2038 225 
1296 162 230 2039 2040 
1297 230 223 2037 2039 
1298 2039 2037 225 2041 
1299 2040 2039 2041 109 
1300 183 265 2042 2034 
1301 265 240 2043 2042 
1302 2042 2043 243 2044 
1303 2034 2042 2044 108 
1304 108 2044 2045 257 
1305 2044 243 2046 2045 
1306 2045 2046 252 272 
1307 257 2045 272 224 
1308 178 2048 2047 289 
1309 2048 284 312 2047 
1310 2047 312 283 2049 
1311 289 2047 2049 242 
1312 242 2049 2050 2051 
1313 2049 283 896 2050 
1314 2050 896 286 2052 
1315 2051 2050 2052 177 
1316 304 2055 2053 2054 
1317 2055 306 908 2053 
1318 2053 908 88 313 
1319 2054 2053 313 284 
1320 261 2058 2056 2057 
1321 2058 304 2054 2056 
1322 2056 2054 284 2048 
1323 2057 2056 2048 178 
1324 91 2060 2059 325 
1325 2060 319 338 2059 
1326 2059 338 318 2061 
1327 325 2059 2061 299 
1328 295 351 2062 2063 
1329 351 329 500 2062 
1330 2062 500 332 2064 
1331 2063 2062 2064 154 
1332 282 2066 2065 340 
1333 2066 334 353 2065 
1334 2065 353 333 2067 
1335 340 2065 2067 320 
1336 31 2069 2068 1989 
1337 2069 377 2070 2068 
1338 2068 2070 376 1926 
1339 1989 2068 1926 49 
1340 47 2072 2071 705 
1341 2072 381 2073 2071 
1342 2071 2073 380 644 
1343 705 2071 644 86 
1344 381 2075 2074 2073 
1345 2075 49 2076 2074 
1346 2074 2076 382 1929 
1347 2073 2074 1929 380 
1348 385 2078 2077 708 
1349 2078 86 2079 2077 
1350 2077 2079 386 648 
1351 2081 277 731 2080 
1352 73 1879 2082 1889 
1353 1879 400 2083 2082 
1354 2082 2083 402 2084 
1355 1889 2082 2084 44 
1356 350 423 2085 2086 
1357 423 412 504 2085 
1358 2085 504 415 2087 
1359 2086 2085 2087 329 
1360 342 981 2088 2089 
1361 981 396 2090 2088 
1362 2088 2090 416 540 
1363 2089 2088 540 417 
1364 396 993 2091 2090 
1365 993 344 2092 2091 
1366 2091 2092 418 450 
1367 2090 2091 450 416 
1368 344 2094 2093 2092 
1369 2094 429 2095 2093 
1370 2093 2095 428 441 
1371 2092 2093 441 418 
1372 429 2097 2096 2095 
1373 2097 388 2098 2096 
1374 2096 2098 430 590 
1375 2095 2096 590 428 
1376 422 467 2099 2100 
1377 467 436 508 2099 
1378 2099 508 438 2101 
1379 2100 2099 2101 412 
1380 439 2103 2102 458 
1381 2103 442 2104 2102 
1382 460 2106 2105 1137 
1383 2106 459 1131 2105 
1384 2105 1131 463 2107 
1385 1137 2105 2107 444 
1386 464 547 2108 2109 
1387 547 452 512 2108 
1388 2108 512 436 2110 
1389 2109 2108 2110 467 
1390 468 2112 2111 1142 
1391 2112 456 2113 2111 
1392 2111 2113 278 477 
1393 1142 2111 477 453 
1394 437 2116 2114 2115 
1395 2116 473 1144 2114 
1396 2114 1144 471 550 
1397 2115 2114 550 472 
1398 453 2118 2117 1146 
1399 2118 477 2119 2117 
1400 2117 2119 476 524 
1401 1146 2117 524 474 
1402 477 2121 2120 2119 
1403 2121 278 2122 2120 
1404 2120 2122 460 1136 
1405 2119 2120 1136 476 
1406 452 551 2123 2124 
1407 551 475 528 2123 
1408 2123 528 511 2125 
1409 2124 2123 2125 512 
1410 478 1138 2126 1152 
1411 1138 444 2127 2126 
1412 2126 2127 521 2128 
1413 1152 2126 2128 520 
1414 474 2130 2129 1150 
1415 2130 524 2131 2129 
1416 2129 2131 523 1155 
1417 1150 2129 1155 518 
1418 541 2134 2132 2133 
1419 2134 469 1140 2132 
1420 2132 1140 437 546 
1421 2133 2132 546 466 
1422 371 2136 2135 969 
1423 2136 552 2137 2135 
1424 395 2139 2138 992 
1425 2139 555 2140 2138 
1426 2138 2140 429 2094 
1427 992 2138 2094 344 
1428 562 621 2141 2142 
1429 621 564 1053 2141 
1430 2141 1053 410 2143 
1431 2142 2141 2143 565 
1432 2144 2142 565 2145 
1433 1175 2144 2145 409 
1434 388 2147 2146 2098 
1435 2147 570 2148 2146 
1436 2146 2148 569 582 
1437 2098 2146 582 430 
1438 570 2150 2149 2148 
1439 2150 390 2151 2149 
1440 2149 2151 571 609 
1441 2148 2149 609 569 
1442 577 594 2152 1179 
1443 594 573 2153 2152 
1444 2152 2153 426 2154 
1445 1179 2152 2154 579 
1446 580 2156 2155 598 
1447 2156 583 628 2155 
1448 2155 628 563 2157 
1449 598 2155 2157 574 
1450 589 2160 2158 2159 
1451 2160 581 596 2158 
1452 2158 596 391 593 
1453 2159 2158 593 578 
1454 442 2162 2161 2104 
1455 2162 589 2159 2161 
1456 2161 2159 578 1187 
1457 390 2164 2163 2151 
1458 2164 605 734 2163 
1459 2163 734 604 616 
1460 2151 2163 616 571 
1461 610 2166 2165 625 
1462 2166 615 2167 2165 
1463 2165 2167 618 1004 
1464 625 2165 1004 87 
1465 563 630 2168 2169 
1466 630 611 635 2168 
1467 2168 635 619 2170 
1468 2169 2168 2170 575 
1469 2172 643 2173 2171 
1470 384 2175 2174 712 
1471 2175 648 2176 2174 
1472 2174 2176 647 747 
1473 712 2174 747 568 
1474 650 2178 2177 839 
1475 2178 50 2179 2177 
1476 2177 2179 659 1903 
1477 839 2177 1903 658 
1478 666 2181 2180 720 
1479 2181 651 2182 2180 
1480 2180 2182 667 755 
1481 720 2180 755 664 
1482 632 2185 2183 2184 
1483 2185 681 1490 2183 
1484 2183 1490 682 1057 
1485 2184 2183 1057 612 
1486 680 761 2186 815 
1487 761 668 2187 2186 
1488 2186 2187 689 2188 
1489 815 2186 2188 687 
1490 687 2188 2189 2190 
1491 2188 689 2191 2189 
1492 2189 2191 672 1460 
1493 2190 2189 1460 690 
1494 688 816 2192 2193 
1495 816 687 2190 2192 
1496 2192 2190 690 1516 
1497 2193 2192 1516 673 
1498 691 765 2194 819 
1499 765 694 2195 2194 
1500 2194 2195 680 2196 
1501 819 2194 2196 695 
1502 686 702 2197 2198 
1503 702 559 814 2197 
1504 2197 814 688 2199 
1505 2198 2197 2199 696 
1506 696 2199 2200 2201 
1507 2199 688 2193 2200 
1508 2200 2193 673 2202 
1509 2201 2200 2202 698 
1510 568 2204 2203 858 
1511 2204 747 2205 2203 
1512 2203 2205 746 842 
1513 858 2203 842 653 
1514 651 2207 2206 2182 
1515 2207 751 860 2206 
1516 2206 860 750 854 
1517 2182 2206 854 667 
1518 728 784 2208 823 
1519 784 762 2209 2208 
1520 2208 2209 765 2210 
1521 823 2208 2210 691 
1522 769 800 2211 827 
1523 800 781 2212 2211 
1524 2211 2212 784 2213 
1525 827 2211 2213 728 
1526 788 812 2214 831 
1527 812 797 2215 2214 
1528 2214 2215 800 2216 
1529 831 2214 2216 769 
1530 387 844 2217 846 
1531 844 749 2218 2217 
1532 2217 2218 838 2219 
1533 846 2217 2219 662 
1534 662 2219 2220 1046 
1535 2219 838 2221 2220 
1536 2220 2221 840 1752 
1537 1046 2220 1752 560 
1538 654 855 2222 1472 
1539 855 753 2223 2222 
1540 2222 2223 845 2224 
1541 1472 2222 2224 674 
1542 753 852 2225 2223 
1543 852 387 2226 2225 
1544 2225 2226 846 2227 
1545 2223 2225 2227 845 
1546 674 2224 2228 1452 
1547 2224 845 2229 2228 
1548 2228 2229 847 1559 
1549 1452 2228 1559 661 
1550 868 2231 2230 910 
1551 2231 870 2232 2230 
1552 2230 2232 280 888 
1553 910 2230 888 308 
1554 872 2234 2233 914 
1555 2234 308 2235 2233 
1556 2233 2235 873 892 
1557 914 2233 892 871 
1558 309 940 2236 920 
1559 940 884 2237 2236 
1560 2236 2237 346 2238 
1561 920 2236 2238 279 
1562 871 2240 2239 918 
1563 2240 892 2241 2239 
1564 2239 2241 891 926 
1565 918 2239 926 882 
1566 934 2244 2242 2243 
1567 2244 936 955 2242 
1568 2242 955 90 944 
1569 2243 2242 944 885 
1570 870 2246 2245 2232 
1571 2246 934 2243 2245 
1572 2245 2243 885 938 
1573 2232 2245 938 280 
1574 941 966 2247 2248 
1575 966 393 979 2247 
1576 2247 979 342 2249 
1577 2248 2247 2249 537 
1578 886 953 2250 2251 
1579 953 941 2248 2250 
1580 2250 2248 537 2252 
1581 2251 2250 2252 281 
1582 947 2254 2253 957 
1583 2254 949 2255 2253 
1584 2253 2255 343 964 
1585 957 2253 964 942 
1586 949 2257 2256 2255 
1587 2257 967 2258 2256 
1588 2256 2258 394 971 
1589 2255 2256 971 343 
1590 393 990 2259 2260 
1591 990 973 995 2259 
1592 2259 995 978 2261 
1593 2260 2259 2261 979 
1594 1025 1036 2262 2263 
1595 2263 2262 2264 1027 
1596 1026 1058 2265 2266 
1597 1058 1025 2263 2265 
1598 2265 2263 1027 2267 
1599 2266 2265 2267 614 
1600 1029 1044 2268 2269 
1601 1044 1028 1579 2268 
1602 2268 1579 1032 2270 
1603 2269 2268 2270 1019 
1604 660 1905 2273 1097 
1605 1905 407 2274 2273 
1606 2273 2274 1064 2275 
1607 1097 2273 2275 1063 
1608 1047 2277 2276 1651 
1609 2277 560 2278 2276 
1610 2276 2278 1070 1756 
1611 1651 2276 1756 1069 
1612 1073 1674 2279 2280 
1613 1674 1072 1661 2279 
1614 2279 1661 1076 2281 
1615 2280 2279 2281 1059 
1616 1059 2281 2282 2283 
1617 2281 1076 1717 2282 
1618 2282 1717 1093 2284 
1619 2283 2282 2284 1094 
1620 1094 2284 2285 2286 
1621 2284 1093 1789 2285 
1622 2285 1789 1095 2287 
1623 2286 2285 2287 1062 
1624 406 1797 2288 1101 
1625 1797 1068 2289 2288 
1626 2288 2289 1096 2290 
1627 1101 2288 2290 1079 
1628 1084 1840 2291 1850 
1629 1840 406 2292 2291 
1630 2291 2292 1101 2293 
1631 1850 2291 2293 1099 
1632 1104 1862 2294 1328 
1633 1862 1103 1853 2294 
1634 2294 1853 1107 2295 
1635 1328 2294 2295 1017 
1636 446 2297 2296 1164 
1637 2297 1108 1189 2296 
1638 2296 1189 1111 1219 
1639 1164 2296 1219 431 
1640 462 2299 2298 1133 
1641 2299 1112 2300 2298 
1642 2298 2300 1115 1168 
1643 1133 2298 1168 443 
1644 291 1120 2301 2302 
1645 2301 1375 1116 2303 
1646 2302 2301 2303 497 
1647 414 1126 2304 2305 
1648 1126 435 1230 2304 
1649 2304 1230 1121 2306 
1650 2305 2304 2306 505 
1651 447 1165 2307 2308 
1652 1165 431 1218 2307 
1653 2307 1218 1125 2309 
1654 2308 2307 2309 1124 
1655 444 2107 2310 2127 
1656 2107 463 2311 2310 
1657 2310 2311 1127 2312 
1658 2127 2310 2312 521 
1659 463 1134 2313 2311 
1660 1134 443 1167 2313 
1661 2313 1167 1128 2314 
1662 2311 2313 2314 1127 
1663 1125 1220 2315 2316 
1664 1220 1171 1234 2315 
1665 2315 1234 1173 2317 
1666 2316 2315 2317 435 
1667 424 1180 2318 1231 
1668 1180 579 2319 2318 
1669 2318 2319 1174 2320 
1670 1231 2318 2320 1122 
1671 579 2154 2321 2319 
1672 2154 426 2322 2321 
1673 2321 2322 1175 2323 
1674 2319 2321 2323 1174 
1675 1172 1195 2324 1235 
1676 1195 1177 2325 2324 
1677 2324 2325 1180 2326 
1678 1235 2324 2326 424 
1679 1182 1224 2327 2328 
1680 1224 1181 1238 2327 
1681 2327 1238 1185 2329 
1682 2328 2327 2329 1171 
1683 1189 2332 2330 2331 
1684 2332 1188 1205 2330 
1685 2330 1205 1183 1223 
1686 2331 2330 1223 1111 
1687 1184 1211 2333 1239 
1688 1211 1192 2334 2333 
1689 2333 2334 1195 2335 
1690 1239 2333 2335 1172 
1691 1205 2338 2336 2337 
1692 2338 1204 1261 2336 
1693 2336 1261 1198 1227 
1694 2337 2336 1227 1183 
1695 1227 2341 2339 2340 
1696 2341 1198 1265 2339 
1697 2339 1265 1213 1255 
1698 2340 2339 1255 1225 
1699 561 1290 2342 2343 
1700 1290 1092 1304 2342 
1701 2342 1304 1276 2344 
1702 2343 2342 2344 1277 
1703 1091 2346 2345 1362 
1704 2346 1289 1340 2345 
1705 2345 1340 1287 2347 
1706 1362 2345 2347 1288 
1707 1287 1342 2348 2349 
1708 1342 1280 1308 2348 
1709 2348 1308 1092 2350 
1710 2349 2348 2350 1290 
1711 1288 2347 2351 2352 
1712 2347 1287 2349 2351 
1713 2351 2349 1290 2353 
1714 2352 2351 2353 561 
1715 1062 2287 2354 2355 
1716 2287 1095 2356 2354 
1717 2354 2356 1291 1321 
1718 2355 2354 1321 1292 
1719 1090 2362 2360 2361 
1720 2362 1296 1324 2360 
1721 2360 1324 1294 1345 
1722 2361 2360 1345 1295 
1723 1281 2364 2363 1326 
1724 2364 1300 2365 2363 
1725 2363 2365 1299 1331 
1726 1326 2363 1331 1297 
1727 1316 2368 2366 2367 
1728 2368 1292 1320 2366 
1729 2366 1320 1090 1341 
1730 2367 2366 1341 1289 
1731 1317 2371 2369 2370 
1732 2371 1316 2367 2369 
1733 2369 2367 1289 2346 
1734 2370 2369 2346 1091 
1735 1024 1373 2372 1415 
1736 1373 1286 2373 2372 
1737 2372 2373 1347 2374 
1738 1415 2372 2374 1348 
1739 1286 1353 2375 2373 
1740 1353 561 2343 2375 
1741 2375 2343 1277 2376 
1742 2373 2375 2376 1347 
1743 1350 1363 2377 2378 
1744 1363 1288 2352 2377 
1745 2377 2352 561 2379 
1746 2378 2377 2379 1353 
1747 1027 2264 2380 2381 
1748 2381 2380 2382 1354 
1749 1354 2382 2383 2384 
1750 2384 2383 1358 1285 
1751 1355 2387 2385 2386 
1752 2387 1354 2384 2385 
1753 2385 2384 1285 1386 
1754 2386 2385 1386 1022 
1755 1356 2390 2388 2389 
1756 2390 1317 2370 2388 
1757 2388 2370 1091 1361 
1758 2389 2388 1361 1352 
1759 565 2143 2391 2392 
1760 2143 410 1393 2391 
1761 2391 1393 1023 1403 
1762 2392 2391 1403 1364 
1763 1023 2395 2393 2394 
1764 2395 1368 1395 2393 
1765 2393 1395 1366 1407 
1766 2394 2393 1407 1367 
1767 1371 1391 2396 1419 
1768 1391 1370 2397 2396 
1769 2396 2397 1373 2398 
1770 1419 2396 2398 1024 
1771 1365 1404 2399 2400 
1772 1404 292 1378 2399 
1773 2399 1378 1274 2401 
1774 2400 2399 2401 1374 
1775 292 1408 2402 2403 
1776 1408 1369 1414 2402 
1777 2402 1414 1377 2404 
1778 2403 2402 2404 1378 
1779 1385 2406 2405 1436 
1780 2406 1384 2407 2405 
1781 2405 2407 1372 1389 
1782 1436 2405 1389 1284 
1783 1392 2410 2408 2409 
1784 2410 1355 2386 2408 
1785 2408 2386 1022 1396 
1786 2409 2408 1396 1368 
1787 1393 2413 2411 2412 
1788 2413 1392 2409 2411 
1789 2411 2409 1368 2395 
1790 2412 2411 2395 1023 
1791 1395 2416 2414 2415 
1792 2416 1394 1434 2414 
1793 2414 1434 1382 1411 
1794 2415 2414 1411 1366 
1795 1411 2419 2417 2418 
1796 2419 1382 1438 2417 
1797 2417 1438 1398 1431 
1798 2418 2417 1431 1409 
1799 50 2421 2420 2179 
1800 2421 1447 2422 2420 
1801 2420 2422 1446 1907 
1802 2179 2420 1907 659 
1803 1447 2424 2423 2422 
1804 2424 646 2425 2423 
1805 2423 2425 1448 1899 
1806 2422 2423 1899 1446 
1807 1450 2427 2426 1464 
1808 2427 1452 2428 2426 
1809 2426 2428 661 1563 
1810 1464 2426 1563 1049 
1811 1453 1470 2429 2430 
1812 1470 1456 2431 2429 
1813 2429 2431 675 1603 
1814 2430 2429 1603 1457 
1815 1454 1497 2432 2433 
1816 1497 1453 2430 2432 
1817 2432 2430 1457 2434 
1818 2433 2432 2434 1030 
1819 1456 1483 2435 2431 
1820 1483 1462 2436 2435 
1821 2435 2436 1465 1556 
1822 2431 2435 1556 675 
1823 689 2438 2437 2191 
1824 2438 1471 2439 2437 
1825 2437 2439 1451 1474 
1826 2191 2437 1474 672 
1827 698 2202 2440 2441 
1828 2202 673 1515 2440 
1829 2440 1515 1038 2442 
1830 2441 2440 2442 1489 
1831 1489 2442 2443 2444 
1832 2442 1038 1492 2443 
1833 2443 1492 613 2445 
1834 2444 2443 2445 1035 
1835 1520 2448 2446 2447 
1836 2448 1506 1528 2446 
1837 2446 1528 1468 1525 
1838 2447 2446 1525 1500 
1839 1030 2434 2449 2450 
1840 2434 1457 1602 2449 
1841 2449 1602 1540 2451 
1842 2450 2449 2451 1043 
1843 1043 2451 2452 2453 
1844 2451 1540 1582 2452 
1845 2452 1582 1541 2454 
1846 2453 2452 2454 1028 
1847 1539 1569 2455 2456 
1848 1569 1048 2457 2455 
1849 2455 2457 1547 1629 
1850 2456 2455 1629 1545 
1851 1032 1580 2458 2459 
1852 1580 1018 1624 2458 
1853 2458 1624 1543 2460 
1854 2459 2458 2460 1575 
1855 1575 2460 2461 2462 
1856 2460 1543 1641 2461 
1857 2461 1641 1021 2463 
1858 2462 2461 2463 1577 
1859 1604 2466 2464 2465 
1860 2466 1593 1612 2464 
1861 2464 1612 1551 1609 
1862 2465 2464 1609 1587 
1863 1544 2468 2467 1638 
1864 2468 1632 2469 2467 
1865 2467 2469 1634 1657 
1866 1650 2471 2470 1680 
1867 2471 1651 2472 2470 
1868 2470 2472 1069 1760 
1869 1680 2470 1760 1087 
1870 1074 2475 2473 2474 
1871 2475 1639 1692 2473 
1872 2473 1692 1652 1677 
1873 2474 2473 1677 1653 
1874 663 2477 2476 1694 
1875 2477 1657 2478 2476 
1876 2476 2478 1656 1700 
1877 1694 2476 1700 1654 
1878 1072 1678 2479 2480 
1879 1678 1655 1683 2479 
1880 2479 1683 1660 2481 
1881 2480 2479 2481 1661 
1882 1660 1685 2482 2483 
1883 1685 1662 1744 2482 
1884 2482 1744 1061 1726 
1885 2483 2482 1726 1663 
1886 1661 2481 2484 2485 
1887 2481 1660 2483 2484 
1888 2484 2483 1663 2486 
1889 2485 2484 2486 1076 
1890 1666 2488 2487 1698 
1891 2488 1654 2489 2487 
1892 2487 2489 1667 1704 
1893 1698 2487 1704 1664 
1894 1577 2463 2490 2491 
1895 2463 1021 1673 2490 
1896 2490 1673 1073 2492 
1897 2491 2490 2492 1669 
1898 1669 2492 2493 2494 
1899 2492 1073 2280 2493 
1900 2493 2280 1059 2495 
1901 2494 2493 2495 1671 
1902 1075 1702 2496 1684 
1903 1702 1659 2497 2496 
1904 2496 2497 1679 1745 
1905 1684 2496 1745 1662 
1906 1679 2499 2498 1746 
1907 2499 1680 2500 2498 
1908 2498 2500 1087 1764 
1909 1746 2498 1764 1681 
1910 1712 1766 2501 1736 
1911 1766 1714 2502 2501 
1912 2501 2502 1085 2503 
1913 1736 2501 2503 1715 
1914 1076 2486 2504 2505 
1915 2486 1663 1725 2504 
1916 2504 1725 1716 2506 
1917 2505 2504 2506 1717 
1918 1716 1727 2507 2508 
1919 1727 1713 1735 2507 
1920 2507 1735 1086 2509 
1921 2508 2507 2509 1718 
1922 1717 2506 2510 2511 
1923 2506 1716 2508 2510 
1924 2510 2508 1718 2512 
1925 2511 2510 2512 1093 
1926 1721 2514 2513 1750 
1927 2514 1681 2515 2513 
1928 2513 2515 1722 1768 
1929 1750 2513 1768 1719 
1930 1086 1737 2516 2517 
1931 1737 1715 2518 2516 
1932 2516 2518 1730 1793 
1933 2517 2516 1793 1731 
1934 1715 2503 2519 2518 
1935 2503 1085 2520 2519 
1936 2519 2520 1732 1785 
1937 2518 2519 1785 1730 
1938 1014 1794 2521 2522 
1939 1794 1733 1805 2521 
1940 2521 1805 1779 2523 
1941 2522 2521 2523 1780 
1942 1779 1807 2524 2525 
1943 1807 1781 1830 2524 
1944 2524 1830 1728 1827 
1945 2525 2524 1827 1782 
1946 1780 2523 2526 2527 
1947 2523 1779 2525 2526 
1948 2526 2525 1782 2528 
1949 2527 2526 2528 1293 
1950 1718 2509 2529 2530 
1951 2509 1086 2517 2529 
1952 2529 2517 1731 2531 
1953 2530 2529 2531 1788 
1954 1788 2531 2532 2533 
1955 2531 1731 1792 2532 
1956 2532 1792 1014 2534 
1957 2533 2532 2534 1790 
1958 1729 2536 2535 1815 
1959 2536 1798 2537 2535 
1960 2535 2537 1800 1846 
1961 1815 2535 1846 1081 
1962 1089 2539 2538 1806 
1963 2539 1778 2540 2538 
1964 2538 2540 1801 1831 
1965 1806 2538 1831 1781 
1966 1293 2528 2541 2542 
1967 2528 1782 1826 2541 
1968 2541 1826 1817 2543 
1969 2542 2541 2543 1818 
1970 1106 1848 2544 1854 
1971 1848 1838 2545 2544 
1972 2544 2545 1840 2546 
1973 1854 2544 2546 1084 
1974 1105 2549 2547 2548 
1975 2549 1816 1868 2547 
1976 2547 1868 1841 1865 
1977 2548 2547 1865 1842 
1978 643 2551 2550 2173 
1979 2551 645 2552 2550 
1980 2550 2552 383 1885 
1981 646 2554 2553 2425 
1982 2554 1885 2555 2553 
1983 2553 2555 1884 1922 
1984 2425 2553 1922 1448 
1985 1885 2557 2556 2555 
1986 2557 383 2558 2556 
1987 2556 2558 1886 1936 
1988 2555 2556 1936 1884 
1989 407 1908 2559 2274 
1990 1908 1449 1913 2559 
1991 2559 1913 1894 2560 
1992 2274 2559 2560 1064 
1993 655 1924 2561 1914 
1994 1924 1887 1946 2561 
1995 2561 1946 1909 2562 
1996 1914 2561 2562 1895 
1997 645 2564 2563 2552 
1998 2564 1928 2565 2563 
1999 2563 2565 1881 1932 
2000 2552 2563 1932 383 
2001 101 159 2566 2567 
2002 159 103 2018 2566 
2003 2566 2018 75 2568 
2004 2567 2566 2568 104 
2005 102 199 2569 2570 
2006 199 101 2567 2569 
2007 2569 2567 104 2571 
2008 2570 2569 2571 76 
2009 83 163 2572 2573 
2010 163 109 2021 2572 
2011 2572 2021 156 2574 
2012 2573 2572 2574 157 
2013 106 168 2575 2576 
2014 168 142 2024 2575 
2015 2575 2024 160 2577 
2016 2576 2575 2577 161 
2017 160 2025 2578 2579 
2018 2025 162 2040 2578 
2019 2578 2040 109 2580 
2020 2579 2578 2580 163 
2021 161 2577 2581 2582 
2022 2577 160 2579 2581 
2023 2581 2579 163 2583 
2024 2582 2581 2583 83 
2025 117 202 2584 2585 
2026 202 83 2573 2584 
2027 2584 2573 157 2586 
2028 2585 2584 2586 197 
2029 149 206 2587 2588 
2030 206 106 2576 2587 
2031 2587 2576 161 2589 
2032 2588 2587 2589 200 
2033 200 2589 2590 2591 
2034 2589 161 2582 2590 
2035 2590 2582 83 2592 
2036 2591 2590 2592 202 
2037 240 290 2593 2043 
2038 290 242 2051 2593 
2039 2593 2051 177 2594 
2040 2043 2593 2594 243 
2041 243 2594 2595 2046 
2042 2594 177 2596 2595 
2043 2595 2596 253 2597 
2044 2046 2595 2597 252 
2045 252 2597 2598 273 
2046 2597 253 2599 2598 
2047 2598 2599 180 2600 
2048 273 2598 2600 254 
2049 259 2603 2601 2602 
2050 2603 261 2057 2601 
2051 2601 2057 178 288 
2052 2602 2601 288 241 
2053 239 2606 2604 2605 
2054 2606 259 2602 2604 
2055 2604 2602 241 263 
2056 2605 2604 263 82 
2057 294 336 2607 2608 
2058 336 295 2063 2607 
2059 2607 2063 154 2609 
2060 2608 2607 2609 296 
2061 250 321 2610 2611 
2062 321 294 2608 2610 
2063 2610 2608 296 2612 
2064 2611 2610 2612 153 
2065 177 2052 2613 2596 
2066 2052 286 2614 2613 
2067 2613 2614 316 2615 
2068 2596 2613 2615 253 
2069 286 897 2616 2614 
2070 897 179 2617 2616 
2071 2616 2617 317 2618 
2072 2614 2616 2618 316 
2073 316 2618 2619 2620 
2074 2618 317 2621 2619 
2075 2619 2621 91 324 
2076 2620 2619 324 298 
2077 253 2615 2622 2599 
2078 2615 316 2620 2622 
2079 2622 2620 298 2623 
2080 2599 2622 2623 180 
2081 179 878 2624 2617 
2082 878 310 2625 2624 
2083 2624 2625 327 2626 
2084 2617 2624 2626 317 
2085 310 921 2627 2625 
2086 921 279 2628 2627 
2087 2627 2628 328 2629 
2088 2625 2627 2629 327 
2089 327 2629 2630 2631 
2090 2629 328 2632 2630 
2091 2630 2632 282 339 
2092 2631 2630 339 319 
2093 317 2626 2633 2621 
2094 2626 327 2631 2633 
2095 2633 2631 319 2060 
2096 2621 2633 2060 91 
2097 279 2238 2634 2628 
2098 2238 346 2635 2634 
2099 2634 2635 345 2636 
2100 2628 2634 2636 328 
2101 328 2636 2637 2632 
2102 2636 345 2638 2637 
2103 2637 2638 334 2066 
2104 2632 2637 2066 282 
2105 456 2640 2639 2113 
2106 2640 455 2641 2639 
2107 2639 2641 445 461 
2108 2113 2639 461 278 
2109 278 2643 2642 2122 
2110 2643 461 2644 2642 
2111 2642 2644 459 2106 
2112 2122 2642 2106 460 
2113 461 2646 2645 2644 
2114 2646 445 2647 2645 
2115 2645 2647 462 1132 
2116 2644 2645 1132 459 
2117 332 502 2648 2649 
2118 502 291 2302 2648 
2119 2648 2302 497 2650 
2120 2649 2648 2650 495 
2121 438 510 2651 2652 
2122 510 414 2305 2651 
2123 2651 2305 505 2653 
2124 2652 2651 2653 503 
2125 537 2249 2654 2655 
2126 2249 342 2089 2654 
2127 2654 2089 417 2656 
2128 2655 2654 2656 536 
2129 536 2656 2657 2658 
2130 2656 417 539 2657 
2131 2657 539 330 2659 
2132 2658 2657 2659 349 
2133 552 2661 2660 2137 
2134 2661 554 2662 2660 
2135 2660 2662 277 2081 
2136 275 2664 2663 976 
2137 2664 556 2665 2663 
2138 2663 2665 555 2139 
2139 976 2663 2139 395 
2140 555 2667 2666 2140 
2141 2667 557 2668 2666 
2142 2666 2668 388 2097 
2143 2140 2666 2097 429 
2144 574 2157 2669 587 
2145 2157 563 2169 2669 
2146 2669 2169 575 2670 
2147 587 2669 2670 572 
2148 573 588 2671 2153 
2149 588 572 2672 2671 
2150 2671 2672 576 2673 
2151 2153 2671 2673 426 
2152 86 2675 2674 2079 
2153 2675 644 2676 2674 
2154 2674 2676 643 2172 
2155 2079 2674 2172 386 
2156 644 2678 2677 2676 
2157 2678 380 2679 2677 
2158 2677 2679 645 2551 
2159 2676 2677 2551 643 
2160 647 2681 2680 748 
2161 2681 649 2682 2680 
2162 2680 2682 50 2178 
2163 748 2680 2178 650 
2164 607 2685 2683 2684 
2165 2685 671 697 2683 
2166 2683 697 681 2185 
2167 2684 2683 2185 632 
2168 554 2687 2686 2662 
2169 2687 706 2688 2686 
2170 2686 2688 567 732 
2171 2662 2686 732 277 
2172 845 2227 2689 2229 
2173 2227 846 2690 2689 
2174 2689 2690 662 2691 
2175 2229 2689 2691 847 
2176 884 946 2692 2237 
2177 946 886 2251 2692 
2178 2692 2251 281 2693 
2179 2237 2692 2693 346 
2180 967 2695 2694 2258 
2181 2695 969 2696 2694 
2182 2694 2696 275 975 
2183 2258 2694 975 394 
2184 1035 2445 2697 2698 
2185 2445 613 1041 2697 
2186 2697 1041 1029 2699 
2187 2698 2697 2699 1033 
2188 1033 2699 2700 2701 
2189 2699 1029 2269 2700 
2190 2700 2269 1019 2702 
2191 2701 2700 2702 1036 
2192 847 2691 2703 1560 
2193 2691 662 2704 2703 
2194 2703 2704 1046 2705 
2195 1560 2703 2705 1045 
2196 1045 2705 2706 1633 
2197 2705 1046 2707 2706 
2198 2706 2707 560 2277 
2199 1633 2706 2277 1047 
2200 433 2709 2708 1114 
2201 2709 1109 2710 2708 
2202 2708 2710 1108 2297 
2203 1114 2708 2297 446 
2204 1109 2712 2711 2710 
2205 2712 425 2713 2711 
2206 2711 2713 1110 1190 
2207 2710 2711 1190 1108 
2208 455 2715 2714 2641 
2209 2715 458 2716 2714 
2210 2714 2716 433 1113 
2211 2641 2714 1113 445 
2212 445 2718 2717 2647 
2213 2718 1113 2719 2717 
2214 2717 2719 1112 2299 
2215 2647 2717 2299 462 
2216 432 1129 2720 2721 
2217 1129 447 2308 2720 
2218 2720 2308 1124 2722 
2219 2721 2720 2722 509 
2220 1124 2309 2723 2724 
2221 2309 1125 2316 2723 
2222 2723 2316 435 2725 
2223 2724 2723 2725 1126 
2224 509 2722 2726 2727 
2225 2722 1124 2724 2726 
2226 2726 2724 1126 2728 
2227 2727 2726 2728 414 
2228 425 2730 2729 2713 
2229 2730 1187 2731 2729 
2230 2729 2731 1186 1202 
2231 2713 2729 1202 1110 
2232 1318 2734 2732 2733 
2233 2734 1062 2355 2732 
2234 2732 2355 1292 2368 
2235 2733 2732 2368 1316 
2236 614 2267 2735 2736 
2237 2267 1027 2381 2735 
2238 2735 2381 1354 2387 
2239 2736 2735 2387 1355 
2240 409 2145 2737 2738 
2241 2145 565 2392 2737 
2242 2737 2392 1364 2739 
2243 2738 2737 2739 1119 
2244 1119 2739 2740 2741 
2245 2739 1364 1402 2740 
2246 2740 1402 1365 2742 
2247 2741 2740 2742 411 
2248 411 2742 2743 2744 
2249 2742 1365 2400 2743 
2250 2743 2400 1374 2745 
2251 2744 2743 2745 1375 
2252 1054 2748 2746 2747 
2253 2748 614 2736 2746 
2254 2746 2736 1355 2410 
2255 2747 2746 2410 1392 
2256 1451 2750 2749 1475 
2257 2750 674 2751 2749 
2258 2749 2751 1452 2427 
2259 1475 2749 2427 1450 
2260 1462 2753 2752 2436 
2261 2753 1464 2754 2752 
2262 2752 2754 1049 1590 
2263 2436 2752 1590 1465 
2264 668 2756 2755 2187 
2265 2756 757 2757 2755 
2266 2755 2757 1471 2438 
2267 2187 2755 2438 689 
2268 1471 2759 2758 2439 
2269 2759 1472 2760 2758 
2270 2758 2760 674 2750 
2271 2439 2758 2750 1451 
2272 1031 1553 2761 2762 
2273 1553 1539 2456 2761 
2274 2761 2456 1545 2763 
2275 2762 2761 2763 1546 
2276 1546 2763 2764 2765 
2277 2763 1545 1628 2764 
2278 2764 1628 1548 2766 
2279 2765 2764 2766 1018 
2280 1019 2270 2767 2768 
2281 2270 1032 2459 2767 
2282 2767 2459 1575 2769 
2283 2768 2767 2769 1576 
2284 1576 2769 2770 2771 
2285 2769 1575 2462 2770 
2286 2770 2462 1577 2772 
2287 2771 2770 2772 558 
2288 1541 1584 2773 2774 
2289 1584 1031 2762 2773 
2290 2773 2762 1546 2775 
2291 2774 2773 2775 1578 
2292 1578 2775 2776 2777 
2293 2775 1546 2765 2776 
2294 2776 2765 1018 2778 
2295 2777 2776 2778 1580 
2296 1020 2780 2779 1644 
2297 2780 1561 2781 2779 
2298 2779 2781 1632 2468 
2299 1644 2779 2468 1544 
2300 1636 1649 2782 2783 
2301 1649 1635 2784 2782 
2302 2782 2784 1639 2475 
2303 2783 2782 2475 1074 
2304 1634 2786 2785 1658 
2305 2786 1047 2787 2785 
2306 2785 2787 1651 2471 
2307 1658 2785 2471 1650 
2308 558 2772 2788 2789 
2309 2772 1577 2491 2788 
2310 2788 2491 1669 2790 
2311 2789 2788 2790 1670 
2312 1670 2790 2791 2792 
2313 2790 1669 2494 2791 
2314 2791 2494 1671 2793 
2315 2792 2791 2793 1060 
2316 1659 2795 2794 2497 
2317 2795 1650 2796 2794 
2318 2794 2796 1680 2499 
2319 2497 2794 2499 1679 
2320 1732 2798 2797 1786 
2321 2798 1776 2799 2797 
2322 2797 2799 1778 2539 
2323 1786 2797 2539 1089 
2324 1093 2512 2800 2801 
2325 2512 1718 2530 2800 
2326 2800 2530 1788 2802 
2327 2801 2800 2802 1789 
2328 1789 2802 2803 2804 
2329 2802 1788 2533 2803 
2330 2803 2533 1790 2805 
2331 2804 2803 2805 1095 
2332 1071 2807 2806 1802 
2333 2807 1758 2808 2806 
2334 2806 2808 1798 2536 
2335 1802 2806 2536 1729 
2336 1814 1824 2809 2810 
2337 1824 1813 2811 2809 
2338 2809 2811 1816 2549 
2339 2810 2809 2549 1105 
2340 1817 1828 2812 2813 
2341 1828 1814 2810 2812 
2342 2812 2810 1105 2814 
2343 2813 2812 2814 1819 
2344 1818 2543 2815 2816 
2345 2543 1817 2813 2815 
2346 2815 2813 1819 2817 
2347 2816 2815 2817 1082 
2348 1819 2814 2818 2819 
2349 2814 1105 2548 2818 
2350 2818 2548 1842 2820 
2351 2819 2818 2820 1861 
2352 1861 2820 2821 2822 
2353 2820 1842 1864 2821 
2354 2821 1864 1103 2823 
2355 2822 2821 2823 1862 
2356 380 2825 2824 2679 
2357 2825 1929 2826 2824 
2358 2824 2826 1928 2564 
2359 2679 2824 2564 645 
2360 557 2828 2827 2668 
2361 2828 2080 2829 2827 
2362 2827 2829 570 2147 
2363 2668 2827 2147 388 
2364 458 2831 2830 2716 
2365 2831 2102 2832 2830 
2366 2830 2832 1109 2709 
2367 2716 2830 2709 433 
2368 969 2834 2833 2696 
2369 2834 2135 2835 2833 
2370 2833 2835 556 2664 
2371 2696 2833 2664 275 
2372 426 2673 2836 2322 
2373 2673 576 2837 2836 
2374 2836 2837 2144 2838 
2375 2322 2836 2838 1175 
2376 649 2840 2839 2682 
2377 2840 2171 2841 2839 
2378 2839 2841 1447 2421 
2379 2682 2839 2421 50 
2380 1036 2702 2842 2843 
2381 2702 1019 2768 2842 
2382 2842 2768 1576 2844 
2383 2843 2842 2844 2262 
2384 2262 2844 2845 2846 
2385 2844 1576 2771 2845 
2386 2845 2771 558 2847 
2387 2846 2845 2847 2264 
2388 1671 2495 2848 2849 
2389 2495 1059 2283 2848 
2390 2848 2283 1094 2850 
2391 2849 2848 2850 2271 
2392 2271 2850 2851 2852 
2393 2850 1094 2286 2851 
2394 2851 2286 1062 2734 
2395 2852 2851 2734 1318 
2396 1790 2534 2853 2854 
2397 2534 1014 2522 2853 
2398 2853 2522 1780 2855 
2399 2854 2853 2855 2357 
2400 2357 2855 2856 2857 
2401 2855 1780 2527 2856 
2402 2856 2527 1293 2858 
2403 2857 2856 2858 2358 
2404 2358 2858 2859 2860 
2405 2858 1293 2542 2859 
2406 2859 2542 1818 2861 
2407 2860 2859 2861 2359 
2408 2359 2861 2862 2863 
2409 2861 1818 2816 2862 
2410 2862 2816 1082 2864 
2411 2863 2862 2864 1300 
2412 1322 2867 2865 2866 
2413 2867 2359 2863 2865 
2414 2865 2863 1300 2364 
2415 2866 2865 2364 1281 
2416 2264 2847 2868 2869 
2417 2847 558 2789 2868 
2418 2868 2789 1670 2870 
2419 2869 2868 2870 2380 
2420 2380 2870 2871 2872 
2421 2870 1670 2792 2871 
2422 2871 2792 1060 2873 
2423 2872 2871 2873 2382 
2424 237 2876 2874 2875 
2425 2876 239 2605 2874 
2426 2874 2605 82 246 
2427 2875 2874 246 182 
2428 172 2879 2877 2878 
2429 2879 237 2875 2877 
2430 2877 2875 182 2030 
2431 2878 2877 2030 107 
2432 249 300 2880 2881 
2433 300 250 2611 2880 
2434 2880 2611 153 2882 
2435 2881 2880 2882 251 
2436 158 269 2883 2884 
2437 269 249 2881 2883 
2438 2883 2881 251 2885 
2439 2884 2883 2885 103 
2440 180 2623 2886 2887 
2441 2623 298 323 2886 
2442 2886 323 297 2888 
2443 2887 2886 2888 268 
2444 346 2693 2889 2635 
2445 2693 281 2890 2889 
2446 2889 2890 347 2891 
2447 2635 2889 2891 345 
2448 345 2891 2892 2638 
2449 2891 347 2893 2892 
2450 2892 2893 5 354 
2451 2638 2892 354 334 
2452 349 2659 2894 2895 
2453 2659 330 420 2894 
2454 2894 420 350 2896 
2455 2895 2894 2896 348 
2456 348 2896 2897 2898 
2457 2896 350 2086 2897 
2458 2897 2086 329 2899 
2459 2898 2897 2899 351 
2460 154 2064 2900 2901 
2461 2064 332 2649 2900 
2462 2900 2649 495 2902 
2463 2901 2900 2902 496 
2464 412 2101 2903 2904 
2465 2101 438 2652 2903 
2466 2903 2652 503 2905 
2467 2904 2903 2905 504 
2468 454 522 2906 2907 
2469 522 432 2721 2906 
2470 2906 2721 509 2908 
2471 2907 2906 2908 507 
2472 507 2908 2909 2910 
2473 2908 509 2727 2909 
2474 2909 2727 414 2911 
2475 2910 2909 2911 510 
2476 281 2252 2912 2890 
2477 2252 537 2655 2912 
2478 2912 2655 536 2913 
2479 2890 2912 2913 347 
2480 347 2913 2914 2893 
2481 2913 536 2658 2914 
2482 2914 2658 349 2915 
2483 2893 2914 2915 5 
2484 556 2917 2916 2665 
2485 2917 389 2918 2916 
2486 2916 2918 557 2667 
2487 2665 2916 2667 555 
2488 572 2670 2919 2672 
2489 2670 575 2920 2919 
2490 2919 2920 562 2921 
2491 2672 2919 2921 576 
2492 575 2170 2922 2920 
2493 2170 619 2923 2922 
2494 2922 2923 621 2924 
2495 2920 2922 2924 562 
2496 618 2926 2925 1005 
2497 2926 607 2684 2925 
2498 2925 2684 632 2927 
2499 1005 2925 2927 631 
2500 631 2927 2928 2929 
2501 2927 632 2184 2928 
2502 2928 2184 612 2930 
2503 2929 2928 2930 633 
2504 620 1006 2931 2932 
2505 1006 631 2929 2931 
2506 2931 2929 633 2933 
2507 2932 2931 2933 564 
2508 648 2935 2934 2176 
2509 2935 386 2936 2934 
2510 2934 2936 649 2681 
2511 2176 2934 2681 647 
2512 617 2939 2937 2938 
2513 2939 669 684 2937 
2514 2937 684 671 2685 
2515 2938 2937 2685 607 
2516 706 2941 2940 2688 
2517 2941 708 2942 2940 
2518 2940 2942 384 711 
2519 2688 2940 711 567 
2520 679 2944 2943 760 
2521 2944 754 2945 2943 
2522 2943 2945 757 2756 
2523 760 2943 2756 668 
2524 633 2930 2946 2947 
2525 2930 612 1056 2946 
2526 2946 1056 1026 2948 
2527 2947 2946 2948 1052 
2528 1052 2948 2949 2950 
2529 2948 1026 2266 2949 
2530 2949 2266 614 2748 
2531 2950 2949 2748 1054 
2532 427 1176 2951 2952 
2533 1176 409 2738 2951 
2534 2951 2738 1119 2953 
2535 2952 2951 2953 1118 
2536 1118 2953 2954 2955 
2537 2953 1119 2741 2954 
2538 2954 2741 411 2956 
2539 2955 2954 2956 1120 
2540 1300 2864 2957 2365 
2541 2864 1082 2958 2957 
2542 2957 2958 1301 2959 
2543 2365 2957 2959 1299 
2544 1299 2959 2960 1332 
2545 2959 1301 2961 2960 
2546 2960 2961 1104 2962 
2547 1332 2960 2962 1302 
2548 1015 2965 2963 2964 
2549 2965 1318 2733 2963 
2550 2963 2733 1316 2371 
2551 2964 2963 2371 1317 
2552 1319 2968 2966 2967 
2553 2968 1322 2866 2966 
2554 2966 2866 1281 1325 
2555 2967 2966 1325 1296 
2556 1320 2971 2969 2970 
2557 2971 1319 2967 2969 
2558 2969 2967 1296 2362 
2559 2970 2969 2362 1090 
2560 1358 2974 2972 2973 
2561 2974 1015 2964 2972 
2562 2972 2964 1317 2390 
2563 2973 2972 2390 1356 
2564 410 2977 2975 2976 
2565 2977 1054 2747 2975 
2566 2975 2747 1392 2413 
2567 2976 2975 2413 1393 
2568 1463 2979 2978 1482 
2569 2979 1450 2980 2978 
2570 2978 2980 1464 2753 
2571 1482 2978 2753 1462 
2572 757 2982 2981 2757 
2573 2982 654 2983 2981 
2574 2981 2983 1472 2759 
2575 2757 2981 2759 1471 
2576 1473 2985 2984 1504 
2577 2985 1475 2986 2984 
2578 2984 2986 1450 2979 
2579 1504 2984 2979 1463 
2580 1050 2988 2987 1621 
2581 2988 1558 2989 2987 
2582 2987 2989 1561 2780 
2583 1621 2987 2780 1020 
2584 1028 2454 2990 2991 
2585 2454 1541 2774 2990 
2586 2990 2774 1578 2992 
2587 2991 2990 2992 1579 
2588 1579 2992 2993 2994 
2589 2992 1578 2777 2993 
2590 2993 2777 1580 2995 
2591 2994 2993 2995 1032 
2592 1632 2997 2996 2469 
2593 2997 1633 2998 2996 
2594 2996 2998 1047 2786 
2595 2469 2996 2786 1634 
2596 1635 3000 2999 2784 
2597 3000 1638 3001 2999 
2598 2999 3001 663 1693 
2599 2784 2999 1693 1639 
2600 1656 3003 3002 1701 
2601 3003 1658 3004 3002 
2602 3002 3004 1650 2795 
2603 1701 3002 2795 1659 
2604 1088 3006 3005 1777 
2605 3006 1755 3007 3005 
2606 3005 3007 1758 2807 
2607 1777 3005 2807 1071 
2608 1085 3009 3008 2520 
2609 3009 1762 3010 3008 
2610 3008 3010 1776 2798 
2611 2520 3008 2798 1732 
2612 1813 3012 3011 2811 
2613 3012 1815 3013 3011 
2614 3011 3013 1081 1869 
2615 2811 3011 1869 1816 
2616 1082 2817 3014 2958 
2617 2817 1819 2819 3014 
2618 3014 2819 1861 3015 
2619 2958 3014 3015 1301 
2620 1301 3015 3016 2961 
2621 3015 1861 2822 3016 
2622 3016 2822 1862 3017 
2623 2961 3016 3017 1104 
2624 296 2609 3018 3019 
2625 2609 154 2901 3018 
2626 3018 2901 496 3020 
2627 3019 3018 3020 2014 
2628 708 3022 3021 2942 
2629 3022 2077 3023 3021 
2630 3021 3023 648 2175 
2631 2942 3021 2175 384 
2632 389 3025 3024 2918 
2633 3025 2081 3026 3024 
2634 3024 3026 2080 2828 
2635 2918 3024 2828 557 
2636 2080 3028 3027 2829 
2637 3028 731 3029 3027 
2638 3027 3029 390 2150 
2639 2829 3027 2150 570 
2640 2102 3031 3030 2832 
2641 3031 2104 3032 3030 
2642 3030 3032 425 2712 
2643 2832 3030 2712 1109 
2644 2135 3034 3033 2835 
2645 3034 2137 3035 3033 
2646 3033 3035 389 2917 
2647 2835 3033 2917 556 
2648 576 2921 3036 2837 
2649 2921 562 3037 3036 
2650 3036 3037 2142 3038 
2651 2837 3036 3038 2144 
2652 2104 3040 3039 3032 
2653 3040 2161 3041 3039 
2654 3039 3041 1187 2730 
2655 3032 3039 2730 425 
2656 386 3043 3042 2936 
2657 3043 2172 3044 3042 
2658 3042 3044 2171 2840 
2659 2936 3042 2840 649 
2660 2171 3046 3045 2841 
2661 3046 2173 3047 3045 
2662 3045 3047 646 2424 
2663 2841 3045 2424 1447 
2664 1060 2793 3048 3049 
2665 2793 1671 2849 3048 
2666 3048 2849 2271 3050 
2667 3049 3048 3050 2272 
2668 2272 3050 3051 3052 
2669 3050 2271 2852 3051 
2670 3051 2852 1318 2965 
2671 3052 3051 2965 1015 
2672 1120 2956 3053 3054 
2673 2956 411 2744 3053 
2674 3053 2744 1375 3055 
2675 3054 3053 3055 2301 
2676 1095 2805 3056 3057 
2677 2805 1790 2854 3056 
2678 3056 2854 2357 3058 
2679 3057 3056 3058 2356 
2680 2356 3058 3059 3060 
2681 3058 2357 2857 3059 
2682 3059 2857 2358 3061 
2683 3060 3059 3061 1291 
2684 1291 3061 3062 3063 
2685 3061 2358 2860 3062 
2686 3062 2860 2359 2867 
2687 3063 3062 2867 1322 
2688 2382 2873 3064 3065 
2689 2873 1060 3049 3064 
2690 3064 3049 2272 3066 
2691 3065 3064 3066 2383 
2692 2383 3066 3067 3068 
2693 3066 2272 3052 3067 
2694 3067 3052 1015 2974 
2695 3068 3067 2974 1358 
2696 1638 3070 3069 3001 
2697 3070 2467 3071 3069 
2698 3069 3071 1657 2477 
2699 3001 3069 2477 663 
2700 2173 3073 3072 3047 
2701 3073 2550 3074 3072 
2702 3072 3074 1885 2554 
2703 3047 3072 2554 646 
2704 2137 3076 3075 3035 
2705 3076 2660 3077 3075 
2706 3075 3077 2081 3025 
2707 3035 3075 3025 389 
